chain_id,line_item_code,account,organization,first_edition,last_edition,classes,n_keys,keys_sha256,actuals_k,titles_by_edition,modern_title,title_jaccard,continuity,ruling,decision,left_ruling_reason,successor_code,successor_account,successor_evidence
0000000|0300D|,0000000,0300D,,2021,2023,H,3,f7120fbab2bcb561adda9993653bd3c7153d1a35d363baf2fa47b99db27cac47,1598,2021: Regional Center Procurement; 2022: Regional Center Procurement; 2023: Regional Center Procurement,,,2/2,R-DEC-ERA-HISTORY,history_only,,,,
000042|3020F|,000042,3020F,,2017,2023,R1,7,aa50e987a8e12269905afa8c2c2c54c87e772a58f8e9d0cef8fa902c3b51319c,4637,2017: Industr'l Preparedns/Pol Prevention; 2018: Industr'l Preparedns/Pol Prevention; 2019: Industr'l Preparedns/Pol Prevention; 2020: Industr'l Preparedns/Pol Prevention; 2021: Industr'l Preparedns/Pol Prevention; 2022: Industr'l Preparedns/Pol Prevention; 2023: Industr'l Preparedns/Pol Prevention,Industrial Preparedness/Pol Prevention,0.29,7/7,,,,,,
000071|3010F|,000071,3010F,,2017,2023,A1,7,e760fc3b8ae7a0a813393e8c044307112c36693886492d0cba3a08b96b543841,612443,2017: Aircraft Replacement Support Equip; 2018: Aircraft Replacement Support Equip; 2019: Aircraft Replacement Support Equip; 2020: Aircraft Replacement Support Equip; 2021: Aircraft Replacement Support Equip; 2022: Aircraft Replacement Support Equip; 2023: Aircraft Replacement Support Equip,Aircraft Replacement Support Equip,1.00,7/7,R-DEC-ERA-SAME,same_program,,,,
000073|3010F|,000073,3010F,,2017,2023,A1,7,46b7d849992ac7e2c175225bfc6d4a1d28ea52c82fc090793b385a435abb7c9a,138968,2017: Industrial Responsiveness; 2018: Industrial Responsiveness; 2019: Industrial Responsiveness; 2020: Industrial Responsiveness; 2021: Industrial Responsiveness; 2022: Industrial Responsiveness; 2023: Industrial Responsiveness,Industrial Responsiveness,1.00,6/7,R-DEC-ERA-SAME,same_program,,,,
000074|3010F|,000074,3010F,,2017,2023,A1,7,699f85938986a695aa12cf0ffe9bb165bb93e4306fb2f612b2db5afbd0da4666,607125,2017: War Consumables; 2018: War Consumables; 2019: War Consumables; 2020: War Consumables; 2021: War Consumables; 2022: War Consumables; 2023: War Consumables,War Consumables,1.00,6/7,R-DEC-ERA-SAME,same_program,,,,
000075|3010F|,000075,3010F,,2017,2023,A1,9,2fc1f8bf41246f811f70d0a9c78522f68e01775e71bac4c5c8174794605a88f6,8438064,2017: Other Production Charges; 2018: Other Production Charges; 2019: Other Production Charges; 2020: Other Production Charges; 2021: Other Production Charges; 2022: Other Production Charges; 2023: Other Production Charges,Other Production Charges,1.00,7/7,R-DEC-ERA-SAME,same_program,,,,
000079|3010F|,000079,3010F,,2023,2023,A1,1,72568a18f2f18d9f14d3d4267b5c1a02681d119f1f5d656c6f5205db9cbd458e,2,2023: Cancelled Acct Adjustments,Cancelled Acct Adjustments,1.00,1/1,R-DEC-ERA-SAME,same_program,,,,
0000M62550|2035A|,0000M62550,2035A,,2017,2021,H,5,bc52daea8ebfdb528be0344e9107a6be7f055ebaabfdc20117f8f85d79be0fee,11473,2017: M25 Stabilized Binocular; 2018: M25 Stabilized Binocular; 2019: M25 Stabilized Binocular; 2020: M25 Stabilized Binocular; 2021: M25 STABILIZED BINOCULAR,,,4/4,R-DEC-ERA-HISTORY,history_only,,,,
00098A|3020F|,00098A,3020F,,2020,2023,A1,4,e1123c703d17093c766662a70aa0e5b88cb7773c342fd2cf26a35853468e2bc7,27449,2020: Msl Sprs/Repair Parts (Initial); 2021: Msl Sprs/Repair Parts (Initial); 2022: Msl Sprs/Repair Parts (Initial); 2023: Msl Sprs/Repair Parts (Initial),Msl Sprs/Repair Parts (Initial),1.00,3/4,R-DEC-ERA-SAME,same_program,,,,
00098K|3020F|,00098K,3020F,,2021,2023,A1,3,af2b66e954225870c901d0cf0e698720402c0903226e656919b08812033ad52a,154849,2021: Msl Sprs/Repair Parts (Replen); 2022: Msl Sprs/Repair Parts (Replen); 2023: Msl Sprs/Repair Parts (Replen),Msl Sprs/Repair Parts (Replen),1.00,3/3,R-DEC-ERA-SAME,same_program,,,,
000999|3010F|,000999,3010F,,2017,2023,R3+A1,8,fcbd3bcea3181be0525e66ef7a9da3db568791ca5e77189570220c9e06e895fe,5725876,2017: Initial Spares/Repair Parts; 2018: Common Support Equipment | Initial Spares/Repair Parts; 2019: Initial Spares/Repair Parts; 2020: Initial Spares/Repair Parts; 2021: Initial Spares/Repair Parts; 2022: Initial Spares/Repair Parts; 2023: Initial Spares/Repair Parts,3010F: Initial Spares/Repair Parts; 3020F: Initial Spares/Repair Parts,0.00,7/7,owner-batch,,,,,
000999|3020F|,000999,3020F,,2017,2023,R3,6,e8de8364384f8eaaf3031c32a007c5b49e12a43f894bb39920c2bd9e240fbe63,290369,2017: Initial Spares/Repair Parts; 2018: Initial Spares/Repair Parts; 2019: Replen Spares/Repair Parts; 2021: Replen Spares/Repair Parts; 2022: Initial Spares/Repair Parts; 2023: Initial Spares/Repair Parts,3010F: Initial Spares/Repair Parts; 3020F: Initial Spares/Repair Parts,0.60,4/5,owner-batch,,,,,
00099K|3020F|,00099K,3020F,,2020,2020,H,1,82a32d77ec2ef74f01095b4f2d6782263b3602955ec1f431e65a5b3fc5c67fa9,82502,2020: Replen Spares/Repair Parts,,,0/0,R-DEC-ERA-HISTORY,history_only,,,,
00099L|3020F|,00099L,3020F,,2017,2023,A1,7,af28e2a876e243cdf1b48942a31f30569638f92af45a8f8d2080dd00c427594a,398526,2017: Missile Replacement Eq-Ballistic; 2018: Missile Replacement Eq-Ballistic; 2019: Missile Replacement Eq-Ballistic; 2020: Missile Replacement Eq-Ballistic; 2021: Missile Replacement Eq-Ballistic; 2022: Missile Replacement Eq-Ballistic; 2023: Missile Replacement Eq-Ballistic,Missile Replacement Eq-Ballistic,1.00,5/7,R-DEC-ERA-SAME,same_program,,,,
0013A01310|2031A|,0013A01310,2031A,,2020,2020,H,1,a9a6fd2fe3a1ac201157967c9df4b532c35d1db3c500df5b3eef507446b507ce,0,2020: Tactical Unmanned Aircraft System (TUAS),,,0/0,R-DEC-ERA-HISTORY,history_only,,,,
0017M80101|2035A|,0017M80101,2035A,,2017,2023,H,7,523e2c317bc7c71a47f9ef22120beb335634e77301377109fedcaf05667eb170,147169,2017: Rapid Equipping Soldier Support Equipment; 2018: Rapid Equipping Soldier Support Equipment; 2019: Rapid Equipping Soldier Support Equipment; 2020: Rapid Equipping Soldier Support Equipment; 2021: Rapid Equipping Soldier Support Equipment; 2022: Rapid Equipping Soldier Support Equipment; 2023: Rapid Equipping Soldier Support Equipment,,,5/6,R-DEC-ERA-HISTORY,history_only,,,,
0023A01001|2031A|,0023A01001,2031A,,2017,2023,A1,6,b814692536625097939660576b2dc2b03ff9af1065cabe92c1eb7b3101676920,355711,2017: MQ-1 Payload (MIP); 2018: MQ-1 Payload (MIP); 2019: MQ-1 Payload (MIP); 2020: MQ-1 Payload (MIP); 2021: MQ-1 Payload (MIP); 2023: MQ-1 PAYLOAD,MQ-1 PAYLOAD,1.00,5/5,R-DEC-ERA-SAME,same_program,,,,
0028A02706|2031A|,0028A02706,2031A,,2018,2023,H,6,c89cc960638b4b2e278f72006f0f922ab525b787c8cf5cef2b712121d037d6bd,51713,2018: Universal Ground Control Equipment (UAS); 2019: Universal Ground Control Equipment (UAS); 2020: Universal Ground Control Equipment (UAS); 2021: Universal Ground Control Equipment (UAS); 2022: Universal Ground Control Equipment (UAS); 2023: Universal Ground Control Equipment (UAS),,,5/5,R-DEC-ERA-HISTORY,history_only,,,,
0050E89600|2034A|,0050E89600,2034A,,2017,2023,A1,7,b7e74ca00372f73f59935abf5bc12e17bcf72e04d24c72c9b4ef6d9d6a942bcd,351735,"2017: 60MM Mortar, All Types; 2018: 60MM Mortar, All Types; 2019: 60MM Mortar, All Types; 2020: 60MM Mortar, All Types; 2021: 60MM Mortar, All Types; 2022: 60MM Mortar, All Types; 2023: 60MM Mortar, All Types","60MM Mortar, All Types",1.00,7/7,R-DEC-ERA-SAME,same_program,,,,
0050MA0780|2035A|,0050MA0780,2035A,,2017,2023,A1,7,ee5882cd46ff347e842fcd71721b6c9d44a75f638d686564972e1c31290b590d,419605,2017: Physical Security Systems (OPA3); 2018: Physical Security Systems (OPA3); 2019: Physical Security Systems (OPA3); 2020: Physical Security Systems (OPA3); 2021: Physical Security Systems (OPA3); 2022: Physical Security Systems (OPA3); 2023: Physical Security Systems (OPA3),Physical Security Systems (OPA3),1.00,7/7,R-DEC-ERA-SAME,same_program,,,,
0100MF9000|2035A|,0100MF9000,2035A,,2017,2023,A1,7,6aba258d633a9057701da8dc74350336718d1f5f0e84735b33bdfff7c827a507,59592,2017: Heaters and ECU'S; 2018: Heaters and ECU'S; 2019: Heaters and ECU'S; 2020: Heaters and ECU'S; 2021: Heaters and ECU's; 2022: Heaters and ECU's; 2023: Heaters and ECU's,Heaters and ECU's,1.00,6/7,R-DEC-ERA-SAME,same_program,,,,
0100N10000|2035A|,0100N10000,2035A,,2017,2023,H,7,731c72aa3405253206b96e929df7f43a9f4635074e308facb6d13ba5794f1b96,30714,2017: Calibration Sets Equipment; 2018: Calibration Sets Equipment; 2019: Calibration Sets Equipment; 2020: Calibration Sets Equipment; 2021: Calibration Sets Equipment; 2022: Calibration Sets Equipment; 2023: Calibration Sets Equipment,,,6/6,R-DEC-ERA-HISTORY,history_only,,,,
0110|1810N|,0110,1810N,,2017,2018,H,2,a908cd32322216012f103bcf6c5c9ddc8f45bc88d5214db7b090f89ea488a3f0,12703,2017: LM-2500 Gas Turbine; 2018: LM-2500 Gas Turbine,,,1/1,R-DEC-ERA-HISTORY,history_only,,,,
0120|1810N|,0120,1810N,,2017,2018,H,2,aa3a891d705d48e33ffb76dd6e08be9519efa979ba25c4325d058f2e4d5e64f7,7969,2017: Allison 501k Gas Turbine; 2018: Allison 501k Gas Turbine,,,1/1,R-DEC-ERA-HISTORY,history_only,,,,
0121BA1300|2035A|,0121BA1300,2035A,,2017,2022,H,6,255bfde30d1d90df7afacb189deec0a328e9414b8a4a26e588e694774d4eef56,12297,2017: Family of Biometrics; 2018: Family of Biometrics; 2019: Family of Biometrics; 2020: Family of Biometrics; 2021: FAMILY OF BIOMETRICS; 2022: FAMILY OF BIOMETRICS,,,5/5,R-DEC-ERA-HISTORY,history_only,,,,
0122TA0600|2035A|,0122TA0600,2035A,,2017,2023,A1,7,304ddf127167ee7f86852b61e472ee2b7e0e16c9d07ae9cf8305f1aeabb65942,30116,2017: Information System Security Program-ISSP; 2018: Information System Security Program-ISSP; 2019: Information System Security Program-ISSP; 2020: Information System Security Program-ISSP; 2021: Information System Security Program-ISSP; 2022: Information System Security Program-ISSP; 2023: Information System Security Program-ISSP,Information System Security Program-ISSP,1.00,7/7,R-DEC-ERA-SAME,same_program,,,,
0125B96000|2035A|,0125B96000,2035A,,2017,2023,A1,7,25472ed93107bdb17862d1505952dd87a1f70d9cdefa5aee14727c59afdde5df,751748,2017: Communications Security (COMSEC); 2018: Communications Security (COMSEC); 2019: Communications Security (COMSEC); 2020: Communications Security (COMSEC); 2021: Communications Security (COMSEC); 2022: Communications Security (COMSEC); 2023: Communications Security (COMSEC),Communications Security (COMSEC),1.00,7/7,R-DEC-ERA-SAME,same_program,,,,
0125WK5057|2035A|,0125WK5057,2035A,,2017,2023,A1,7,24851f1972f637238b6e7caaeff85d004d09c075dd4d54366d8f5bf7b6aa2b24,532294,2017: Sentinel Mods; 2018: Sentinel Mods; 2019: Sentinel Mods; 2020: Sentinel Mods; 2021: Sentinel Mods; 2022: Sentinel Mods; 2023: Sentinel Mods,Sentinel Mods,1.00,5/7,R-DEC-ERA-SAME,same_program,,,,
0128B63000|2035A|,0128B63000,2035A,,2017,2023,A1,7,069965eb1de993e13e26721cadd24a4c1dfab6a1015f794a10a9377a7429ff4b,222223,2017: Defensive CYBER Operations; 2018: Defensive CYBER Operations; 2019: Defensive CYBER Operations; 2020: Defensive CYBER Operations; 2021: Defensive CYBER Operations; 2022: Defensive CYBER Operations; 2023: Defensive CYBER Operations,Defensive CYBER Operations,1.00,6/7,R-DEC-ERA-SAME,same_program,,,,
013005|0350D|,013005,0350D,,2017,2023,R1,7,2e01f11967c511b24f00f342a0fd4a84d11f97a2e5f2d043c61dc8565aabb3c6,934000,2017: Miscellaneous Equipment; 2018: Miscellaneous Equipment; 2019: Weapon System Cost; 2020: Miscellaneous Equipment; 2021: Miscellaneous Equipment; 2022: Miscellaneous Equipment; 2023: Miscellaneous Equipment,Misc Equipment - Army Reserve,0.00,3/7,owner-batch,,,,,
0131B89000|2035A|,0131B89000,2035A,,2018,2023,A1,6,1096dd9158a96086b12e596991bd00e8813fcbcffdcc8e2b3e409f7deabdaee3,3536,2018: Insider Threat Program - Unit Activity Monito; 2019: Insider Threat Program - Unit Activity Monito; 2020: Insider Threat Program - Unit Activity Monito; 2021: Insider Threat Program - Unit Activity Monito; 2022: Insider Threat Program - Unit Activity Monito; 2023: Insider Threat Program - Unit Activity Monito,Insider Threat Program - Unit Activity Monito,1.00,6/6,R-DEC-ERA-SAME,same_program,,,,
0131|1810N|,0131,1810N,,2017,2023,A1,7,f909c795c6d97c0c214244040632f7445ab37e9378bc4d6180823d5493906f46,101771,2017: Surface Power Equipment; 2018: Surface Power Equipment; 2019: Surface Power Equipment; 2020: Surface Power Equipment; 2021: Surface Power Equipment; 2022: Surface Power Equipment; 2023: Surface Power Equipment,Surface Power Equipment,1.00,7/7,R-DEC-ERA-SAME,same_program,,,,
0132B65010|2035A|,0132B65010,2035A,,2018,2022,H,5,7016cc4ac1f8ba4578647658b54a50141def96870f84f394b661e5ddf201f2d8,10000,2018: Persistent Cyber Training Environment; 2019: Persistent Cyber Training Environment; 2020: Persistent Cyber Training Environment; 2021: Persistent Cyber Training Environment; 2022: Persistent Cyber Training Environment,,,4/4,R-DEC-ERA-HISTORY,history_only,,,,
0132E00700|2034A|,0132E00700,2034A,,2017,2023,A1,7,3778c7ec3b4094cdd91357f895f296ac132e745adb047987dc8f8827b60a2a22,336674,"2017: Ctg, 5.56mm, All Types; 2018: Ctg, 5.56mm, All Types; 2019: Ctg, 5.56mm, All Types; 2020: Ctg, 5.56mm, All Types; 2021: CTG, 5.56MM, All Types; 2022: CTG, 5.56MM, All Types; 2023: CTG, 5.56MM, All Types","CTG, 5.56MM, All Types",1.00,7/7,R-DEC-ERA-SAME,same_program,,,,
014005|0350D|,014005,0350D,,2017,2023,R1,7,2ebf623f97061cda70e489cc2301a048af35564623662843ace9f5cdf46aaf2d,335000,2017: Miscellaneous Equipment; 2018: Miscellaneous Equipment; 2019: Miscellaneous Equipment; 2020: Miscellaneous Equipment; 2021: Miscellaneous Equipment; 2022: Miscellaneous Equipment; 2023: Miscellaneous Equipment,Misc Equipment - Navy Reserve,0.20,4/7,owner-batch,,,,,
0140KA3500|2035A|,0140KA3500,2035A,,2017,2023,A1,7,2ebffc99fe53b1aabd52e868596c054b4cf3b902ced1b81ce3d7148693f011bb,1668895,2017: Night Vision Devices; 2018: Night Vision Devices; 2019: Night Vision Devices; 2020: Night Vision Devices; 2021: Night Vision Devices; 2022: Night Vision Devices; 2023: Night Vision Devices,Night Vision Devices,1.00,7/7,R-DEC-ERA-SAME,same_program,,,,
0140|1810N|,0140,1810N,,2017,2019,H,3,dc5cc537565fea07a6df1b869df639be3288b392e6061bcf696cb1bc243563a1,52727,2017: Hybrid Electric Drive (HED); 2018: Hybrid Electric Drive (HED); 2019: Hybrid Electric Drive (HED),,,2/2,R-DEC-ERA-HISTORY,history_only,,,,
0142K38300|2035A|,0142K38300,2035A,,2019,2021,H,3,edf1b824bf1c580dc95c3b4da09a43af4170dbb1dc33bb2606aad9d7b19b0502,2861,2019: Long Range Advanced Scout Surveillance System; 2020: Long Range Advanced Scout Surveillance System; 2021: Long Range Advanced Scout Surveillance System,,,2/2,R-DEC-ERA-HISTORY,history_only,,,,
0143|1506N|,0143,1506N,,2017,2018,H,2,b438c0b8b9c8fee0546b8cc5e2dcee35d376a6b11d673c950c58a6de9dd3320a,2163532,2017: EA-18G; 2018: EA-18G,,,1/1,R-DEC-ERA-HISTORY,history_only,,,,
0145|1506N|,0145,1506N,,2017,2023,A1,12,54574e7cc949c7beac8b5f47b242cb5a7ce8a1249265d27475dc34a041456816,8786707,2017: F/A-18E/F (Fighter) Hornet; 2018: F/A-18E/F (Fighter) Hornet; 2019: F/A-18E/F (Fighter) Hornet; 2020: F/A-18E/F (Fighter) Hornet; 2021: F/A-18E/F (Fighter) Hornet; 2022: F/A-18E/F (Fighter) Hornet; 2023: F/A-18E/F (Fighter) Hornet,F/A-18E/F (Fighter) Hornet,1.00,6/7,R-DEC-ERA-SAME,same_program,,,,
0145|1508N|,0145,1508N,,2017,2023,A1,7,95aab44c2479af54464065e838cf2b2aa561529141581dd5fea9d60c33b1c033,693907,2017: General Purpose Bombs; 2018: General Purpose Bombs; 2019: General Purpose Bombs; 2020: General Purpose Bombs; 2021: General Purpose Bombs; 2022: General Purpose Bombs; 2023: General Purpose Bombs,General Purpose Bombs,1.00,7/7,R-DEC-ERA-SAME,same_program,,,,
0147|1506N|,0147,1506N,,2017,2023,A1,14,5c991c9529ac731e1c4261be85bdbd5f2090c3d0d08b1b713c07ad7aed09f422,12697037,2017: Joint Strike Fighter CV; 2018: Joint Strike Fighter CV; 2019: Joint Strike Fighter CV; 2020: Joint Strike Fighter CV; 2021: Joint Strike Fighter CV; 2022: Joint Strike Fighter CV; 2023: Joint Strike Fighter CV,Joint Strike Fighter CV,1.00,7/7,R-DEC-ERA-SAME,same_program,,,,
0148|1508N|,0148,1508N,,2018,2023,A1,6,aeb45072740d5602a4a2353de81ae47f37124809461a84f935c239bce384df1b,500604,2018: JDAM; 2019: JDAM; 2020: JDAM; 2021: JDAM; 2022: JDAM; 2023: JDAM,JDAM,1.00,6/6,R-DEC-ERA-SAME,same_program,,,,
015005|0350D|,015005,0350D,,2017,2023,R1,7,132aa434169069fa3b901f00e51d11009bbc45402acd7ffe519a9174513cc57e,121000,2017: Miscellaneous Equipment; 2018: Miscellaneous Equipment; 2019: Miscellaneous Equipment; 2020: Miscellaneous Equipment; 2021: Miscellaneous Equipment; 2022: Miscellaneous Equipment; 2023: Miscellaneous Equipment,Misc Equipment - Marine Corps Reserve,0.17,4/6,owner-batch,,,,,
0150B68000|2035A|,0150B68000,2035A,,2022,2023,A1,2,0b9b1730c01f6e08518c15117563ab2fac73b2a8f4286e521644a858c03e8ebd,0,2022: SIO CAPABILITY; 2023: SIO CAPABILITY,SIO CAPABILITY,1.00,2/2,R-DEC-ERA-SAME,same_program,,,,
0151|1508N|,0151,1508N,,2017,2023,A1,7,c225b76a3e8af5877f0a9bdd58cf884dcef1f54141ce9c2dd4fb1953457b5c5a,638195,"2017: Airborne Rockets, All Types; 2018: Airborne Rockets, All Types; 2019: Airborne Rockets, All Types; 2020: Airborne Rockets, All Types; 2021: Airborne Rockets, All Types; 2022: Airborne Rockets, All Types; 2023: Airborne Rockets, All Types","Airborne Rockets, All Types",1.00,7/7,R-DEC-ERA-SAME,same_program,,,,
0152B13000|2035A|,0152B13000,2035A,,2022,2023,A1,2,67ffedce21d3d1d238413c4f08c4fee72a024c050242f68f18b5697352ccc9d4,0,2022: BIOMETRIC ENABLING CAPABILITY (BEC); 2023: BIOMETRIC ENABLING CAPABILITY (BEC),BIOMETRIC ENABLING CAPABILITY (BEC),1.00,2/2,R-DEC-ERA-SAME,same_program,,,,
0152|1506N|,0152,1506N,,2017,2023,A1,14,468bb1ba60a41815d1e1e184f2a914fd58ba4ea92b4281bf3b7ea7f6d9f4a809,15836590,2017: JSF STOVL; 2018: JSF STOVL; 2019: JSF STOVL; 2020: JSF STOVL; 2021: JSF STOVL; 2022: JSF STOVL; 2023: JSF STOVL,JSF STOVL,1.00,7/7,R-DEC-ERA-SAME,same_program,,,,
0155K35110|2035A|,0155K35110,2035A,,2017,2023,A1,7,6f3988ace90cc887c9b5920acfbbd0d1d218e3ef1f5bc1fb5ed9a8c9cd453217,120525,2017: Small Tactical Optical Rifle Mounted MLRF; 2018: Small Tactical Optical Rifle Mounted MLRF; 2019: Small Tactical Optical Rifle Mounted MLRF; 2020: Small Tactical Optical Rifle Mounted MLRF; 2021: Small Tactical Optical Rifle Mounted MLRF; 2022: Small Tactical Optical Rifle Mounted MLRF; 2023: Small Tactical Optical Rifle Mounted MLRF,Small Tactical Optical Rifle Mounted MLRF,1.00,7/7,R-DEC-ERA-SAME,same_program,,,,
0155|1508N|,0155,1508N,,2017,2023,A1,7,326ffc45d1921f3aa5cb118f081665a0cac5ab29784b5db062db4a27c4076527,154295,2017: Machine Gun Ammunition; 2018: Machine Gun Ammunition; 2019: Machine Gun Ammunition; 2020: Machine Gun Ammunition; 2021: Machine Gun Ammunition; 2022: Machine Gun Ammunition; 2023: Machine Gun Ammunition,Machine Gun Ammunition,1.00,7/7,R-DEC-ERA-SAME,same_program,,,,
0157B66350|2035A|,0157B66350,2035A,,2023,2023,A1,1,75a6d97b8e77ab3c4a0c0255fe4a0322fb92ca76f6b9a14a47edcc977e4b639a,0,2023: ARCYBER DEFENSIVE CYBER OPERATIONS,ARCYBER DEFENSIVE CYBER OPERATIONS,1.00,1/1,R-DEC-ERA-SAME,same_program,,,,
0158|1506N|,0158,1506N,,2017,2023,A1,14,007ab2cb69b0fd469082de5098761fe0d1833a9dacf8bdabbd81354646c65521,4947524,2017: CH-53K (Heavy Lift); 2018: CH-53K (Heavy Lift); 2019: CH-53K (Heavy Lift); 2020: CH-53K (Heavy Lift); 2021: CH-53K (Heavy Lift); 2022: CH-53K (Heavy Lift); 2023: CH-53K (Heavy Lift),CH-53K (Heavy Lift),1.00,7/7,R-DEC-ERA-SAME,same_program,,,,
016005|0350D|,016005,0350D,,2017,2023,R1,7,4985909e9df8691812afd42ffbf817961c1eed131d1925d6f7c7557b18ba55b3,855000,2017: Miscellaneous Equipment; 2018: Miscellaneous Equipment; 2019: Miscellaneous Equipment; 2020: Miscellaneous Equipment; 2021: Miscellaneous Equipment; 2022: Miscellaneous Equipment; 2023: Miscellaneous Equipment,Misc Equipment - AF Reserve,0.20,3/7,owner-batch,,,,,
0160|1508N|,0160,1508N,,2017,2023,A1,7,050450526779cb2c3be0a1c4de5391bc5b4950f3472d55dac533d071d7948dd3,280894,2017: Practice Bombs; 2018: Practice Bombs; 2019: Practice Bombs; 2020: Practice Bombs; 2021: Practice Bombs; 2022: Practice Bombs; 2023: Practice Bombs,Practice Bombs,1.00,7/7,R-DEC-ERA-SAME,same_program,,,,
0162WC5200|2035A|,0162WC5200,2035A,,2019,2021,H,3,6a31222490f0b4786a2fe1c7b278c6ac498d28192215b99f417871d77f3443fd,17393,2019: Radiation Monitoring Systems; 2020: Radiation Monitoring Systems; 2021: RADIATION MONITORING SYSTEMS,,,2/2,R-DEC-ERA-HISTORY,history_only,,,,
0164|1506N|,0164,1506N,,2017,2023,A1,14,637e2de2427db5c84cf2e7076ed299bb5ed32595cc0f868ae1951c8b6e370569,9311638,2017: V-22 (Medium Lift); 2018: V-22 (Medium Lift); 2019: V-22 (Medium Lift); 2020: V-22 (Medium Lift); 2021: V-22 (Medium Lift); 2022: V-22 (Medium Lift); 2023: V-22 (Medium Lift),V-22 (Medium Lift),1.00,7/7,R-DEC-ERA-SAME,same_program,,,,
0169BZ6501|2035A|,0169BZ6501,2035A,,2018,2019,A1,2,8262b061f88edb4c6d3455793b2e59b71b75a6c8aedd1ba259ddab0a4fa8bfd8,87429,2018: Base Expeditiary Targeting and Surv Sys; 2019: Base Expeditiary Targeting and Surv Sys,Base Expeditiary Targeting and Surv Sys,1.00,1/1,R-DEC-ERA-SAME,same_program,,,,
0173BZ0501|2035A|,0173BZ0501,2035A,,2017,2023,A1,7,a9de77d0070ab02a1cbe9817017572c5d5766177926d9a2e667ac889c773d874,1414118,2017: Indirect Fire Protection Family of Systems; 2018: Indirect Fire Protection Family of Systems; 2019: Indirect Fire Protection Family of Systems; 2020: Indirect Fire Protection Family of Systems; 2021: Indirect Fire Protection Family Of Systems; 2022: Indirect Fire Protection Family Of Systems; 2023: Indirect Fire Protection Family Of Systems,Indirect Fire Protection Family Of Systems,1.00,6/7,R-DEC-ERA-SAME,same_program,,,,
0177K22001|2035A|,0177K22001,2035A,,2017,2023,A1,7,cb7e53628abdf54a034eae15330d085e2e6fd23f7a4197890618dc3e14c0c7c0,422395,2017: Family of Weapon Sights (FWS); 2018: Family of Weapon Sights (FWS); 2019: Family of Weapon Sights (FWS); 2020: Family of Weapon Sights (FWS); 2021: FAMILY OF WEAPON SIGHTS (FWS); 2022: FAMILY OF WEAPON SIGHTS (FWS); 2023: FAMILY OF WEAPON SIGHTS (FWS),FAMILY OF WEAPON SIGHTS (FWS),1.00,7/7,R-DEC-ERA-SAME,same_program,,,,
0178AD3200|2035A|,0178AD3200,2035A,,2017,2020,H,4,19c2f8217c4869aed47db2c146e2e0c827c21d6bc2a9d5b109ebcfc4dacfb255,15529,2017: Artillery Accuracy Equip; 2018: Artillery Accuracy Equip; 2019: Artillery Accuracy Equip; 2020: Artillery Accuracy Equip,,,3/3,R-DEC-ERA-HISTORY,history_only,,,,
0178|1506N|,0178,1506N,,2017,2023,A1,11,8f28e189a417e9a616f786426ca00f9ec4263b634f67f7d5298934ab1d07e81a,4304809,2017: H-1 Upgrades (UH-1Y/AH-1Z); 2018: H-1 Upgrades (UH-1Y/AH-1Z); 2019: H-1 Upgrades (UH-1Y/AH-1Z); 2020: H-1 Upgrades (UH-1Y/AH-1Z); 2021: H-1 Upgrades (UH-1Y/AH-1Z); 2022: H-1 Upgrades (UH-1Y/AH-1Z); 2023: H-1 Upgrades (UH-1Y/AH-1Z),H-1 Upgrades (UH-1Y/AH-1Z),1.00,7/7,R-DEC-ERA-SAME,same_program,,,,
0179|1506N|,0179,1506N,,2017,2018,H,2,095d2b28aef34dfc38f2f4db963fb2d8955004098c244690749583bcaf12853c,210372,2017: MH-60S (MYP); 2018: MH-60S (MYP),,,1/1,R-DEC-ERA-HISTORY,history_only,,,,
0180|1508N|,0180,1508N,,2017,2023,A1,7,fe2f21b3e56cafdf92e38c7ece7c37d632dde08ad55f96c481fc2d2a7f2019d0,386369,2017: Cartridges & Cart Actuated Devices; 2018: Cartridges & Cart Actuated Devices; 2019: Cartridges & Cart Actuated Devices; 2020: Cartridges & Cart Actuated Devices; 2021: Cartridges & Cart Actuated Devices; 2022: Cartridges & Cart Actuated Devices; 2023: Cartridges & Cart Actuated Devices,Cartridges & Cart Actuated Devices,1.00,7/7,R-DEC-ERA-SAME,same_program,,,,
0182|1506N|,0182,1506N,,2017,2022,R2,7,92c685c84003481b7742cae1fa434c88e5eea3f288f986e97132190c8a835fca,2324414,2017: MH-60R (MYP); 2018: MH-60R (MYP); 2019: MH-60R (MYP); 2020: MH-60R (MYP); 2021: MH-60R (MYP); 2022: MH-60R (MYP),1508N: Air Expendable Countermeasures,,4/5,owner-batch,,,,,
0182|1508N|,0182,1508N,,2017,2023,R3+A1,7,2e6d8410c32587f969ebe044e84487d0db455de7e7dfb68861730b472bc696a3,536133,2017: Air Expendable Countermeasures; 2018: Air Expendable Countermeasures; 2019: Air Expendable Countermeasures; 2020: Air Expendable Countermeasures; 2021: Air Expendable Countermeasures; 2022: Air Expendable Countermeasures; 2023: Air Expendable Countermeasures,1508N: Air Expendable Countermeasures,1.00,7/7,owner-batch,,,,,
0187AD3260|2035A|,0187AD3260,2035A,,2022,2023,A1,2,994e5037eb57eace3753ba4f2e5a07f50898ef57535732d89507a04aba0d30ba,0,2022: ENHANCED PORTABLE INDUCTIVE ARTILLERY FUZE SE; 2023: ENHANCED PORTABLE INDUCTIVE ARTILLERY FUZE SE,ENHANCED PORTABLE INDUCTIVE ARTILLERY FUZE SE,1.00,2/2,R-DEC-ERA-SAME,same_program,,,,
0193|1506N|,0193,1506N,,2017,2023,A1,12,b6e7703f16060ae40b3bfe680dbf64bb93a5a7ea442b3f86b952aab1b4ca1c27,14151023,2017: P-8A Poseidon; 2018: P-8A Poseidon; 2019: P-8A Poseidon; 2020: P-8A Poseidon; 2021: P-8A Poseidon; 2022: P-8A Poseidon; 2023: P-8A Poseidon,P-8A Poseidon,1.00,7/7,R-DEC-ERA-SAME,same_program,,,,
0194|1508N|,0194,1508N,,2017,2023,A1,7,e0db92e50a30984f5be1364eb427682a53205c637add627bb23a5bdedf24344d,28753,2017: JATOS; 2018: JATOS; 2019: JATOS; 2020: JATOS; 2021: JATOS; 2022: JATOS; 2023: JATOS,JATOS,1.00,7/7,R-DEC-ERA-SAME,same_program,,,,
0195|1506N|,0195,1506N,,2017,2023,A1,14,e003fc21538923be3bc90ab67f65e9fa3425aafb9199866b35131b14f5e8c304,7519744,2017: E-2D Adv Hawkeye; 2018: E-2D Adv Hawkeye; 2019: E-2D Adv Hawkeye; 2020: E-2D Adv Hawkeye; 2021: E-2D Adv Hawkeye; 2022: E-2D Adv Hawkeye; 2023: E-2D Adv Hawkeye,E-2D Adv Hawkeye,1.00,7/7,R-DEC-ERA-SAME,same_program,,,,
0198|1508N|,0198,1508N,,2017,2018,H,2,06a73914a64f9aed1026d4e15b16a1e0dae5e695e32e79ce2a50c28ba1c67d88,117632,2017: LRLAP 155MM Long Range Land Attack Projectile; 2018: LRLAP 155MM Long Range Land Attack Projectile,,,1/1,R-DEC-ERA-HISTORY,history_only,,,,
0200BS9100|2035A|,0200BS9100,2035A,,2017,2023,A1,7,7f2631e0a0d13da009e8bf36954990473944fee5523e8f399d2e5b2e6d84e7b2,148891,2017: Initial Spares - C&E; 2018: Initial Spares - C&E; 2019: Initial Spares - C&E; 2020: Initial Spares - C&E; 2021: INITIAL SPARES - C&E; 2022: INITIAL SPARES - C&E; 2023: INITIAL SPARES - C&E,INITIAL SPARES - C&E,1.00,6/7,R-DEC-ERA-SAME,same_program,,,,
0200K27900|2035A|,0200K27900,2035A,,2017,2021,H,5,975697334d1c3d48c032bee797a194c1b11e7ff0afc32757992a10baed220f6b,7343,2017: Profiler; 2018: Profiler; 2019: Profiler; 2020: Profiler; 2021: Profiler,,,4/4,R-DEC-ERA-HISTORY,history_only,,,,
0200MB4000|2035A|,0200MB4000,2035A,,2017,2023,A1,7,d97f3d7743033d6e6d853ef90a105468f04f91f30221b831e518176674918b60,386359,2017: Integrated Family of Test Equipment (IFTE); 2018: Integrated Family of Test Equipment (IFTE); 2019: Integrated Family of Test Equipment (IFTE); 2020: Integrated Family of Test Equipment (IFTE); 2021: Integrated Family Of Test Equipment (IFTE); 2022: Integrated Family Of Test Equipment (IFTE); 2023: Integrated Family Of Test Equipment (IFTE),Integrated Family Of Test Equipment (IFTE),1.00,7/7,R-DEC-ERA-SAME,same_program,,,,
0200|1810N|,0200,1810N,,2017,2023,A1,7,753e4e0b5f291ce845dc4da568261af7af2a6c442331d668893732c54076715c,262306,2017: Surface Combatant HM&E; 2018: Surface Combatant HM&E; 2019: Surface Combatant HM&E; 2020: Surface Combatant HM&E; 2021: Surface Combatant HM&E; 2022: Surface Combatant HM&E; 2023: Surface Combatant HM&E,Surface Combatant HM&E,1.00,7/7,R-DEC-ERA-SAME,same_program,,,,
0201ARMOWT|0300D|,0201ARMOWT,0300D,,2021,2023,A1,3,7f4dd397d89e16f43b340c6fe0b89ffef2bf33e64b5318f11b5a1ca402484f28,21000,2021: Armed Overwatch/Targeting; 2022: Armed Overwatch/Targeting; 2023: Armed Overwatch/Targeting,Armed Overwatch/Targeting,1.00,3/3,R-DEC-ERA-SAME,same_program,,,,
0201MANISR|0300D|,0201MANISR,0300D,,2018,2023,A1,6,fbd8abd41b6e8ff24a5ce209da3f76c965c93db4e25d6b3acfa545bc64f9a00e,78320,2018: Manned ISR; 2019: Manned ISR; 2020: Manned ISR; 2021: Manned ISR; 2022: Manned ISR; 2023: Manned ISR,Manned ISR,1.00,6/6,R-DEC-ERA-SAME,same_program,,,,
0201MC12|0300D|,0201MC12,0300D,,2017,2023,A1,7,a36966dda74cfdfb6780ab9d6bb760ce57b8d7a46b4824e747b9b067f1d46c45,97059,2017: MC-12; 2018: MC-12; 2019: MC-12; 2020: MC-12; 2021: MC-12; 2022: MC-12; 2023: MC-12,MC-12,1.00,6/7,R-DEC-ERA-SAME,same_program,,,,
0201MH60|0300D|,0201MH60,0300D,,2018,2023,A1,6,f0d09df5056abf0eaa90e4c6d23eabf22898cd2c63d6199f2b53fb9cb546f508,71464,2018: MH-60 Blackhawk; 2019: MH-60 Blackhawk; 2020: MH-60 Blackhawk; 2021: MH-60 Blackhawk; 2022: MH-60 Blackhawk; 2023: MH-60 Blackhawk,MH-60 Blackhawk,1.00,6/6,R-DEC-ERA-SAME,same_program,,,,
0201RWUPGR|0300D|,0201RWUPGR,0300D,,2017,2023,A1,7,8182d5d9556941d936336cb63866382277fcc619ae04755da3231b947558b275,1148935,2017: Rotary Wing Upgrades and Sustainment; 2018: Rotary Wing Upgrades and Sustainment; 2019: Rotary Wing Upgrades and Sustainment; 2020: Rotary Wing Upgrades and Sustainment; 2021: Rotary Wing Upgrades and Sustainment; 2022: Rotary Wing Upgrades and Sustainment; 2023: Rotary Wing Upgrades and Sustainment,Rotary Wing Upgrades and Sustainment,1.00,7/7,R-DEC-ERA-SAME,same_program,,,,
0201UMNISR|0300D|,0201UMNISR,0300D,,2017,2023,A1,7,b1b837d3c327f86906d4d96fd87451d8d144e38a115f01199cf9d93de69e5981,321631,2017: Unmanned ISR; 2018: Unmanned ISR; 2019: Unmanned ISR; 2020: Unmanned ISR; 2021: Unmanned ISR; 2022: Unmanned ISR; 2023: Unmanned ISR,Unmanned ISR,1.00,7/7,R-DEC-ERA-SAME,same_program,,,,
0203ORD|0300D|,0203ORD,0300D,,2017,2023,A1,7,8940cc7f3f289a7f8201875b0a5169a1059921002623b97c150b7aeaf247d1b3,1802811,2017: Ordnance Items <$5M; 2018: Ordnance Items <$5M; 2019: Ordnance Items <$5M; 2020: Ordnance Items <$5M; 2021: Ordnance Items <$5M; 2022: Ordnance Items <$5M; 2023: Ordnance Items <$5M,ORDNANCE ITEMS <$5M,1.00,7/7,R-DEC-ERA-SAME,same_program,,,,
020400INTL|0300D|,020400INTL,0300D,,2017,2023,A1,7,8dbfaf11c96b5164dededa7dc7333e35b8f2be57329cc20799db09217c0ca439,756629,2017: Intelligence Systems; 2018: Intelligence Systems; 2019: Intelligence Systems; 2020: Intelligence Systems; 2021: Intelligence Systems; 2022: Intelligence Systems; 2023: Intelligence Systems,Intelligence Systems,1.00,7/7,R-DEC-ERA-SAME,same_program,,,,
020401INTL|0300D|,020401INTL,0300D,,2017,2023,A1,7,7d34fb28c2b38b1c29c5bcdc91a5bd6f38c246024818cd3491399c9a3025334d,110251,2017: Distributed Common Ground/Surface Systems; 2018: Distributed Common Ground/Surface Systems; 2019: Distributed Common Ground/Surface Systems; 2020: Distributed Common Ground/Surface Systems; 2021: Distributed Common Ground/Surface Systems; 2022: Distributed Common Ground/Surface Systems; 2023: Distributed Common Ground/Surface Systems,Distributed Common Ground/Surface Systems,1.00,7/7,R-DEC-ERA-SAME,same_program,,,,
0204OTHER|0300D|,0204OTHER,0300D,,2017,2023,A1,7,3ff6a90d36831884b5b89c031916dc64d751b5f434ee6a809cd915b7780836d3,628231,2017: Other Items <$5M; 2018: Other Items <$5M; 2019: Other Items <$5M; 2020: Other Items <$5M; 2021: Other Items <$5M; 2022: Other Items <$5M; 2023: Other Items <$5M,Other Items <$5M,1.00,7/7,R-DEC-ERA-SAME,same_program,,,,
0204SCCS|0300D|,0204SCCS,0300D,,2017,2023,A1,7,4d796e620b6221a6f430d8b60d38ea3a72408983ae0e326ee1e32d2be2237e96,301753,2017: Combatant Craft Systems; 2018: Combatant Craft Systems; 2019: Combatant Craft Systems; 2020: Combatant Craft Systems; 2021: Combatant Craft Systems; 2022: Combatant Craft Systems; 2023: Combatant Craft Systems,Combatant Craft Systems,1.00,7/7,R-DEC-ERA-SAME,same_program,,,,
0204SPCPRG|0300D|,0204SPCPRG,0300D,,2017,2023,A1,7,71e55d957d980963b7c959591053853dd9a08776ef5152ab8641b0186318dbb0,433145,2017: Special Programs; 2018: Special Programs; 2019: Special Programs; 2020: Special Programs; 2021: Special Programs; 2022: Special Programs; 2023: Special Programs,Special Programs,1.00,7/7,R-DEC-ERA-SAME,same_program,,,,
0204TACVEH|0300D|,0204TACVEH,0300D,,2017,2023,A1,7,3760ce474a405be51fe7e0d950518cc825aa1bf2e22a02c34e88a6a361c313b5,616213,2017: Tactical Vehicles; 2018: Tactical Vehicles; 2019: Tactical Vehicles; 2020: Tactical Vehicles; 2021: Tactical Vehicles; 2022: Tactical Vehicles; 2023: Tactical Vehicles,Tactical Vehicles,1.00,7/7,R-DEC-ERA-SAME,same_program,,,,
0204WARSYS|0300D|,0204WARSYS,0300D,,2017,2023,A1,7,4c5c3a3059dcbaf487dd8e6ab5b4a642bc43d99457a38e8eccdca4409ad0ff02,2217225,2017: Warrior Systems <$5M; 2018: Warrior Systems <$5M; 2019: Warrior Systems <$5M; 2020: Warrior Systems <$5M; 2021: Warrior Systems <$5M; 2022: Warrior Systems <$5M; 2023: Warrior Systems <$5M,Warrior Systems <$5M,1.00,7/7,R-DEC-ERA-SAME,same_program,,,,
0205MH60SL|0300D|,0205MH60SL,0300D,,2017,2017,H,1,c4897e9bdec77fffc17fd5edb17e3af4252d7869442cad5f1b926e07ee419eae,19821,2017: MH-60 Modernization Program,,,0/0,R-DEC-ERA-HISTORY,history_only,,,,
0206CMR|0300D|,0206CMR,0300D,,2017,2023,A1,7,ecdd7a25b8c0be073c9928967dc92d767855399b4e32af64ad2b3de5347f8a73,187602,2017: Combat Mission Requirements; 2018: Combat Mission Requirements; 2019: Combat Mission Requirements; 2020: Combat Mission Requirements; 2021: Combat Mission Requirements; 2022: Combat Mission Requirements; 2023: Combat Mission Requirements,Combat Mission Requirements,1.00,7/7,R-DEC-ERA-SAME,same_program,,,,
0207K27910|2035A|,0207K27910,2035A,,2018,2020,H,3,4232c683ecd4520f8c76fd9d89ca2f61dad918f72e4cf128e073b93eb42037ef,70,2018: Mod-In-Service Profiler; 2019: Mod-In-Service Profiler; 2020: Mod-In-Service Profiler,,,2/2,R-DEC-ERA-HISTORY,history_only,,,,
0207NSAV|0300D|,0207NSAV,0300D,,2017,2023,A1,7,1272795b3285bd93230ac722735351b6fdc40048f9927c3d6c05549e3524be12,221571,2017: Non-Standard Aviation; 2018: Non-Standard Aviation; 2019: Non-Standard Aviation; 2020: Non-Standard Aviation; 2021: Non-Standard Aviation; 2022: Non-Standard Aviation; 2023: Non-Standard Aviation,Non-Standard Aviation,1.00,7/7,R-DEC-ERA-SAME,same_program,,,,
021005|0350D|,021005,0350D,,2017,2023,R1,7,36e15d226894020479ba5cb876f7512aae911c179b638981aa357b92638a0130,2127500,2017: Miscellaneous Equipment; 2018: Miscellaneous Equipment; 2019: Miscellaneous Equipment; 2020: Miscellaneous Equipment; 2021: Miscellaneous Equipment; 2022: Miscellaneous Equipment; 2023: Miscellaneous Equipment,Misc Equipment - Army National Guard,0.17,3/7,owner-batch,,,,,
0214KA4510|2035A|,0214KA4510,2035A,,2022,2023,A1,2,c45ef8e80906c6c901ac41d704f04cb7402fa38cbce633895f2b28e899963eda,0,2022: Forward Looking Infrared (IFLIR); 2023: Forward Looking Infrared (IFLIR),Forward Looking Infrared (IFLIR),1.00,2/2,R-DEC-ERA-SAME,same_program,,,,
0219AD0500|2035A|,0219AD0500,2035A,,2022,2023,A1,2,c56dc5b910c76fb49dba55c7de77f2b26ba130807e0b50a04474a8655cfdb903,0,2022: COUNTER SMALL UNMANNED AERIAL SYSTEM (C-SUAS); 2023: COUNTER SMALL UNMANNED AERIAL SYSTEM (C-SUAS),COUNTER SMALL UNMANNED AERIAL SYSTEM (C-SUAS),1.00,2/2,R-DEC-ERA-SAME,same_program,,,,
022005|0350D|,022005,0350D,,2017,2023,R1,7,8fa2126cc605e9f68c300dffd494899dc11df3761fa6ec5a73f7ddd0f5299f2a,2127500,2017: Miscellaneous Equipment; 2018: Miscellaneous Equipment; 2019: Miscellaneous Equipment; 2020: Miscellaneous Equipment; 2021: Miscellaneous Equipment; 2022: Miscellaneous Equipment; 2023: Miscellaneous Equipment,Misc Equipment - Air Force National Guard,0.14,3/7,owner-batch,,,,,
0224BZ7325|2035A|,0224BZ7325,2035A,,2017,2017,H,1,e8673880d4b121a404941660906f4760d81a31dcdcabb5203791f7114e85a265,4186,2017: Mod of In-Svc Equip (Firefinder Radars),,,0/0,R-DEC-ERA-HISTORY,history_only,,,,
0230GM0100|2033A|,0230GM0100,2033A,,2017,2022,A1,6,0690199afd9b3621cd10172d10d3c69a6b8f523fd87c5ad23fadf8b30334982e,1321045,2017: Stryker (MOD); 2018: Stryker (MOD); 2019: Stryker (MOD); 2020: Stryker (MOD); 2021: Stryker (Mod); 2022: Stryker (Mod),Stryker (Mod),1.00,4/5,R-DEC-ERA-SAME,same_program,,,,
0245W61990|2035A|,0245W61990,2035A,,2017,2023,A1,7,e432490a80ad2ec9c7b96fe21a22b4eb637ca333891346369b75b52f36c60648,1723526,2017: Joint Battle Command - Platform (JBC-P); 2018: Joint Battle Command - Platform (JBC-P); 2019: Joint Battle Command - Platform (JBC-P); 2020: Joint Battle Command - Platform (JBC-P); 2021: JOINT BATTLE COMMAND - PLATFORM (JBC-P); 2022: JOINT BATTLE COMMAND - PLATFORM (JBC-P); 2023: JOINT BATTLE COMMAND - PLATFORM (JBC-P),JOINT BATTLE COMMAND - PLATFORM (JBC-P),1.00,7/7,R-DEC-ERA-SAME,same_program,,,,
0246|1506N|,0246,1506N,,2018,2020,H,3,847ec7160d1b69735559d80d031c614f1b7e9b14fba766eb47258af4577f7aa3,414000,2018: C-40A; 2019: C-40A; 2020: C-40A,,,1/2,R-DEC-ERA-HISTORY,history_only,,,,
0250BK5284|2035A|,0250BK5284,2035A,,2017,2023,A1+A2,7,f47199597da072859e7436f1a904b983911511af6a05aa0fd88cfd7cabb4cc30,95043,2017: CI Automation Architecture; 2018: CI Automation Architecture; 2019: CI Automation Architecture (MIP); 2020: CI Automation Architecture (MIP); 2021: CI Automation Architecture (MIP); 2022: CI AUTOMATION ARCHITECTURE-INTEL; 2023: CI AUTOMATION ARCHITECTURE-INTEL,CI AUTOMATION ARCHITECTURE-INTEL,0.75,7/7,owner-batch,,,,,
0250|1508N|,0250,1508N,,2017,2023,A1,7,c96aa927423142debef41de32ce1fe6652afdb524e6ee51519f04388f080ad2d,238349,2017: 5 Inch/54 Gun Ammunition; 2018: 5 Inch/54 Gun Ammunition; 2019: 5 Inch/54 Gun Ammunition; 2020: 5 Inch/54 Gun Ammunition; 2021: 5 Inch/54 Gun Ammunition; 2022: 5 Inch/54 Gun Ammunition; 2023: 5 Inch/54 Gun Ammunition,5 Inch/54 Gun Ammunition,1.00,7/7,R-DEC-ERA-SAME,same_program,,,,
0254DA0100|2035A|,0254DA0100,2035A,,2017,2023,H,7,77879034ba557b8a30b0a750707fcb99bfaeb43fa70cee44032a6c834e5ddfe5,54224,2017: Tactical Trailers/Dolly Sets; 2018: Tactical Trailers/Dolly Sets; 2019: Tactical Trailers/Dolly Sets; 2020: Tactical Trailers/Dolly Sets; 2021: Tactical Trailers/Dolly Sets; 2022: Tactical Trailers/Dolly Sets; 2023: Tactical Trailers/Dolly Sets,,,6/6,R-DEC-ERA-HISTORY,history_only,,,,
0254K32101|2035A|,0254K32101,2035A,,2017,2023,A1,7,db45df334d6f42581c47ca2c71f986127c061555ef1076b9011f667d0878bb45,280361,2017: Joint Effects Targeting System (JETS); 2018: Joint Effects Targeting System (JETS); 2019: Joint Effects Targeting System (JETS); 2020: Joint Effects Targeting System (JETS); 2021: JOINT EFFECTS TARGETING SYSTEM (JETS); 2022: JOINT EFFECTS TARGETING SYSTEM (JETS); 2023: JOINT EFFECTS TARGETING SYSTEM (JETS),JOINT EFFECTS TARGETING SYSTEM (JETS),1.00,7/7,R-DEC-ERA-SAME,same_program,,,,
0255KA3100|2035A|,0255KA3100,2035A,,2017,2022,H,6,28a5964ebb5aecd81b98dc59561c11237d7ece6c50c9138b94dc22ae699389fa,107306,2017: Mod of In-Svc Equip (LLDR); 2018: Mod of In-Svc Equip (LLDR); 2019: Mod of In-Svc Equip (LLDR); 2020: Mod of In-Svc Equip (LLDR); 2021: Mod Of In-Svc Equip (LLDR); 2022: Mod Of In-Svc Equip (LLDR),,,5/5,R-DEC-ERA-HISTORY,history_only,,,,
0256K61010|2035A|,0256K61010,2035A,,2018,2023,A1,6,d0c904f3d6f62802658522e834b38c0e8f1cbbb2e42cbdca03ac9a59d1645785,16825,2018: Defense Military Deception Initiative; 2019: Defense Military Deception Initiative; 2020: Defense Military Deception Initiative; 2021: Defense Military Deception Initiative; 2022: Defense Military Deception Initiative; 2023: Defense Military Deception Initiative,Defense Military Deception Initiative,1.00,6/6,R-DEC-ERA-SAME,same_program,,,,
0263BK6285|2035A|,0263BK6285,2035A,,2017,2019,H,3,cb0cc0a36a0f4310487bac6d35a8bcee810101d322f46dd3eede247b7a8f8291,11611,2017: Army CA/MISO GPF Equipment; 2018: Army CA/MISO GPF Equipment; 2019: Army CA/MISO GPF Equipment,,,1/2,R-DEC-ERA-HISTORY,history_only,,,,
0266|1508N|,0266,1508N,,2017,2023,A1,7,a33e3a2e6d33d69412101b7ce740fe344f402fed21ef5b3d0203899795ad984c,177524,2017: Intermediate Caliber Gun Ammunition; 2018: Intermediate Caliber Gun Ammunition; 2019: Intermediate Caliber Gun Ammunition; 2020: Intermediate Caliber Gun Ammunition; 2021: Intermediate Caliber Gun Ammunition; 2022: Intermediate Caliber Gun Ammunition; 2023: Intermediate Caliber Gun Ammunition,Intermediate Caliber Gun Ammunition,1.00,7/7,R-DEC-ERA-SAME,same_program,,,,
0270|1508N|,0270,1508N,,2017,2023,A1,7,4133073009b1c2c0b96fbbb3d7dfeb44a625a9117e7ddcf6bf9f7ff81741b90e,321514,2017: Other Ship Gun Ammunition; 2018: Other Ship Gun Ammunition; 2019: Other Ship Gun Ammunition; 2020: Other Ship Gun Ammunition; 2021: Other Ship Gun Ammunition; 2022: Other Ship Gun Ammunition; 2023: Other Ship Gun Ammunition,Other Ship Gun Ammunition,1.00,7/7,R-DEC-ERA-SAME,same_program,,,,
0287BZ6100|2035A|,0287BZ6100,2035A,,2022,2023,A1,2,6180f81d598d2fb1b8208a11fc1d4039235dc3754a0c16f735329fe3541fd2dd,0,2022: MULTI-DOMAIN INTELLIGENCE; 2023: MULTI-DOMAIN INTELLIGENCE,MULTI-DOMAIN INTELLIGENCE,1.00,2/2,R-DEC-ERA-SAME,same_program,,,,
0300D22100|2035A|,0300D22100,2035A,,2017,2022,H,6,c55a184631db023120f310a24e61458338bfc718e4c5aaff05e562b9344aead4,2244,2017: Heavy Armored Sedan; 2018: Heavy Armored Sedan; 2019: Heavy Armored Vehicle; 2020: Heavy Armored Vehicle; 2021: Heavy Armored Vehicle; 2022: Heavy Armored Vehicle,,,5/5,,,,,,
0312MB7000|2035A|,0312MB7000,2035A,,2017,2023,A1,7,f62604b4eb42f1dca7e696393d5223ae7b2e3ff91273536d105fd1693d6ffc4d,60414,2017: Base Level Common Equipment; 2018: Base Level Common Equipment; 2019: Base Level Common Equipment; 2020: Base Level Common Equipment; 2021: Base Level Common Equipment; 2022: Base Level Common Equipment; 2023: Base Level Common Equipment,Base Level Common Equipment,1.00,7/7,R-DEC-ERA-SAME,same_program,,,,
0335|1508N|,0335,1508N,,2017,2023,A1,7,a588ff7e5eebed708769e7304c2ab709e903c63c8ccd4bf7db8b8d11129166f1,346363,2017: Small Arms & Landing Party Ammo; 2018: Small Arms & Landing Party Ammo; 2019: Small Arms & Landing Party Ammo; 2020: Small Arms & Landing Party Ammo; 2021: Small Arms & Landing Party Ammo; 2022: Small Arms & Landing Party Ammo; 2023: Small Arms & Landing Party Ammo,Small Arms & Landing Party Ammo,1.00,7/7,R-DEC-ERA-SAME,same_program,,,,
0339|1506N|,0339,1506N,,2017,2019,H,3,0d606fe3d9ee54fc252697f74afd0610f9cb38396ac4e7d6836392ed6812d4f3,14763,2017: JPATS; 2018: JPATS; 2019: JPATS,,,2/2,R-DEC-ERA-HISTORY,history_only,,,,
0340|1508N|,0340,1508N,,2017,2023,A1,7,0cc4e2c257d6f87f5b8a03938a7e76c6aba5667382803c97bf1c860101aa96cd,82718,2017: Pyrotechnic and Demolition; 2018: Pyrotechnic and Demolition; 2019: Pyrotechnic and Demolition; 2020: Pyrotechnic and Demolition; 2021: Pyrotechnic and Demolition; 2022: Pyrotechnic and Demolition; 2023: Pyrotechnic and Demolition,Pyrotechnic and Demolition,1.00,7/7,R-DEC-ERA-SAME,same_program,,,,
0343|1506N|,0343,1506N,,2023,2023,A1,1,4e8e28a5c474acbaf6990f1616fdb138c5b995ec94821091057ffeb36a7645be,0,2023: Multi-Engine Training System (METS),Multi-Engine Training System (METS),1.00,1/1,R-DEC-ERA-SAME,same_program,,,,
0344|1506N|,0344,1506N,,2020,2023,A1,4,d8607751c866a0681d2f9b2f947d563cb66dd874ff61e052d02118704f4b4690,423158,2020: Advanced Helicopter Training System; 2021: Advanced Helicopter Training System; 2022: Advanced Helicopter Training System; 2023: Advanced Helicopter Training System,Advanced Helicopter Training System,1.00,4/4,R-DEC-ERA-SAME,same_program,,,,
0358D23000|2035A|,0358D23000,2035A,,2017,2023,A1,7,d30667a0e0a6989d9ab697179b4c43d1bd6229b24e9c80bfa695aab5f81c6a24,7423,2017: Passenger Carrying Vehicles; 2018: Passenger Carrying Vehicles; 2019: Passenger Carrying Vehicles; 2020: Passenger Carrying Vehicles; 2021: Passenger Carrying Vehicles; 2022: Passenger Carrying Vehicles; 2023: Passenger Carrying Vehicles,Passenger Carrying Vehicles,1.00,7/7,R-DEC-ERA-SAME,same_program,,,,
0363G85200|2033A|,0363G85200,2033A,,2017,2023,A1,7,f4ca9eaf091e8e8be6ef1bf8aa01bb5d89f3709c6d61c852c7c000b8e43d2138,3406904,2017: Stryker Upgrade; 2018: Stryker Upgrade; 2019: Stryker Upgrade; 2020: Stryker Upgrade; 2021: Stryker Upgrade; 2022: Stryker Upgrade; 2023: Stryker Upgrade,Stryker Upgrade,1.00,6/7,R-DEC-ERA-SAME,same_program,,,,
0370|1508N|,0370,1508N,,2018,2022,A1,5,60b2233b978589291aea9c0a3a0b1d14101ae5509b7e861a363665960d6e0fe6,10742,2018: Cancelled Account Adjustments (87); 2019: Cancelled Account Adjustments (87); 2020: Cancelled Account Adjustments (87); 2021: Cancelled Account Adjustments (87); 2022: Cancelled Account Adjustments (87),Cancelled Account Adjustments (87),1.00,3/4,R-DEC-ERA-SAME,same_program,,,,
0375R03800|2035A|,0375R03800,2035A,,2017,2023,H,7,4c4568f471a139d00651ae6898a78425a748c36fa8215cf52a30d9cedc260636,22914,"2017: Grader, Road Mtzd, Hvy, 6x4 (CCE); 2018: Grader, Road Mtzd, Hvy, 6x4 (CCE); 2019: Grader, Road Mtzd, Hvy, 6x4 (CCE); 2020: Grader, Road Mtzd, Hvy, 6x4 (CCE); 2021: Grader, Road Mtzd, Hvy, 6X4 (CCE); 2022: Grader, Road Mtzd, Hvy, 6X4 (CCE); 2023: Grader, Road Mtzd, Hvy, 6X4 (CCE)",,,6/6,R-DEC-ERA-HISTORY,history_only,,,,
0400|1508N|,0400,1508N,,2017,2023,A1,7,a4c216dd9d9f6687d19fc91e9696edc31db3c8cb345a9a67a03233f7e1ce528f,27887,2017: Ammunition Less Than $5 Million; 2018: Ammunition Less Than $5 Million; 2019: Ammunition Less Than $5 Million; 2020: Ammunition Less Than $5 Million; 2021: Ammunition Less Than $5 Million; 2022: Ammunition Less Than $5 Million; 2023: Ammunition Less Than $5 Million,Ammunition Less Than $5 Million,1.00,7/7,R-DEC-ERA-SAME,same_program,,,,
0416|1506N|,0416,1506N,,2017,2023,A1,14,d41efc5b4b1bd945184a4fe69711fb36396c58df315ba0912d491aa5bbe66656,1945223,2017: KC-130J; 2018: KC-130J; 2019: KC-130J; 2020: KC-130J; 2021: KC-130J; 2022: KC-130J; 2023: KC-130J,KC-130J,1.00,6/7,R-DEC-ERA-SAME,same_program,,,,
0417|1506N|,0417,1506N,,2020,2022,H,3,eccc1e0e65ec3cb346ed6916f567bd6dcaf4b5c83dd122304e1769edc779ae1a,39676,2020: F-5; 2021: F-5; 2022: F-5,,,2/2,R-DEC-ERA-HISTORY,history_only,,,,
0426MA9800|2035A|,0426MA9800,2035A,,2017,2023,A1,7,b2c5fd597133f8fcd20b29336ca8c12516d8024b1eb5889a727125f2bf0cafe4,817156,2017: Generators and Associated Equip; 2018: Generators and Associated Equip; 2019: Generators and Associated Equip; 2020: Generators and Associated Equip; 2021: Generators And Associated Equip; 2022: Generators And Associated Equip; 2023: Generators And Associated Equip,Generators And Associated Equip,1.00,7/7,R-DEC-ERA-SAME,same_program,,,,
0435|1506N|,0435,1506N,,2022,2023,H,2,4ed419a4b4f877e1b1d5625ad6a7197288287cb9e9a206d234a8e14c6648881f,16000,2022: E-6B; 2023: E-6B,,,1/1,R-DEC-ERA-HISTORY,history_only,,,,
0442EA0800|2034A|,0442EA0800,2034A,,2017,2023,A1,7,3fe3b2c4764fc975a687abb49b974ae586775c28a86a0f633e946f983f31ada3,135633,"2017: Mines & Clearing Charges, All Types; 2018: Mines & Clearing Charges, All Types; 2019: Mines & Clearing Charges, All Types; 2020: Mines & Clearing Charges, All Types; 2021: Mines & Clearing Charges, All Types; 2022: Mines & Clearing Charges, All Types; 2023: Mines & Clearing Charges, All Types","Mines & Clearing Charges, All Types",1.00,7/7,R-DEC-ERA-SAME,same_program,,,,
0442|1506N|,0442,1506N,,2017,2023,A1,14,03bd88b5b76e4be8379486bd81a7f5f6548e8c7fced8d0bf2c50c89cc0657edf,3050409,2017: MQ-4 Triton; 2018: MQ-4 Triton; 2019: MQ-4 Triton; 2020: MQ-4 Triton; 2021: MQ-4 Triton; 2022: MQ-4 Triton; 2023: MQ-4 Triton,MQ-4 Triton,1.00,7/7,R-DEC-ERA-SAME,same_program,,,,
0443|1506N|,0443,1506N,,2017,2023,A1,7,57aa84a7e09f38b6a85a485aa9ab5700c132df14d94ca2d9cf02012594117215,679554,2017: MQ-8 UAV; 2018: MQ-8 UAV; 2019: MQ-8 UAV; 2020: MQ-8 UAV; 2021: MQ-8 UAV; 2022: MQ-8 UAV; 2023: MQ-8 UAV,MQ-8 UAV,1.00,6/7,R-DEC-ERA-SAME,same_program,,,,
0444|1506N|,0444,1506N,,2017,2023,A1,7,615487a4a195c908dcdbbe9dad5dc9ecaa28360c4aa78a1d5cd9d79e55735a7f,298226,2017: STUASL0 UAV; 2018: STUASL0 UAV; 2019: STUASL0 UAV; 2020: STUASL0 UAV; 2021: STUASL0 UAV; 2022: STUASL0 UAV; 2023: STUASL0 UAV,STUASL0 UAV,1.00,6/7,R-DEC-ERA-SAME,same_program,,,,
0449|1506N|,0449,1506N,,2022,2023,A1,3,3027635e48d5e14787e081fb8816e971e7d09f2d4eb2b8c5048b7a3862b25a35,0,2022: MQ-25; 2023: MQ-25,MQ-25,1.00,2/2,R-DEC-ERA-SAME,same_program,,,,
0451|1506N|,0451,1506N,,2020,2022,H,3,9bddf5020eda6d5401090d095860ab487dd97ddc12da22493d54c85a1d4b12fd,56108,2020: MQ-9A Reaper; 2021: MQ-9A Reaper; 2022: MQ-9A Reaper,,,2/2,R-DEC-ERA-HISTORY,history_only,,,,
0452|1506N|,0452,1506N,,2022,2023,A1,2,aec1bc1fe29bd6630e8b5c0345824d4f4e718d7151682f76d5164085d588904a,0,2022: Marine Group 5 UAS; 2023: Marine Group 5 UAS,Marine Group 5 UAS,1.00,2/2,R-DEC-ERA-SAME,same_program,,,,
0455|1506N|,0455,1506N,,2019,2023,H,5,5c9b21d187a42cfe6c34ce0cadc979fba8aab6afdb3b04257bfd4cfc1eb1a3fd,1867647,2019: VH-92A Executive Helo; 2020: VH-92A Executive Helo; 2021: VH-92A Executive Helo; 2022: VH-92A Executive Helo; 2023: VH-92A Executive Helo,,,4/4,R-DEC-ERA-HISTORY,history_only,,,,
0465|1506N|,0465,1506N,,2017,2022,A1,4,cf085b7cca248e8aa68e5fd8989d5288e1df1e13592ad118e092f9c17ebf96b1,29400,2017: Other Support Aircraft; 2018: Other Support Aircraft; 2021: Other Support Aircraft; 2022: Other Support Aircraft,Other Support Aircraft,1.00,2/2,R-DEC-ERA-SAME,same_program,,,,
0502|1506N|,0502,1506N,,2021,2023,A1,3,8c4da6a3b0b256b0e6ffa196251dceab45c4a09ed7f0410d55bdcc9daad0566f,183713,2021: F-18 A-D Unique; 2022: F-18 A-D Unique; 2023: F-18 A-D Unique,F-18 A-D Unique,1.00,3/3,R-DEC-ERA-SAME,same_program,,,,
0505|1506N|,0505,1506N,,2021,2023,A1,3,a41acafc48aaba3a8ecc657cac92167b2e73b748868ab7455d96db0507a13114,399348,2021: F-18E/F and EA-18G Modernization and Sustainm; 2022: F-18E/F and EA-18G Modernization and Sustainm; 2023: F-18E/F and EA-18G Modernization and Sustainm,F-18E/F and EA-18G Modernization and Sustainm,1.00,3/3,R-DEC-ERA-SAME,same_program,,,,
0507|1506N|,0507,1506N,,2022,2023,A1,2,5fb7c88f295b91f0d1691b6de8783e483c6aac6734d3790eb051eafb95e5f66b,0,2022: Marine Group 5 UAS Series; 2023: Marine Group 5 UAS Series,Marine Group 5 UAS Series,1.00,2/2,R-DEC-ERA-SAME,same_program,,,,
0511|1506N|,0511,1506N,,2017,2018,H,2,48161bf9ac46ebe61425faa8ae7f6e84226a99ecf48fab6f387c776c711d7dd7,18619,2017: EA-6 Series; 2018: EA-6 Series,,,1/1,R-DEC-ERA-HISTORY,history_only,,,,
0513|1506N|,0513,1506N,,2017,2023,A1,7,fdc233dece18daba25551b0e9d0153343346bee523f62201105cc652eb6ea839,276199,2017: AEA Systems; 2018: AEA Systems; 2019: AEA Systems; 2020: AEA Systems; 2021: AEA Systems; 2022: AEA Systems; 2023: AEA Systems,AEA Systems,1.00,7/7,R-DEC-ERA-SAME,same_program,,,,
0514|1506N|,0514,1506N,,2017,2023,A1,7,380a5477a45c1106718f8219d54a1cbe0e207f29ae7590a1ab0ab9198df6cb95,349993,2017: AV-8 Series; 2018: AV-8 Series; 2019: AV-8 Series; 2020: AV-8 Series; 2021: AV-8 Series; 2022: AV-8 Series; 2023: AV-8 Series,AV-8 Series,1.00,7/7,R-DEC-ERA-SAME,same_program,,,,
0515|1506N|,0515,1506N,,2021,2023,A1,3,9df53a4dd0b56759e0a3d55b23bb2e28c0dad9dfb6241b0f916d489f8650ecf7,97426,2021: Infrared Search and Track (IRST); 2022: Infrared Search and Track (IRST); 2023: Infrared Search and Track (IRST),Infrared Search and Track (IRST),1.00,3/3,R-DEC-ERA-SAME,same_program,,,,
0522|1506N|,0522,1506N,,2017,2023,A1,7,272a78e429bb51fc1fc101c68d3899372f71cd81ba1fb759fcd9fd6d718ef6c7,70315,2017: Adversary; 2018: Adversary; 2019: Adversary; 2020: Adversary; 2021: Adversary; 2022: Adversary; 2023: Adversary,Adversary,1.00,7/7,R-DEC-ERA-SAME,same_program,,,,
0525|1506N|,0525,1506N,,2017,2023,A1,7,6a3e65edcecbc657b5860c4b27e61bc65fa718ef00a24b703f67a868ca50aa93,6263717,2017: F-18 Series; 2018: F-18 Series; 2019: F-18 Series; 2020: F-18 Series; 2021: F-18 Series; 2022: F-18 Series; 2023: F-18 Series,F-18 Series,1.00,7/7,R-DEC-ERA-SAME,same_program,,,,
0526|1506N|,0526,1506N,,2017,2017,H,1,9cdac2f9c79184bc452ea4fd3ce2fde54188ae257bfebeb0c52036247443d8be,402,2017: H-46 Series,,,0/0,R-DEC-ERA-HISTORY,history_only,,,,
0528|1506N|,0528,1506N,,2017,2023,A1,7,7256cc6abd64cad6f5a91f6c33f0decbc485a4e451b5a2d147ae629c1e93b5fc,380528,2017: H-53 Series; 2018: H-53 Series; 2019: H-53 Series; 2020: H-53 Series; 2021: H-53 Series; 2022: H-53 Series; 2023: H-53 Series,H-53 Series,1.00,7/7,R-DEC-ERA-SAME,same_program,,,,
0530E15101|2034A|,0530E15101,2034A,,2017,2023,A1,7,29efd9f4f9950227df169b9fe1029074d33dc178caef50ffde132cfb750c0caa,323938,"2017: Artillery Cartridges, 75MM & 105MM, All Types; 2018: Artillery Cartridges, 75MM & 105MM, All Types; 2019: Artillery Cartridges, 75MM & 105MM, All Types; 2020: Artillery Cartridges, 75MM & 105MM, All Types; 2021: Artillery Cartridges, 75MM & 105MM, All Types; 2022: Artillery Cartridges, 75MM & 105MM, All Types; 2023: Artillery Cartridges, 75MM & 105MM, All Types","Artillery Cartridges, 75MM & 105MM, All Types",1.00,7/7,R-DEC-ERA-SAME,same_program,,,,
0530|1506N|,0530,1506N,,2017,2023,A1+A2,7,ab1c24f46f007ac0899ce1fc1157839f365173e6411b721a08b3f1ce7589f665,838063,2017: SH-60 Series; 2018: SH-60 Series; 2019: SH-60 Series; 2020: MH-60 Series; 2021: MH-60 Series; 2022: MH-60 Series; 2023: MH-60 Series,MH-60 Series,0.50,7/7,owner-batch,,,,,
0532|1506N|,0532,1506N,,2017,2023,A1,7,a25b99ddfc961251047a7c52a56595c41b503fe97dd3f3ae3b98fe407014578d,595198,2017: H-1 Series; 2018: H-1 Series; 2019: H-1 Series; 2020: H-1 Series; 2021: H-1 Series; 2022: H-1 Series; 2023: H-1 Series,H-1 Series,1.00,7/7,R-DEC-ERA-SAME,same_program,,,,
0537|1506N|,0537,1506N,,2017,2023,A1,7,5c8d5184d1e97207fd7cb80e56a6d44f39c423b8b2f1e9034f66fec033824f1e,208324,2017: EP-3 Series; 2018: EP-3 Series; 2019: EP-3 Series; 2020: EP-3 Series; 2021: EP-3 Series; 2022: EP-3 Series; 2023: EP-3 Series,EP-3 Series,1.00,7/7,R-DEC-ERA-SAME,same_program,,,,
0538|1506N|,0538,1506N,,2017,2021,H,5,8d6d9f32daaf6c5658d7f9b93d9e178febd211bf3ad990c121611cda69893174,9911,2017: P-3 Series; 2018: P-3 Series; 2019: P-3 Series; 2020: P-3 Series; 2021: P-3 Series,,,4/4,R-DEC-ERA-HISTORY,history_only,,,,
0544|1506N|,0544,1506N,,2017,2023,A1,7,6e527b9b42cffd62c49b0f8806289e52ca7a15a914458c0617b533bc21be43cd,497881,2017: E-2 Series; 2018: E-2 Series; 2019: E-2 Series; 2020: E-2 Series; 2021: E-2 Series; 2022: E-2 Series; 2023: E-2 Series,E-2 Series,1.00,7/7,R-DEC-ERA-SAME,same_program,,,,
0549|1506N|,0549,1506N,,2017,2023,A1,7,40ab231696ddbe786aa03a1dd99e4f2be4613c202ae793885037ddaaee74d12d,81790,2017: Trainer A/C Series; 2018: Trainer A/C Series; 2019: Trainer A/C Series; 2020: Trainer A/C Series; 2021: Trainer A/C Series; 2022: Trainer A/C Series; 2023: Trainer A/C Series,Trainer A/C Series,1.00,7/7,R-DEC-ERA-SAME,same_program,,,,
0556|1506N|,0556,1506N,,2017,2023,A1,7,5cebafb14706c2c5bac0780505f58d503c1fdfc742991bc64f055d9f9ce844eb,71907,2017: C-2A; 2018: C-2A; 2019: C-2A; 2020: C-2A; 2021: C-2A; 2022: C-2A; 2023: C-2A,C-2A,1.00,7/7,R-DEC-ERA-SAME,same_program,,,,
0560|1506N|,0560,1506N,,2017,2023,A1,7,32ef64da9bb2cacab1a99a6140f5e1d2ee0376a500cb53913518d5be0815ee0c,643640,2017: C-130 Series; 2018: C-130 Series; 2019: C-130 Series; 2020: C-130 Series; 2021: C-130 Series; 2022: C-130 Series; 2023: C-130 Series,C-130 Series,1.00,6/7,R-DEC-ERA-SAME,same_program,,,,
0561|1506N|,0561,1506N,,2017,2023,A1,7,ee47bf206847a96cb339901039d632c18ff3ae30712c59eba17ac25b153cc9e0,4311,2017: FEWSG; 2018: FEWSG; 2019: FEWSG; 2020: FEWSG; 2021: FEWSG; 2022: FEWSG; 2023: FEWSG,FEWSG,1.00,7/7,R-DEC-ERA-SAME,same_program,,,,
0562|1506N|,0562,1506N,,2017,2023,A1,7,0a2ba1d0bffc4ded52a7b2a61ebf41d11231249e2886a950d72d05acafbe7541,59458,2017: Cargo/Transport A/C Series; 2018: Cargo/Transport A/C Series; 2019: Cargo/Transport A/C Series; 2020: Cargo/Transport A/C Series; 2021: Cargo/Transport A/C Series; 2022: Cargo/Transport A/C Series; 2023: Cargo/Transport A/C Series,Cargo/Transport A/C Series,1.00,7/7,R-DEC-ERA-SAME,same_program,,,,
0564|1506N|,0564,1506N,,2017,2023,A1,7,b914b53882a4888c8214bc6ea59ce4e6a7a8129e131383cf1ab577c82e71231a,1281509,2017: E-6 Series; 2018: E-6 Series; 2019: E-6 Series; 2020: E-6 Series; 2021: E-6 Series; 2022: E-6 Series; 2023: E-6 Series,E-6 Series,1.00,7/7,R-DEC-ERA-SAME,same_program,,,,
0566|1506N|,0566,1506N,,2017,2023,A1,7,b583c3085868794c26bc037df86efe476452a94fab1190e75880bf92dd99c0bc,284762,2017: Executive Helicopters Series; 2018: Executive Helicopters Series; 2019: Executive Helicopters Series; 2020: Executive Helicopters Series; 2021: Executive Helicopters Series; 2022: Executive Helicopters Series; 2023: Executive Helicopters Series,Executive Helicopters Series,1.00,7/7,R-DEC-ERA-SAME,same_program,,,,
0567|1506N|,0567,1506N,,2017,2022,H,6,25a54a430e26837d95ade969626b540028ced9eb6c00bf4ce750fe5b61ff3ecc,132859,2017: Special Project Aircraft; 2018: Special Project Aircraft; 2019: Special Project Aircraft; 2020: Special Project Aircraft; 2021: Special Project Aircraft; 2022: Special Project Aircraft,,,5/5,R-DEC-ERA-HISTORY,history_only,,,,
0569|1506N|,0569,1506N,,2017,2023,A1,7,81e08f23daf0fe0e0c58b1272df3c24c39e9353ebcdcdcc280414703fa45af0b,963228,2017: T-45 Series; 2018: T-45 Series; 2019: T-45 Series; 2020: T-45 Series; 2021: T-45 Series; 2022: T-45 Series; 2023: T-45 Series,T-45 Series,1.00,7/7,R-DEC-ERA-SAME,same_program,,,,
0570|1506N|,0570,1506N,,2017,2023,A1,7,62a4e5adaeee76d98e246299efc92a4f0cf5982a513b138a5e82f63e15484902,148666,2017: Power Plant Changes; 2018: Power Plant Changes; 2019: Power Plant Changes; 2020: Power Plant Changes; 2021: Power Plant Changes; 2022: Power Plant Changes; 2023: Power Plant Changes,Power Plant Changes,1.00,7/7,R-DEC-ERA-SAME,same_program,,,,
0571|1506N|,0571,1506N,,2017,2023,A1,7,2ed638bbcaea8b5b7acc9db48f66888c05c3bcc13f92e50c16c115b1ddfc4b23,120237,2017: JPATS Series; 2018: JPATS Series; 2019: JPATS Series; 2020: JPATS Series; 2021: JPATS Series; 2022: JPATS Series; 2023: JPATS Series,JPATS Series,1.00,7/7,R-DEC-ERA-SAME,same_program,,,,
0572EP1000|2034A|,0572EP1000,2034A,,2017,2023,A1,7,a5b3746d2e4ad527c25de8bd77a9966b20ad649b40aa03d72fa19bca1953908a,2829830,2017: Industrial Facilities; 2018: Industrial Facilities; 2019: Industrial Facilities; 2020: Industrial Facilities; 2021: Industrial Facilities; 2022: Industrial Facilities; 2023: Industrial Facilities,Industrial Facilities,1.00,7/7,R-DEC-ERA-SAME,same_program,,,,
0575|1506N|,0575,1506N,,2019,2023,A1,5,15ed150efb6a5634b7714c7cab0da1bdf4c323faee94b5bee68d68ff868a870b,100959,2019: Aviation Life Support Mods; 2020: Aviation Life Support Mods; 2021: Aviation Life Support Mods; 2022: Aviation Life Support Mods; 2023: Aviation Life Support Mods,Aviation Life Support Mods,1.00,5/5,R-DEC-ERA-SAME,same_program,,,,
0576|1506N|,0576,1506N,,2017,2023,A1,7,7e0ba362b96c145341e105d39d2fa8e6a20655fd6022af30d4191618fbf903f2,1338920,2017: Common ECM Equipment; 2018: Common ECM Equipment; 2019: Common ECM Equipment; 2020: Common ECM Equipment; 2021: Common ECM Equipment; 2022: Common ECM Equipment; 2023: Common ECM Equipment,Common ECM Equipment,1.00,7/7,R-DEC-ERA-SAME,same_program,,,,
0577|1506N|,0577,1506N,,2017,2023,A1,7,0c535dbdcdbb1ac41ce0e7f998367ec139e1f6a79a44b28f40b4eda8c0e91fd4,876511,2017: Common Avionics Changes; 2018: Common Avionics Changes; 2019: Common Avionics Changes; 2020: Common Avionics Changes; 2021: Common Avionics Changes; 2022: Common Avionics Changes; 2023: Common Avionics Changes,Common Avionics Changes,1.00,7/7,R-DEC-ERA-SAME,same_program,,,,
0581|1506N|,0581,1506N,,2017,2023,A1,7,f522d4c2954855c2c937da7c9de614b32bb4ab3979d8b0f3eece759e6646d68c,27733,2017: Common Defensive Weapon System; 2018: Common Defensive Weapon System; 2019: Common Defensive Weapon System; 2020: Common Defensive Weapon System; 2021: Common Defensive Weapon System; 2022: Common Defensive Weapon System; 2023: Common Defensive Weapon System,Common Defensive Weapon System,1.00,7/7,R-DEC-ERA-SAME,same_program,,,,
0582|1506N|,0582,1506N,,2017,2023,A1,7,20ad1be1125968cf18e7ef459e00f7064533c0e1ffde74107ca1cc9c06ca5421,288071,2017: ID Systems; 2018: ID Systems; 2019: ID Systems; 2020: ID Systems; 2021: ID Systems; 2022: ID Systems; 2023: ID Systems,ID Systems,1.00,7/7,R-DEC-ERA-SAME,same_program,,,,
0586|1506N|,0586,1506N,,2017,2023,A1,7,11af81b5b33446eba795c40e9cba1941cf418552edc4e6f28334331181aae48e,299480,2017: P-8 Series; 2018: P-8 Series; 2019: P-8 Series; 2020: P-8 Series; 2021: P-8 Series; 2022: P-8 Series; 2023: P-8 Series,P-8 Series,1.00,7/7,R-DEC-ERA-SAME,same_program,,,,
0587|1506N|,0587,1506N,,2017,2023,A1,7,b2e88b05486ce8804f7d3820692c58947e43d8cb710b63eba4a1c94d0d622964,120453,2017: MAGTF EW for Aviation; 2018: MAGTF EW for Aviation; 2019: MAGTF EW for Aviation; 2020: MAGTF EW for Aviation; 2021: MAGTF EW for Aviation; 2022: MAGTF EW for Aviation; 2023: MAGTF EW for Aviation,MAGTF EW for Aviation,1.00,7/7,R-DEC-ERA-SAME,same_program,,,,
0588|1506N|,0588,1506N,,2017,2023,A1,7,bd23a273a2fba79f6265b6e6a58c5f8d584ac94be14b3571fb73d3046d8de809,164938,2017: MQ-8 Series; 2018: MQ-8 Series; 2019: MQ-8 Series; 2020: MQ-8 Series; 2021: MQ-8 Series; 2022: MQ-8 Series; 2023: MQ-8 Series,MQ-8 Series,1.00,7/7,R-DEC-ERA-SAME,same_program,,,,
0589|1506N|,0589,1506N,,2017,2019,H,3,70d455d50d6d3f2f65a376ee2bb8f7c9449a9197cee170d5c743b59475739eb2,5307,2017: RQ-7 Series; 2018: RQ-7 Series; 2019: RQ-7 Series,,,1/2,R-DEC-ERA-HISTORY,history_only,,,,
0590|1506N|,0590,1506N,,2017,2023,A1,7,fdde5b0cbc5f7945d20472f716dbaa0d6a380457a329a35cddae3cb9c32f09b3,1569636,2017: V-22 (Tilt/Rotor  ACFT) Osprey; 2018: V-22 (Tilt/Rotor  ACFT) Osprey; 2019: V-22 (Tilt/Rotor  ACFT) Osprey; 2020: V-22 (Tilt/Rotor  ACFT) Osprey; 2021: V-22 (Tilt/Rotor  ACFT) Osprey; 2022: V-22 (Tilt/Rotor  ACFT) Osprey; 2023: V-22 (Tilt/Rotor  ACFT) Osprey,V-22 (Tilt/Rotor  ACFT) Osprey,1.00,7/7,R-DEC-ERA-SAME,same_program,,,,
0591|1506N|,0591,1506N,,2019,2023,A1,5,4a7c3484f28308b80cb259c07a5570389dbd51c2cfe4e97dcacc1c1a90b50625,163735,2019: Next Generation Jammer (NGJ); 2020: Next Generation Jammer (NGJ); 2021: Next Generation Jammer (NGJ); 2022: Next Generation Jammer (NGJ); 2023: Next Generation Jammer (NGJ),Next Generation Jammer (NGJ),1.00,5/5,R-DEC-ERA-SAME,same_program,,,,
0592|1506N|,0592,1506N,,2017,2023,A1,7,bc57bc2f1292d1faf1049662c8fad91e67c58ef7e6ae3aa0cc5e0eda16515560,718196,2017: F-35 STOVL Series; 2018: F-35 STOVL Series; 2019: F-35 STOVL Series; 2020: F-35 STOVL Series; 2021: F-35 STOVL Series; 2022: F-35 STOVL Series; 2023: F-35 STOVL Series,F-35 STOVL Series,1.00,7/7,R-DEC-ERA-SAME,same_program,,,,
0593|1506N|,0593,1506N,,2017,2023,A1,7,5360f75d5714bcb6da5ee15c08a80df65a02c5bc743332b0ef4f8428c02ee42f,250032,2017: F-35 CV Series; 2018: F-35 CV Series; 2019: F-35 CV Series; 2020: F-35 CV Series; 2021: F-35 CV Series; 2022: F-35 CV Series; 2023: F-35 CV Series,F-35 CV Series,1.00,7/7,R-DEC-ERA-SAME,same_program,,,,
0595|1506N|,0595,1506N,,2017,2023,A1,7,6f48ca93cef97caf11be51a491dd5fbd9da3c7dc0375c80a966a3ca986242e65,493571,2017: QRC; 2018: QRC; 2019: QRC; 2020: QRC; 2021: QRC; 2022: QRC; 2023: QRC,QRC,1.00,6/7,R-DEC-ERA-SAME,same_program,,,,
0596|1506N|,0596,1506N,,2018,2023,A1,6,2312e6b5e24320c0c8996ab5baf984422de6bb679137bf2ce8395214e0b74f84,98152,2018: MQ-4 Series; 2019: MQ-4 Series; 2020: MQ-4 Series; 2021: MQ-4 Series; 2022: MQ-4 Series; 2023: MQ-4 Series,MQ-4 Series,1.00,5/6,R-DEC-ERA-SAME,same_program,,,,
0598|1506N|,0598,1506N,,2019,2023,A1,5,849c2bed88f6185a6c6e32d20ea6007212ce764e715e3975f145a5c7384e2a98,86845,2019: RQ-21 Series; 2020: RQ-21 Series; 2021: RQ-21 Series; 2022: RQ-21 Series; 2023: RQ-21 Series,RQ-21 Series,1.00,5/5,R-DEC-ERA-SAME,same_program,,,,
0600N11000|2035A|,0600N11000,2035A,,2017,2023,H,7,3bc299ab5ed0572c7e558cc1c65003e82c084f96c61f5398bf1d9f48bc0c6598,71336,2017: Test Equipment Modernization (TEMOD); 2018: Test Equipment Modernization (TEMOD); 2019: Test Equipment Modernization (TEMOD); 2020: Test Equipment Modernization (TEMOD); 2021: Test Equipment Modernization (TEMOD); 2022: Test Equipment Modernization (TEMOD); 2023: Test Equipment Modernization (TEMOD),,,6/6,R-DEC-ERA-HISTORY,history_only,,,,
0605G02510|2035A|,0605G02510,2035A,,2022,2023,A1,2,c2fdf464ef6fa53c700984e517f7ff7fc0e3385bb58e1291382f58b8b7b6b125,0,2022: Test Equipment Modernization (TEMOD); 2023: Test Equipment Modernization (TEMOD),Test Equipment Modernization (TEMOD),1.00,2/2,R-DEC-ERA-SAME,same_program,,,,
0605|1506N|,0605,1506N,,2017,2023,A1,7,d8f7a57a76d3bf68aa78dfae96dfbcd8413954df851023e17256e47aab43c514,12679628,2017: Spares and Repair Parts; 2018: Spares and Repair Parts; 2019: Spares and Repair Parts; 2020: Spares and Repair Parts; 2021: Spares and Repair Parts; 2022: Spares and Repair Parts; 2023: Spares and Repair Parts,Spares and Repair Parts,1.00,7/7,R-DEC-ERA-SAME,same_program,,,,
0607GVAS|0300D|,0607GVAS,0300D,,2017,2023,H,7,e711224329d8a307e8fb2e563772cbbcb9c1adf52ca27b9b1a698df4e8f26c54,29499,2017: Global Video Surveillance Activities; 2018: Global Video Surveillance Activities; 2019: Global Video Surveillance Activities; 2020: Global Video Surveillance Activities; 2021: Global Video Surveillance Activities; 2022: Global Video Surveillance Activities; 2023: Global Video Surveillance Activities,,,6/6,R-DEC-ERA-HISTORY,history_only,,,,
0607OEI|0300D|,0607OEI,0300D,,2017,2023,A1,7,f9b53e911e45acc6379223d405fad7671d81f594d4618fa1c64bd385e6276a2c,160216,2017: Operational Enhancements Intelligence; 2018: Operational Enhancements Intelligence; 2019: Operational Enhancements Intelligence; 2020: Operational Enhancements Intelligence; 2021: Operational Enhancements Intelligence; 2022: Operational Enhancements Intelligence; 2023: Operational Enhancements Intelligence,Operational Enhancements Intelligence,1.00,7/7,R-DEC-ERA-SAME,same_program,,,,
0607U28|0300D|,0607U28,0300D,,2017,2023,A1,7,84d94b46847c26b1228eee0f70ea54d0394b1dc243e1a5e5cdec29ae64a6cf0a,356451,2017: U-28; 2018: U-28; 2019: U-28; 2020: U-28; 2021: U-28; 2022: U-28; 2023: U-28,U-28,1.00,6/7,R-DEC-ERA-SAME,same_program,,,,
0610MH47|0300D|,0610MH47,0300D,,2017,2023,A1,7,7f4ed868dbdf6f75b28f5dd9b59c4d5558d6061a7aa1f791f2351ef17dda806a,789834,2017: MH-47 Chinook; 2018: MH-47 Chinook; 2019: MH-47 Chinook; 2020: MH-47 Chinook; 2021: MH-47 Chinook; 2022: MH-47 Chinook; 2023: MH-47 Chinook,MH-47 Chinook,1.00,6/7,R-DEC-ERA-SAME,same_program,,,,
0612E02000|2034A|,0612E02000,2034A,,2017,2023,A1,7,2af39d86a683ecd83911d82ffdd6abb2786fa7e0a8c4e272f93f112c2b2bd7cf,472341,"2017: CTG, 7.62mm, All Types; 2018: CTG, 7.62mm, All Types; 2019: CTG, 7.62mm, All Types; 2020: CTG, 7.62mm, All Types; 2021: CTG, 7.62MM, All Types; 2022: CTG, 7.62MM, All Types; 2023: CTG, 7.62MM, All Types","CTG, 7.62MM, All Types",1.00,7/7,R-DEC-ERA-SAME,same_program,,,,
0612E76740|2034A|,0612E76740,2034A,,2021,2023,A1,3,a6d6c13ac1323061096d2fd40fc4dba287b499587d5af5918c94ad1a580ba036,5994,2021: Close Terrain Shaping Obstacle; 2022: Close Terrain Shaping Obstacle; 2023: Close Terrain Shaping Obstacle,Close Terrain Shaping Obstacle,1.00,3/3,R-DEC-ERA-SAME,same_program,,,,
0639G05301|2035A|,0639G05301,2035A,,2017,2023,A1,7,7d5178e6e88f1ec0f92cbda7e65a556aaff6ed51bda05744c759d3c1d0b7b762,465741,2017: Mobile Maintenance Equipment Systems; 2018: Mobile Maintenance Equipment Systems; 2019: Mobile Maintenance Equipment Systems; 2020: Mobile Maintenance Equipment Systems; 2021: Mobile Maintenance Equipment Systems; 2022: Mobile Maintenance Equipment Systems; 2023: Mobile Maintenance Equipment Systems,Mobile Maintenance Equipment Systems,1.00,7/7,R-DEC-ERA-SAME,same_program,,,,
0648CC0007|2032A|,0648CC0007,2032A,,2017,2023,A1,7,6b83f6a85ec84877c4a7d7f27ed9ccd85739fb9a29b43b5fe3097bfbeaa5bf68,1267753,2017: Javelin (Aaws-M) System Summary; 2018: Javelin (Aaws-M) System Summary; 2019: Javelin (Aaws-M) System Summary; 2020: Javelin (Aaws-M) System Summary; 2021: Javelin (AAWS-M) System Summary; 2022: Javelin (AAWS-M) System Summary; 2023: Javelin (AAWS-M) System Summary,Javelin (AAWS-M) System Summary,1.00,5/7,R-DEC-ERA-SAME,same_program,,,,
0670|1810N|,0670,1810N,,2017,2023,A1,7,4a87cd0d215f6242707453c6a08f81542e126962777d112a304530c276919fe9,443961,2017: Other Navigation Equipment; 2018: Other Navigation Equipment; 2019: Other Navigation Equipment; 2020: Other Navigation Equipment; 2021: Other Navigation Equipment; 2022: Other Navigation Equipment; 2023: Other Navigation Equipment,Other Navigation Equipment,1.00,7/7,R-DEC-ERA-SAME,same_program,,,,
0684EB0016|2034A|,0684EB0016,2034A,,2017,2023,A1,7,5482526a806d3b1a359d80521e1d3d9a9135d3908a10e51574a0c29880463e10,38930,"2017: Ammo Components, All Types; 2018: Ammo Components, All Types; 2019: Ammo Components, All Types; 2020: Ammo Components, All Types; 2021: Ammo Components, All Types; 2022: Ammo Components, All Types; 2023: Ammo Components, All Types","Ammo Components, All Types",1.00,7/7,R-DEC-ERA-SAME,same_program,,,,
0705|1506N|,0705,1506N,,2017,2023,A1,7,113e0ac22da52180cdef42f8c421c0e4ff0fd99933bf7ac93f58195123246653,2893721,2017: Common Ground Equipment; 2018: Common Ground Equipment; 2019: Common Ground Equipment; 2020: Common Ground Equipment; 2021: Common Ground Equipment; 2022: Common Ground Equipment; 2023: Common Ground Equipment,Common Ground Equipment,1.00,7/7,R-DEC-ERA-SAME,same_program,,,,
0715|1506N|,0715,1506N,,2017,2023,A1,7,ef688d464d75f6c73efa2c1b894faa8f3c49ac018e3189d34e10422707e45171,270020,2017: Aircraft Industrial Facilities; 2018: Aircraft Industrial Facilities; 2019: Aircraft Industrial Facilities; 2020: Aircraft Industrial Facilities; 2021: Aircraft Industrial Facilities; 2022: Aircraft Industrial Facilities; 2023: Aircraft Industrial Facilities,Aircraft Industrial Facilities,1.00,7/7,R-DEC-ERA-SAME,same_program,,,,
0720|1506N|,0720,1506N,,2017,2023,A1,7,5f3f258a46c949c399113d40f952e284dbc86e93972c0006a1c190037fb230b9,220725,2017: War Consumables; 2018: War Consumables; 2019: War Consumables; 2020: War Consumables; 2021: War Consumables; 2022: War Consumables; 2023: War Consumables,War Consumables,1.00,6/7,R-DEC-ERA-SAME,same_program,,,,
0725MB6400|2035A|,0725MB6400,2035A,,2017,2023,A1,6,0c685eae42053282919169137b1b3151e0ed1348eb4cea6c9df4066c3791a77f,21913,2017: Quality Surveillance Equipment; 2018: Quality Surveillance Equipment; 2019: Quality Surveillance Equipment; 2020: Quality Surveillance Equipment; 2022: QUALITY SURVEILLANCE EQUIPMENT; 2023: QUALITY SURVEILLANCE EQUIPMENT,QUALITY SURVEILLANCE EQUIPMENT,1.00,5/5,R-DEC-ERA-SAME,same_program,,,,
0725|1506N|,0725,1506N,,2017,2023,A1,7,e0abc361efca3219361ac26da1e5cc3b4d1334a50fb1e965c176255ad49acb08,29889,2017: Other Production Charges; 2018: Other Production Charges; 2019: Other Production Charges; 2020: Other Production Charges; 2021: Other Production Charges; 2022: Other Production Charges; 2023: Other Production Charges,Other Production Charges,1.00,7/7,R-DEC-ERA-SAME,same_program,,,,
0735|1506N|,0735,1506N,,2017,2023,A1,7,481e5190cbd077f96edb782723868d60172cd589b966ce5d52e7b98a2cdac8a3,471088,2017: Special Support Equipment; 2018: Special Support Equipment; 2019: Special Support Equipment; 2020: Special Support Equipment; 2021: Special Support Equipment; 2022: Special Support Equipment; 2023: Special Support Equipment,Special Support Equipment,1.00,7/7,R-DEC-ERA-SAME,same_program,,,,
0740|1506N|,0740,1506N,,2017,2022,H,6,974da94d1142fa9ebc7682b0835313cabf6033fd5cfb34e147a2a2b527513e30,8419,2017: First Destination Transportation; 2018: First Destination Transportation; 2019: First Destination Transportation; 2020: First Destination Transportation; 2021: First Destination Transportation; 2022: First Destination Transportation,,,5/5,R-DEC-ERA-HISTORY,history_only,,,,
0756AA6601|2031A|,0756AA6601,2031A,,2018,2023,A1,6,4c395756248b152a4b4eb19aadc6b72bc8ad9205427f0338ad207de898efdb67,309051,2018: Gray Eagle Mods2; 2019: Gray Eagle Mods2; 2020: Gray Eagle Mods2; 2021: Gray Eagle Mods2; 2022: Gray Eagle Mods2; 2023: Gray Eagle Mods2,Gray Eagle Mods2,1.00,5/6,R-DEC-ERA-SAME,same_program,,,,
0770|1506N|,0770,1506N,,2018,2018,A1,1,8a7b6574d6d60262e749daec81d6904b986c73e627656d68abb1609a7a6a70df,18,2018: Judgment Fund,Judgment Fund,1.00,0/0,R-DEC-ERA-SAME,same_program,,,,
0790|1506N|,0790,1506N,,2017,2023,A1,7,b57d09c48ef94ff5f7e13dab55d63c7b2062df59c6df72763063d4b34ac0731b,1517,2017: Cancelled Account Adjustments; 2018: Cancelled Account Adjustments; 2019: Cancelled Account Adjustments; 2020: Cancelled Account Adjustments; 2021: Cancelled Account Adjustments; 2022: Cancelled Account Adjustments; 2023: Cancelled Account Adjustments,Cancelled Account Adjustments,1.00,7/7,R-DEC-ERA-SAME,same_program,,,,
0809RQ11|0300D|,0809RQ11,0300D,,2017,2018,H,2,e311e7f9ff3ba3a0ac7a49f7c81ef53dbff77ba2420e9341a8dea28578913268,27695,2017: RQ-11 Unmanned Aerial Vehicle; 2018: RQ-11 Unmanned Aerial Vehicle,,,1/1,R-DEC-ERA-HISTORY,history_only,,,,
0822RA0100|2035A|,0822RA0100,2035A,,2017,2023,H,7,1c1b893c8e0d63f4df6000e1c89294bdb6998a7cab9e6f02f83a917d55d9adff,97958,"2017: Scrapers,  Earthmoving; 2018: Scrapers,  Earthmoving; 2019: Scrapers,  Earthmoving; 2020: Scrapers,  Earthmoving; 2021: Scrapers,  Earthmoving; 2022: Scrapers,  Earthmoving; 2023: Scrapers,  Earthmoving",,,6/6,R-DEC-ERA-HISTORY,history_only,,,,
0831|1810N|,0831,1810N,,2017,2018,H,2,f05464d24268a063cb1cb2245f61c081cf2ed526b381229a44614bfe209d7631,120330,2017: Sub Periscopes & Imaging Equip; 2018: Sub Periscopes & Imaging Equip,,,1/1,R-DEC-ERA-HISTORY,history_only,,,,
0832AZ3000|2031A|,0832AZ3000,2031A,,2017,2023,H,7,c2571c2774223f6455da8a1fe0f22dd7c7d63c14356220f4d99bc33349976469,32028,2017: Avionics Support Equipment; 2018: Avionics Support Equipment; 2019: Avionics Support Equipment; 2020: Avionics Support Equipment; 2021: Avionics Support Equipment; 2022: Avionics Support Equipment; 2023: Avionics Support Equipment,,,6/6,R-DEC-ERA-HISTORY,history_only,,,,
0840|1810N|,0840,1810N,,2017,2023,A1,7,3a351edca66d13c054f62ecfc5eb861ed3bbfa0434125946f51850d3f68b2f86,855753,"2017: Sub Periscope, Imaging and Supt Equip Prog; 2018: Sub Periscope, Imaging and Supt Equip Prog; 2019: Sub Periscope, Imaging and Supt Equip Prog; 2020: Sub Periscope, Imaging and Supt Equip Prog; 2021: Sub Periscope, Imaging and Supt Equip Prog; 2022: Sub Periscope, Imaging and Supt Equip Prog; 2023: Sub Periscope, Imaging and Supt Equip Prog","Sub Periscope, Imaging and Supt Equip Prog",1.00,7/7,R-DEC-ERA-SAME,same_program,,,,
0900|1810N|,0900,1810N,,2017,2023,A1,7,76cba1e639048f19cc856de5a24f6970d1c8c41892d81288f7fab63b16b673bb,3295314,2017: DDG Mod; 2018: DDG Mod; 2019: DDG Mod; 2020: DDG Mod; 2021: DDG Mod; 2022: DDG Mod; 2023: DDG Mod,DDG Mod,1.00,7/7,R-DEC-ERA-SAME,same_program,,,,
0910|1810N|,0910,1810N,,2017,2023,A1,7,75fa8342c80280785d9bc9b6a690ccdbe059d947509d33c81a74eb37a0ec683f,122840,2017: Firefighting Equipment; 2018: Firefighting Equipment; 2019: Firefighting Equipment; 2020: Firefighting Equipment; 2021: Firefighting Equipment; 2022: Firefighting Equipment; 2023: Firefighting Equipment,Firefighting Equipment,1.00,7/7,R-DEC-ERA-SAME,same_program,,,,
0925|1810N|,0925,1810N,,2017,2023,A1,7,4893b703a59542c55e8813379e4f39c6bb23dc76dce08a79d8cdf324a8bd959a,15562,2017: Command and Control Switchboard; 2018: Command and Control Switchboard; 2019: Command and Control Switchboard; 2020: Command and Control Switchboard; 2021: Command and Control Switchboard; 2022: Command and Control Switchboard; 2023: Command and Control Switchboard,Command and Control Switchboard,1.00,7/7,R-DEC-ERA-SAME,same_program,,,,
0930D01001|2035A|,0930D01001,2035A,,2017,2023,A1,7,e285bcb58c962ea56fd90431b14c30af8e3ef72e8c3f33340404b72ce22a6b5c,224767,"2017: Semitrailers, Flatbed:; 2018: Semitrailers, Flatbed:; 2019: Semitrailers, Flatbed:; 2020: Semitrailers, Flatbed:; 2021: Semitrailers, Flatbed:; 2022: Semitrailers, Flatbed:; 2023: Semitrailers, Flatbed:","Semitrailers, Flatbed:",1.00,5/7,R-DEC-ERA-SAME,same_program,,,,
0933|1810N|,0933,1810N,,2017,2023,A1,7,0057da6b2708639ac65b610f000240dcd286e2a5ec04684fb9b584fbf38df661,230675,2017: LHA/LHD Midlife; 2018: LHA/LHD Midlife; 2019: LHA/LHD Midlife; 2020: LHA/LHD Midlife; 2021: LHA/LHD Midlife; 2022: LHA/LHD Midlife; 2023: LHA/LHD Midlife,LHA/LHD Midlife,1.00,6/7,R-DEC-ERA-SAME,same_program,,,,
0934|1810N|,0934,1810N,,2017,2023,A1,4,f2540fbd5bfe0a0c3ffe7eba417b38c85d3710d2be749306c2a41e734388f24f,29656,2017: LCC 19/20 Extended Service Life Program; 2018: LCC 19/20 Extended Service Life Program; 2022: LCC 19/20 Extended Service Life Program; 2023: LCC 19/20 Extended Service Life Program,LCC 19/20 Extended Service Life Program,1.00,3/3,R-DEC-ERA-SAME,same_program,,,,
0935|1810N|,0935,1810N,,2017,2023,A1,7,b342df41ecc131ac51e04888f01f55d2f77aaaf9f30276817368489f629bae77,121754,2017: Pollution Control Equipment; 2018: Pollution Control Equipment; 2019: Pollution Control Equipment; 2020: Pollution Control Equipment; 2021: Pollution Control Equipment; 2022: Pollution Control Equipment; 2023: Pollution Control Equipment,Pollution Control Equipment,1.00,7/7,R-DEC-ERA-SAME,same_program,,,,
0941|1810N|,0941,1810N,,2017,2023,A1,7,c2751aef46a5a5720e4af10d41ac23168ad2a8e2b01734d069ef073f68355d37,191125,2017: Submarine Support Equipment; 2018: Submarine Support Equipment; 2019: Submarine Support Equipment; 2020: Submarine Support Equipment; 2021: Submarine Support Equipment; 2022: Submarine Support Equipment; 2023: Submarine Support Equipment,Submarine Support Equipment,1.00,7/7,R-DEC-ERA-SAME,same_program,,,,
0942|1810N|,0942,1810N,,2017,2023,A1,7,3ac4202ac161a5a6e3cf410ba035ee48a1907249078e2e9e31bc4ebb39aadb2b,333094,2017: Virginia Class Support Equipment; 2018: Virginia Class Support Equipment; 2019: Virginia Class Support Equipment; 2020: Virginia Class Support Equipment; 2021: Virginia Class Support Equipment; 2022: Virginia Class Support Equipment; 2023: Virginia Class Support Equipment,Virginia Class Support Equipment,1.00,7/7,R-DEC-ERA-SAME,same_program,,,,
0944|1810N|,0944,1810N,,2017,2023,A1,7,44940cbcd5f4503d3733649dfe4675e9b4358aab516fd03ff40f51d697f4ca0d,222420,2017: LCS Class Support Equipment; 2018: LCS Class Support Equipment; 2019: LCS Class Support Equipment; 2020: LCS Class Support Equipment; 2021: LCS Class Support Equipment; 2022: LCS Class Support Equipment; 2023: LCS Class Support Equipment,LCS Class Support Equipment,1.00,7/7,R-DEC-ERA-SAME,same_program,,,,
0945|1810N|,0945,1810N,,2017,2023,A1,7,61099cd61f3a956c3ec1b6e2d7aa6d3c6c2ce00716571091d7c00a6a76123b54,181149,2017: Submarine Batteries; 2018: Submarine Batteries; 2019: Submarine Batteries; 2020: Submarine Batteries; 2021: Submarine Batteries; 2022: Submarine Batteries; 2023: Submarine Batteries,Submarine Batteries,1.00,7/7,R-DEC-ERA-SAME,same_program,,,,
0946|1810N|,0946,1810N,,2017,2023,A1,7,4d97cab1e005fd3e4367e110c4bb6c56184c9b68131d549542b7c8cd6a299873,311220,2017: LPD Class Support Equipment; 2018: LPD Class Support Equipment; 2019: LPD Class Support Equipment; 2020: LPD Class Support Equipment; 2021: LPD Class Support Equipment; 2022: LPD Class Support Equipment; 2023: LPD Class Support Equipment,LPD Class Support Equipment,1.00,7/7,R-DEC-ERA-SAME,same_program,,,,
0947|1810N|,0947,1810N,,2017,2023,A1,7,01767f68149fb374081155ace6a9cf7b20e8c6a70ddc4b9b98d3f12370ab9e74,137493,2017: DDG 1000 Class Support Equipment; 2018: DDG 1000 Class Support Equipment; 2019: DDG 1000 Class Support Equipment; 2020: DDG 1000 Class Support Equipment; 2021: DDG 1000 Class Support Equipment; 2022: DDG 1000 Class Support Equipment; 2023: DDG 1000 Class Support Equipment,DDG 1000 Class Support Equipment,1.00,7/7,R-DEC-ERA-SAME,same_program,,,,
0950|1810N|,0950,1810N,,2017,2023,A1,7,ba9d374d201dd4ed6369592af105346e84d6740209e5ec675e09704924916b88,111432,2017: Strategic Platform Support Equip; 2018: Strategic Platform Support Equip; 2019: Strategic Platform Support Equip; 2020: Strategic Platform Support Equip; 2021: Strategic Platform Support Equip; 2022: Strategic Platform Support Equip; 2023: Strategic Platform Support Equip,Strategic Platform Support Equip,1.00,7/7,R-DEC-ERA-SAME,same_program,,,,
0955|1810N|,0955,1810N,,2017,2023,A1,7,3afc6b0e1b4b8da6865d1e67b5e53e62e44f502f4d53981c1be9ba243d37e2f2,28809,2017: DSSP Equipment; 2018: DSSP Equipment; 2019: DSSP Equipment; 2020: DSSP Equipment; 2021: DSSP Equipment; 2022: DSSP Equipment; 2023: DSSP Equipment,DSSP Equipment,1.00,7/7,R-DEC-ERA-SAME,same_program,,,,
0960|1810N|,0960,1810N,,2017,2023,A1,7,8317caaf256dde824bc4791fa8576ede47ba4f8b01bcf29e5835f898bb391c8e,1644485,2017: CG Modernization; 2018: CG Modernization; 2019: CG Modernization; 2020: CG Modernization; 2021: CG Modernization; 2022: CG Modernization; 2023: CG Modernization,CG Modernization,1.00,5/7,R-DEC-ERA-SAME,same_program,,,,
0962C50700|2032A|,0962C50700,2032A,,2017,2023,A1,7,274bb1116dd36af5a72eb0768bc65d0a36a126873ad0c0531089bc8845590458,2039349,2017: Patriot Mods; 2018: Patriot Mods; 2019: Patriot Mods; 2020: Patriot Mods; 2021: Patriot Mods; 2022: Patriot Mods; 2023: Patriot Mods,Patriot Mods,1.00,6/7,R-DEC-ERA-SAME,same_program,,,,
0970|1810N|,0970,1810N,,2017,2023,A1,7,0016632ca158b07df91861fccd17b1b5598652e079cb90c04a66cc3989883c30,44961,2017: LCAC; 2018: LCAC; 2019: LCAC; 2020: LCAC; 2021: LCAC; 2022: LCAC; 2023: LCAC,LCAC,1.00,7/7,R-DEC-ERA-SAME,same_program,,,,
0977|1810N|,0977,1810N,,2017,2023,A1+A2,7,cd7948032644f1e8c61ec008450687bba41563df872727826c843ddb09cfb24e,389810,2017: Underwater EOD Programs; 2018: Underwater EOD Programs; 2019: Underwater EOD Programs; 2020: Underwater EOD Programs; 2021: Underwater EOD Equipment; 2022: Underwater EOD Equipment; 2023: Underwater EOD Equipment,Underwater EOD Equipment,0.50,7/7,owner-batch,,,,,
0981|1810N|,0981,1810N,,2017,2023,A1,7,c655c0ca4aef1a8f414f9dac118a62b68796132cd3faae82d0b90e2c24f951f4,626802,2017: Items Less Than $5 Million; 2018: Items Less Than $5 Million; 2019: Items Less Than $5 Million; 2020: Items Less Than $5 Million; 2021: Items Less Than $5 Million; 2022: Items Less Than $5 Million; 2023: Items Less Than $5 Million,Items Less Than $5 Million,1.00,7/7,R-DEC-ERA-SAME,same_program,,,,
0989|1810N|,0989,1810N,,2017,2023,A1,7,ec398f0f481a07dc4a0ff9003696664aadda880d5c7cc5f18e32129efc11b776,20464,2017: Chemical Warfare Detectors; 2018: Chemical Warfare Detectors; 2019: Chemical Warfare Detectors; 2020: Chemical Warfare Detectors; 2021: Chemical Warfare Detectors; 2022: Chemical Warfare Detectors; 2023: Chemical Warfare Detectors,Chemical Warfare Detectors,1.00,7/7,R-DEC-ERA-SAME,same_program,,,,
0990|1810N|,0990,1810N,,2017,2023,H,7,662c09ee1ab2495d56a14abb9bc94f26cd56f417d42a27752c00f515b4b7edb8,44653,2017: Submarine Life Support System; 2018: Submarine Life Support System; 2019: Submarine Life Support System; 2020: Submarine Life Support System; 2021: Submarine Life Support System; 2022: Submarine Life Support System; 2023: Submarine Life Support System,,,5/6,R-DEC-ERA-HISTORY,history_only,,,,
09|0300D|,09,0300D,,2017,2023,A1,7,cef7a9ebe4a8582c6cabccaffb3330b55067d775ad52e4f936f8d4927abbab29,148836,2017: Information Systems Security; 2018: Information Systems Security; 2019: Information Systems Security; 2020: Information Systems Security; 2021: Information Systems Security; 2022: Information Systems Security; 2023: Information Systems Security,Information Systems Security,1.00,7/7,R-DEC-ERA-SAME,same_program,,,,
1000CV2200|0300D|,1000CV2200,0300D,,2017,2023,A1,7,cb1b9c1c69909db8a5af8fd3dbfbf92d6ac079648378d69bb8ac4cbf00aca1a5,254442,2017: CV-22 Modification; 2018: CV-22 Modification; 2019: CV-22 Modification; 2020: CV-22 Modification; 2021: CV-22 Modification; 2022: CV-22 Modification; 2023: CV-22 Modification,CV-22 Modification,1.00,7/7,R-DEC-ERA-SAME,same_program,,,,
1000|1508N|,1000,1508N,,2017,2019,R2,3,05f0bf32ccca9dbee3c6f0af7de0201afd614933adf20e48adbed4c600d242cc,97485,2017: Small Arms Ammunition; 2018: Small Arms Ammunition; 2019: Small Arms Ammunition,"1810N: Ship Maintenance, Repair and Modernization",,2/2,owner-batch,,,,,
1000|1810N|,1000,1810N,,2021,2023,A1,3,70687f5386175385378a3ea9abc8d2b0d0e50fcffcd9483b2c6abb738b903595,2215721,"2021: Ship Maintenance, Repair and Modernization; 2022: Ship Maintenance, Repair and Modernization; 2023: Ship Maintenance, Repair and Modernization","Ship Maintenance, Repair and Modernization",1.00,3/3,R-DEC-ERA-SAME,same_program,,,,
1010|1810N|,1010,1810N,,2017,2023,A1,7,bd056bc21188f40ca5cea6cdea871706363f629376ec34a77fc031c9cca442f2,655170,2017: Reactor Power Units; 2018: Reactor Power Units; 2019: Reactor Power Units; 2020: Reactor Power Units; 2021: Reactor Power Units; 2022: Reactor Power Units; 2023: Reactor Power Units,Reactor Power Units,1.00,7/7,R-DEC-ERA-SAME,same_program,,,,
1020|1810N|,1020,1810N,,2017,2023,A1,7,e2e9651b1fee3d1d7c8190c1ef4e4b7dc2a171463ba4161eee16c348b422fa4f,2811893,2017: Reactor Components; 2018: Reactor Components; 2019: Reactor Components; 2020: Reactor Components; 2021: Reactor Components; 2022: Reactor Components; 2023: Reactor Components,Reactor Components,1.00,7/7,R-DEC-ERA-SAME,same_program,,,,
1030|1508N|,1030,1508N,,2017,2017,H,1,ca3262ac252e257c84f3f51f3e7fd47bc63d77151108bc8d561f6ad5acab809b,9535,"2017: Linear Charges, All Types",,,0/0,R-DEC-ERA-HISTORY,history_only,,,,
1032AZ2000|2031A|,1032AZ2000,2031A,,2017,2017,H,1,e7249a34dda8b0284c492666285659421fab8e8ed0e2144c6c8394ef5bd0fb28,14182,2017: Guardrail Mods (MIP),,,0/0,R-DEC-ERA-HISTORY,history_only,,,,
1036AZ2001|2031A|,1036AZ2001,2031A,,2017,2023,A1,7,dcc02aa8734db39ed57ffabc5d759f6d9f466a5280b8f2676d469bb4718f6f8b,860861,2017: Multi Sensor ABN Recon (MIP); 2018: Multi Sensor ABN Recon (MIP); 2019: Multi Sensor ABN Recon (MIP); 2020: Multi Sensor ABN Recon (MIP); 2021: Multi Sensor ABN Recon (MIP); 2022: MULTI SENSOR ABN RECON; 2023: MULTI SENSOR ABN RECON,MULTI SENSOR ABN RECON,1.00,7/7,R-DEC-ERA-SAME,same_program,,,,
1045|1611N|,1045,1611N,,2017,2023,R3+A1,10,46120ba000c12199333face468e0d9f4c0f8d38be2e093ad218e175c4a16c0da,0,2017: OHIO Replacement Submarine; 2018: OHIO Replacement Submarine; 2019: OHIO Replacement Submarine; 2020: OHIO Replacement Submarine; 2021: OHIO Replacement Submarine; 2022: OHIO Replacement Submarine; 2023: OHIO Replacement Submarine,1611N: COLUMBIA Class Submarine; 1612N: COLUMBIA Class Submarine,1.00,2/7,,,,,,
1045|1612N|,1045,1612N,,2019,2023,R3,6,819fb1d81f303e90ecc87842f22a6b458535c489a3fd74065660bbd72bb65d9f,10751517,2019: OHIO Replacement Submarine; 2020: COLUMBIA Class Submarine; 2021: COLUMBIA Class Submarine; 2022: COLUMBIA Class Submarine; 2023: COLUMBIA Class Submarine,1611N: COLUMBIA Class Submarine; 1612N: COLUMBIA Class Submarine,0.20,0/5,owner-batch,,,,,
1050|1508N|,1050,1508N,,2017,2019,H,3,1f5b7f89d1d9d06db2d48ce2baa90ef144663aafcda7398e5f402dcb4e610145,27732,"2017: 40 Mm, All Types; 2018: 40 Mm, All Types; 2019: 40 Mm, All Types",,,2/2,R-DEC-ERA-HISTORY,history_only,,,,
1065E06001|2034A|,1065E06001,2034A,,2021,2023,A1,3,362a4448c4beebe0582a4aedd471ba8c76ffef1561a60baf8c384a10f835ed2b,14386,2021: NEXT GENERATION SQUAD WEAPON AMMUNITION; 2022: NEXT GENERATION SQUAD WEAPON AMMUNITION; 2023: NEXT GENERATION SQUAD WEAPON AMMUNITION,NEXT GENERATION SQUAD WEAPON AMMUNITION,1.00,3/3,R-DEC-ERA-SAME,same_program,,,,
1083|1508N|,1083,1508N,,2017,2019,H,3,5e74ddf5e3433c9622a5e98f9c8d4fe648c44550bf9c4f9ba21dd42bbe552a1b,12481,"2017: 60mm, All Types; 2018: 60mm, All Types; 2019: 60mm, All Types",,,2/2,R-DEC-ERA-HISTORY,history_only,,,,
1085|1508N|,1085,1508N,,2018,2023,A1,6,1d7feeda9944ae4336691c0e8c0492ccf4e73150c885b3c0dd0db5c0e43944b7,173386,2018: Mortars; 2019: Mortars; 2020: Mortars; 2021: Mortars; 2022: Mortars; 2023: Mortars,Mortars,1.00,6/6,R-DEC-ERA-SAME,same_program,,,,
1091|1508N|,1091,1508N,,2017,2018,H,2,b42c0e0a4e146a38622ec8077af96d065da88abbb8e901e28bfe7aa85e089e73,11279,"2017: 81mm, All Types; 2018: 81mm, All Types",,,1/1,R-DEC-ERA-HISTORY,history_only,,,,
10PALE|3010F|,10PALE,3010F,,2018,2020,A1,2,f766bc3c0d73327c8832a1202568db3c0889c1ba471d8bb212b75ab2229e90fe,65500,2018: Pale Ale; 2020: Pale Ale,Pale Ale,1.00,0/0,R-DEC-ERA-SAME,same_program,,,,
10TRGT|3010F|,10TRGT,3010F,,2017,2023,A1,7,a58b69d46c18f6f0393a864f4ded063a2ef257f1463f3fb8e153a6fa611b7e91,788654,2017: Target Drones; 2018: Target Drones; 2019: Target Drones; 2020: Target Drones; 2021: Target Drones; 2022: Target Drones; 2023: Target Drones,Target Drones,1.00,7/7,R-DEC-ERA-SAME,same_program,,,,
10|0300D|DPAA,10,0300D,DPAA,2018,2018,R2,1,8cb6471cbd60ac827dfc2f69119edc41e1beedf78a78dce2aaa81df1eadd9a97,9100,"2018: Major Equipment, DPAA","0300D/TJS: Major Equipment, TJS",,0/0,,,,,,
10|0300D|TJS,10,0300D,TJS,2017,2023,A1,7,27be3b8157117eb74ec855c58ae2b083c5a2cd2c9ab080e8b05b6708ead72364,60778,"2017: Major Equipment, TJS; 2018: Major Equipment, TJS; 2019: Major Equipment, TJS; 2020: Major Equipment, TJS; 2021: Major Equipment, TJS; 2022: Major Equipment, TJS; 2023: Major Equipment, TJS","Major Equipment, TJS",1.00,7/7,R-DEC-ERA-SAME,same_program,,,,
1108MQ1|0300D|,1108MQ1,0300D,,2017,2018,H,2,c078c8e4d7bbc3aed709041b9c786d7ca6a96d7399cb0339b5f54d4f6778dcc4,1934,2017: MQ-1 Unmanned Aerial Vehicle; 2018: MQ-1 Unmanned Aerial Vehicle,,,1/1,R-DEC-ERA-HISTORY,history_only,,,,
1108MQ9|0300D|,1108MQ9,0300D,,2017,2023,A1,7,315d5474ff4c5fde167ca2b65d94cf6714241188963cf0beb30e93ed77ecc065,200587,2017: MQ-9 Unmanned Aerial Vehicle; 2018: MQ-9 Unmanned Aerial Vehicle; 2019: MQ-9 Unmanned Aerial Vehicle; 2020: MQ-9 Unmanned Aerial Vehicle; 2021: MQ-9 Unmanned Aerial Vehicle; 2022: MQ-9 Unmanned Aerial Vehicle; 2023: MQ-9 Unmanned Aerial Vehicle,MQ-9 Unmanned Aerial Vehicle,1.00,7/7,R-DEC-ERA-SAME,same_program,,,,
1108STU|0300D|,1108STU,0300D,,2017,2018,H,2,c14da32b2ec7e5fccb22d189d943b2ccb840c0b12f3c3631fddfc1baaff8d9ba,2892,2017: STUASL0; 2018: STUASL0,,,1/1,R-DEC-ERA-HISTORY,history_only,,,,
110|0303D|,110,0303D,,2017,2020,H,4,396dddf9d9ed14829a7f7af035e6c4f1e2993d7f2c390cf54e2ac7205c4cba5a,0,2017: Joint Urgent Operational Needs Fund; 2018: Joint Urgent Operational Needs Fund; 2019: Joint Urgent Operational Needs Fund; 2020: Joint Urgent Operational Needs Fund,,,1/3,R-DEC-ERA-HISTORY,history_only,,,,
1110MA4500|2035A|,1110MA4500,2035A,,2017,2023,A1,7,a1ec44aafe726f234b80c0acd1a5ea382ebecb26e2bedfdff1093dfcfb008a1c,539534,2017: Modification of In-Svc Equipment (OPA-3); 2018: Modification of In-Svc Equipment (OPA-3); 2019: Modification of In-Svc Equipment (OPA-3); 2020: Modification of In-Svc Equipment (OPA-3); 2021: Modification Of In-Svc Equipment (OPA-3); 2022: Modification Of In-Svc Equipment (OPA-3); 2023: Modification Of In-Svc Equipment (OPA-3),Modification Of In-Svc Equipment (OPA-3),1.00,7/7,R-DEC-ERA-SAME,same_program,,,,
1120E22203|2034A|,1120E22203,2034A,,2017,2023,A1,7,652c950807d1f2740d10172aacca55d373579da859fe75dff83f7467cf9be231,1013157,"2017: Cartridges, Tank, 105MM and 120MM, All Types; 2018: Cartridges, Tank, 105MM and 120MM, All Types; 2019: Cartridges, Tank, 105MM and 120MM, All Types; 2020: Cartridges, Tank, 105MM and 120MM, All Types; 2021: Cartridges, Tank, 105MM And 120MM, All Types; 2022: Cartridges, Tank, 105MM And 120MM, All Types; 2023: Cartridges, Tank, 105MM And 120MM, All Types","Cartridges, Tank, 105MM And 120MM, All Types",1.00,7/7,R-DEC-ERA-SAME,same_program,,,,
1121|1508N|,1121,1508N,,2017,2019,H,3,326d4c7e2117249077e5d3f8c08af7c345843eb3d2e89401546c77d6d5ee0861,30514,"2017: 120mm, All Types; 2018: 120mm, All Types; 2019: 120mm, All Types",,,2/2,R-DEC-ERA-HISTORY,history_only,,,,
1125|1508N|,1125,1508N,,2018,2023,A1,6,ce4718bff6eed11977f4d27dc47b0675948be92251aee3093a9215db3957c790,284871,2018: Direct Support Munitions; 2019: Direct Support Munitions; 2020: Direct Support Munitions; 2021: Direct Support Munitions; 2022: Direct Support Munitions; 2023: Direct Support Munitions,Direct Support Munitions,1.00,6/6,R-DEC-ERA-SAME,same_program,,,,
1130|1810N|,1130,1810N,,2017,2023,A1,7,a0bd98a6f85b0f805930b7be1c5c0b2c0e5000a392a3e2e0ae2792e9a82f3d06,79052,2017: Diving and Salvage Equipment; 2018: Diving and Salvage Equipment; 2019: Diving and Salvage Equipment; 2020: Diving and Salvage Equipment; 2021: Diving and Salvage Equipment; 2022: Diving and Salvage Equipment; 2023: Diving and Salvage Equipment,Diving and Salvage Equipment,1.00,7/7,R-DEC-ERA-SAME,same_program,,,,
11SPEC|3010F|,11SPEC,3010F,,2018,2023,A1,6,faa9fa3d2d509a8e7df8aee7d95a8672087129909563508bda0b1bd1564641e7,24444,2018: Spectrum Relocation Fund; 2019: Spectrum Relocation Fund; 2020: Spectrum Relocation Fund; 2021: Spectrum Relocation Fund; 2022: Spectrum Relocation Fund; 2023: Spectrum Relocation Fund,Spectrum Relocation Fund,1.00,2/6,R-DEC-ERA-SAME,same_program,,,,
11U200|3010F|,11U200,3010F,,2017,2023,A1,7,8eb2d0c5bd48ff109bd4f8c083b53aa871cd5f24b7612621f7aba74810548054,336491,2017: U-2 Mods; 2018: U-2 Mods; 2019: U-2 Mods; 2020: U-2 Mods; 2021: U-2 Mods; 2022: U-2 Mods; 2023: U-2 Mods,U-2 Mods,1.00,7/7,R-DEC-ERA-SAME,same_program,,,,
1202PSP|0300D|,1202PSP,0300D,,2017,2023,A1,7,2edeb8ff3a58ca37ffff855a1743583e220dd35e26eec32825570c7c661949c5,1492702,2017: Precision Strike Package; 2018: Precision Strike Package; 2019: Precision Strike Package; 2020: Precision Strike Package; 2021: Precision Strike Package; 2022: Precision Strike Package; 2023: Precision Strike Package,Precision Strike Package,1.00,7/7,R-DEC-ERA-SAME,same_program,,,,
1210|1810N|,1210,1810N,,2017,2023,A1,7,c7ba61ab3a6d5ef912d27e35a39aa8e4532acade519d2287866d44cfb304c4b0,532433,2017: Standard Boats; 2018: Standard Boats; 2019: Standard Boats; 2020: Standard Boats; 2021: Standard Boats; 2022: Standard Boats; 2023: Standard Boats,Standard Boats,1.00,6/7,R-DEC-ERA-SAME,same_program,,,,
1220MA0450|2035A|,1220MA0450,2035A,,2017,2021,H,5,ccfaf76009b1e2b96194cf0fbc34ef0bcf5161ae7dae0368335938df5e2984d6,9322,2017: Production Base Support (OTH); 2018: Production Base Support (OTH); 2019: Production Base Support (OTH); 2020: Production Base Support (OTH); 2021: Production Base Support (OTH),,,4/4,R-DEC-ERA-HISTORY,history_only,,,,
1242C93000|2032A|,1242C93000,2032A,,2017,2023,A1,7,9895d30b4e3bf4e00e55f9a96db00016f2a5ae446bd912b910276f59e2881c9a,44006,2017: Air Defense Targets; 2018: Air Defense Targets; 2019: Air Defense Targets; 2020: Air Defense Targets; 2021: Air Defense Targets; 2022: Air Defense Targets; 2023: Air Defense Targets,Air Defense Targets,1.00,7/7,R-DEC-ERA-SAME,same_program,,,,
1242CA0250|2032A|,1242CA0250,2032A,,2017,2023,A1,7,ee0cb70d4fe6ce295a9db63bdb73ea8f893471cb669fc892dca07c6114ad895e,182381,2017: Spares and Repair Parts; 2018: Spares and Repair Parts; 2019: Spares and Repair Parts; 2020: Spares and Repair Parts; 2021: Spares And Repair Parts; 2022: Spares And Repair Parts; 2023: Spares And Repair Parts,Spares And Repair Parts,1.00,7/7,R-DEC-ERA-SAME,same_program,,,,
1250|1507N|,1250,1507N,,2017,2023,A1,7,099f5ff117194a2c0c96c381405f5827999ce4f7466caa241f19f1750f6d78ae,7850749,2017: Trident II Mods; 2018: Trident II Mods; 2019: Trident II Mods; 2020: Trident II Mods; 2021: Trident II Mods; 2022: Trident II Mods; 2023: Trident II Mods,Trident II Mods,1.00,7/7,R-DEC-ERA-SAME,same_program,,,,
1284GZ2300|2033A|,1284GZ2300,2033A,,2017,2017,H,1,b92a1775371b4e38f3fab13f70503c0f7c331210ef53f9c0079937a87adb96f9,26759,2017: Fist Vehicle (MOD),,,0/0,R-DEC-ERA-HISTORY,history_only,,,,
1301A11301|2031A|,1301A11301,2031A,,2018,2020,H,3,e781ba28302df0671ca03a3ab5926ab858483119cf2f60f5368dcef7f03305dc,147000,2018: Saturn Arch (MIP); 2019: Saturn Arch (MIP); 2020: Saturn Arch (MIP),,,1/2,R-DEC-ERA-HISTORY,history_only,,,,
1320|1810N|,1320,1810N,,2017,2018,H,2,d03f82c22fc16abd2e671af20d5943dd7070a2632ca9d1e81f97d42deccdd3a0,79510,2017: Other Ships Training Equipment; 2018: Other Ships Training Equipment,,,1/1,R-DEC-ERA-HISTORY,history_only,,,,
1338C70000|2032A|,1338C70000,2032A,,2017,2023,A1,7,c3b0f5eb5c0242799ae3dd2a6ba74ce711e35129ad0b5e952ddc4275c88164dc,2000310,2017: Hellfire Sys Summary; 2018: Hellfire Sys Summary; 2019: Hellfire Sys Summary; 2020: Hellfire Sys Summary; 2021: Hellfire Sys Summary; 2022: Hellfire Sys Summary; 2023: Hellfire Sys Summary,Hellfire Sys Summary,1.00,7/7,R-DEC-ERA-SAME,same_program,,,,
1350|1507N|,1350,1507N,,2017,2023,A1,7,3abedb1b50847ef3cf1f296d336566908a0da817f76f0dfddf10c306d130ddd6,47696,2017: Missile Industrial Facilities; 2018: Missile Industrial Facilities; 2019: Missile Industrial Facilities; 2020: Missile Industrial Facilities; 2021: Missile Industrial Facilities; 2022: Missile Industrial Facilities; 2023: Missile Industrial Facilities,Missile Industrial Facilities,1.00,7/7,R-DEC-ERA-SAME,same_program,,,,
1350|1508N|,1350,1508N,,2018,2023,A1,6,5d8d17e4d5876906080eab9489b010e6daead6b1a4a28d3bb07dce137f88e5f9,256658,2018: Infantry Weapons Ammunition; 2019: Infantry Weapons Ammunition; 2020: Infantry Weapons Ammunition; 2021: Infantry Weapons Ammunition; 2022: Infantry Weapons Ammunition; 2023: Infantry Weapons Ammunition,Infantry Weapons Ammunition,1.00,6/6,R-DEC-ERA-SAME,same_program,,,,
1400D02001|2035A|,1400D02001,2035A,,2021,2023,A1,3,1d3a0d1faaeba9599741520255fe9d85aff6c6147ec20fdd789b3d5ec52b1a76,13666,"2021: Semitrailers, tankers; 2022: Semitrailers, tankers; 2023: Semitrailers, tankers","Semitrailers, tankers",1.00,3/3,R-DEC-ERA-SAME,same_program,,,,
1430E91901|2034A|,1430E91901,2034A,,2017,2021,A1,5,07132a817cd9c4a8a29f5d5366cb5b635cbbed542f21642962641cd21fb04aad,11883,"2017: Non-Lethal Ammunition, All Types; 2018: Non-Lethal Ammunition, All Types; 2019: Non-Lethal Ammunition, All Types; 2020: Non-Lethal Ammunition, All Types; 2021: Non-Lethal Ammunition, All Types","Non-Lethal Ammunition, All Types",1.00,4/4,R-DEC-ERA-SAME,same_program,,,,
1445|1810N|,1445,1810N,,2017,2023,A1,7,dac70abf2a9d216190a643d52c11229ea60c227d3254d477806ef7bccea0808b,1057700,2017: Operating Forces Ipe; 2018: Operating Forces Ipe; 2019: Operating Forces Ipe; 2020: Operating Forces Ipe; 2021: Operating Forces Ipe; 2022: Operating Forces Ipe; 2023: Operating Forces Ipe,Operating Forces Ipe,1.00,7/7,R-DEC-ERA-SAME,same_program,,,,
1450EA3000|2034A|,1450EA3000,2034A,,2017,2023,A1,7,81a79060e6a761a2152604ccb77ace478c404d7f0a0351d88620a573dc1eccde,66105,"2017: CTG, Handgun, All Types; 2018: CTG, Handgun, All Types; 2019: CTG, Handgun, All Types; 2020: CTG, Handgun, All Types; 2021: CTG, Handgun, All Types; 2022: CTG, Handgun, All Types; 2023: CTG, Handgun, All Types","CTG, Handgun, All Types",1.00,7/7,R-DEC-ERA-SAME,same_program,,,,
1468|1508N|,1468,1508N,,2017,2018,H,2,b927728d14a986c3ec53881ff1ebf3100856f41db74894ce6ac1f321a3001358,7608,"2017: Grenades, All Types; 2018: Grenades, All Types",,,1/1,R-DEC-ERA-HISTORY,history_only,,,,
1471|1508N|,1471,1508N,,2017,2019,H,3,18fff25b073cf4ea1bf4f2ea6b04594f7e0b4098193e682718b8fa13fda86e3e,56175,"2017: Rockets, All Types; 2018: Rockets, All Types; 2019: Rockets, All Types",,,2/2,R-DEC-ERA-HISTORY,history_only,,,,
1473|1508N|,1473,1508N,,2017,2019,H,3,b4f0fb20cf7b4a4c27c74335f248f5d74b759f8611a8b4691d2ff3149bae7f97,210367,"2017: Artillery, All Types; 2018: Artillery, All Types; 2019: Artillery, All Types",,,2/2,R-DEC-ERA-HISTORY,history_only,,,,
1480|1810N|,1480,1810N,,2017,2019,H,3,9cf788657865b697feef2c5c6e6d38873b8477842810afad5919e2f1f60313c6,423472,2017: Nuclear Alterations; 2018: Nuclear Alterations; 2019: Nuclear Alterations,,,2/2,R-DEC-ERA-HISTORY,history_only,,,,
14|0300D|,14,0300D,,2017,2023,A1,7,c8d6246b90bb87e955331555f2bf9f5f321ee010e259a63ded736d4679802b9b,346350,2017: Teleport Program; 2018: Teleport Program; 2019: Teleport Program; 2020: Teleport Program; 2021: Teleport Program; 2022: Teleport Program; 2023: Teleport Program,Teleport Program,1.00,7/7,R-DEC-ERA-SAME,same_program,,,,
1500MA9160|2035A|,1500MA9160,2035A,,2020,2023,A1,4,89832e89002bafb5a79203ff93d7138aee903c3160a5fd936683b8af4d497158,138559,"2020: Building, Pre-Fab, Relocatable; 2021: BUILDING, PRE-FAB, RELOCATABLE; 2022: BUILDING, PRE-FAB, RELOCATABLE; 2023: BUILDING, PRE-FAB, RELOCATABLE","BUILDING, PRE-FAB, RELOCATABLE",1.00,3/4,R-DEC-ERA-SAME,same_program,,,,
1500|1508N|,1500,1508N,,2017,2019,H,3,78f66dc6bb213a45bd49d188c1fe658bb36c85e3ae81a53fa4df07091af5fb76,3473,"2017: Demolition Munitions, All Types; 2018: Demolition Munitions, All Types; 2019: Demolition Munitions, All Types",,,2/2,R-DEC-ERA-HISTORY,history_only,,,,
1550|1508N|,1550,1508N,,2018,2023,A1,6,dadeba4f23a3125eefb95519e218b71bcad38508f72764987d9d412f647e224f,105850,2018: Combat Support Munitions; 2019: Combat Support Munitions; 2020: Combat Support Munitions; 2021: Combat Support Munitions; 2022: Combat Support Munitions; 2023: Combat Support Munitions,Combat Support Munitions,1.00,6/6,R-DEC-ERA-SAME,same_program,,,,
1572MA6700|2035A|,1572MA6700,2035A,,2017,2022,H,6,e3dbac6a1d076ef3114696ef0e9892a6fa2fb763dd9faf6c52cec1288a0a923d,81696,2017: Special Equipment for User Testing; 2018: Special Equipment for User Testing; 2019: Special Equipment for User Testing; 2020: Special Equipment for User Testing; 2021: Special Equipment For User Testing; 2022: Special Equipment For User Testing,,,4/5,R-DEC-ERA-HISTORY,history_only,,,,
1573MA6820|2035A|,1573MA6820,2035A,,2021,2023,A1,3,4f4b40570a281f426b9907190e61bccefe0322f59706a6f31921a11ff2510a7f,39436,2021: Special Equipment for Test and Evaluation; 2022: Special Equipment for Test and Evaluation; 2023: Special Equipment for Test and Evaluation,Special Equipment for Test and Evaluation,1.00,3/3,R-DEC-ERA-SAME,same_program,,,,
15|0300D|DISA,15,0300D,DISA,2021,2023,A1,3,199bf0617b32f28cb160c61355a8abb4368f12be7d945a7da238f362854a731d,1647,2021: Joint Forces Headquarters - DODIN; 2022: Joint Forces Headquarters - DODIN; 2023: Joint Forces Headquarters - DODIN,Joint Forces Headquarters - DODIN,1.00,3/3,R-DEC-ERA-SAME,same_program,,,,
15|0300D|TJS,15,0300D,TJS,2020,2023,R2,4,edda725b602aec73c8a8dce7102ffac5c6b5551423355cdb57290332d3a63879,2705,2020: Major Equipment - TJS Cyber; 2021: Major Equipment - TJS Cyber; 2022: Major Equipment - TJS Cyber; 2023: Major Equipment - TJS Cyber,0300D/DISA: Joint Forces Headquarters - DODIN,,3/3,,,,,,
1600|1810N|,1600,1810N,,2017,2023,A1,7,c576ed971e5b0f99dc0290e0d188adb7c7094ec26a090f2af00ea85fb4028cb2,195719,2017: LCS Common Mission Modules Equipment; 2018: LCS Common Mission Modules Equipment; 2019: LCS Common Mission Modules Equipment; 2020: LCS Common Mission Modules Equipment; 2021: LCS Common Mission Modules Equipment; 2022: LCS Common Mission Modules Equipment; 2023: LCS Common Mission Modules Equipment,LCS Common Mission Modules Equipment,1.00,7/7,R-DEC-ERA-SAME,same_program,,,,
1601|1810N|,1601,1810N,,2017,2023,A1,7,ab2ff307fcd4162e158bea153f16a99a77d0e592f8e88b254c5c47261ee81f68,510678,2017: LCS MCM Mission Modules; 2018: LCS MCM Mission Modules; 2019: LCS MCM Mission Modules; 2020: LCS MCM Mission Modules; 2021: LCS MCM Mission Modules; 2022: LCS MCM Mission Modules; 2023: LCS MCM Mission Modules,LCS MCM Mission Modules,1.00,7/7,R-DEC-ERA-SAME,same_program,,,,
1602|1810N|,1602,1810N,,2017,2023,A1,7,c0c2d89c8849fc053244c827bf62bee3780484ae32929909608ae6f7062eb259,62976,2017: LCS ASW Mission Modules; 2018: LCS ASW Mission Modules; 2019: LCS ASW Mission Modules; 2020: LCS ASW Mission Modules; 2021: LCS ASW Mission Modules; 2022: LCS ASW Mission Modules; 2023: LCS ASW Mission Modules,LCS ASW Mission Modules,1.00,6/7,R-DEC-ERA-SAME,same_program,,,,
1603|1810N|,1603,1810N,,2017,2023,A1,7,2fc9542d959fda672c38b127853b6666d3ba745ac360da93860079367b490b49,144002,2017: LCS SUW Mission Modules; 2018: LCS SUW Mission Modules; 2019: LCS SUW Mission Modules; 2020: LCS SUW Mission Modules; 2021: LCS SUW Mission Modules; 2022: LCS SUW Mission Modules; 2023: LCS SUW Mission Modules,LCS SUW Mission Modules,1.00,6/7,R-DEC-ERA-SAME,same_program,,,,
1604|1810N|,1604,1810N,,2018,2023,A1,6,0db0f4e72c64a3b4150b1d094feb1f3b2af29269953f53e041c993cf48c32462,416814,2018: LCS In-Service Modernization; 2019: LCS In-Service Modernization; 2020: LCS In-Service Modernization; 2021: LCS In-Service Modernization; 2022: LCS In-Service Modernization; 2023: LCS In-Service Modernization,LCS In-Service Modernization,1.00,6/6,R-DEC-ERA-SAME,same_program,,,,
1605|1810N|,1605,1810N,,2017,2018,H,2,08a8018183c25833df4a0bd4c01829f9acadbdbc7acc22ccd5966a9b8a28b05b,53077,2017: Remote Minehunting System (RMS); 2018: Remote Minehunting System (RMS),,,1/1,R-DEC-ERA-HISTORY,history_only,,,,
1610|1810N|,1610,1810N,,2017,2022,A1+A2,6,8aa18a3a6a01d3a53c18a0c8aa6667fe52b0594b7c06d5040a328caf53b38155,200322,2017: LSD Midlife; 2018: LSD Midlife & Modernization; 2019: LSD Midlife & Modernization; 2020: LSD Midlife & Modernization; 2021: LSD Midlife & Modernization; 2022: LSD Midlife & Modernization,LSD Midlife & Modernization,0.67,4/5,owner-batch,,,,,
1611|1810N|,1611,1810N,,2020,2023,A1,4,0eb300ebb3144e3b37c5a1734f12b1e6cb0f7146fe78df8639912ec551d6a7c6,66132,2020: Small & Medium UUV; 2021: Small & Medium UUV; 2022: Small & Medium UUV; 2023: Small & Medium UUV,Small & Medium UUV,1.00,4/4,R-DEC-ERA-SAME,same_program,,,,
1625|1508N|,1625,1508N,,2017,2019,H,3,e94f1a06f40fb7065322a3bff14e1e33048887b2c8f56cdb00d938b50f740928,59158,"2017: Fuze, All Types; 2018: Fuze, All Types; 2019: Fuze, All Types",,,2/2,R-DEC-ERA-HISTORY,history_only,,,,
1628|1508N|,1628,1508N,,2017,2018,H,2,a5c9acab31f525f611100658e5c861a74a4c2b273dcaac04138f4820f342430e,4966,2017: Non Lethals; 2018: Non Lethals,,,1/1,R-DEC-ERA-HISTORY,history_only,,,,
1630|1508N|,1630,1508N,,2017,2023,A1,7,d2bd37c78ab8037b5359540860347baa944b37ff33b503fe30ff353e3d0d85f4,97769,2017: Ammo Modernization; 2018: Ammo Modernization; 2019: Ammo Modernization; 2020: Ammo Modernization; 2021: Ammo Modernization; 2022: Ammo Modernization; 2023: Ammo Modernization,Ammo Modernization,1.00,7/7,R-DEC-ERA-SAME,same_program,,,,
1650|1508N|,1650,1508N,,2018,2023,A1,6,a73e58b82805d5a6f7371312b2653471edd53752c9c782a01d61b32c2458b43d,491138,2018: Artillery Munitions; 2019: Artillery Munitions; 2020: Artillery Munitions; 2021: Artillery Munitions; 2022: Artillery Munitions; 2023: Artillery Munitions,Artillery Munitions,1.00,6/6,R-DEC-ERA-SAME,same_program,,,,
1660|1508N|,1660,1508N,,2017,2023,A1,7,75dd9004516d51a5e0dccf73aa6a6798b57b0de6cbcf1288947de4b47551f86e,49036,2017: Items Less Than $5 Million; 2018: Items Less Than $5 Million; 2019: Items Less Than $5 Million; 2020: Items Less Than $5 Million; 2021: Items Less Than $5 Million; 2022: Items Less Than $5 Million; 2023: Items Less Than $5 Million,Items Less Than $5 Million,1.00,7/7,R-DEC-ERA-SAME,same_program,,,,
1678GZ2400|2033A|,1678GZ2400,2033A,,2017,2023,A1,7,021ce7a8f8f71d1168d4caddd21cd0bf32a1907cce9340e81be29ee3c4ef5f53,2404655,2017: Bradley Program (MOD); 2018: Bradley Program (MOD); 2019: Bradley Program (MOD); 2020: Bradley Program (MOD); 2021: Bradley Program (MOD); 2022: Bradley Program (MOD); 2023: Bradley Program (MOD),Bradley Program (MOD),1.00,7/7,R-DEC-ERA-SAME,same_program,,,,
1696G16101|2033A|,1696G16101,2033A,,2017,2019,H,3,5f7dc8d6e48303f4fedd718bdd22c087d334f3a6cfe523d6bb285e3af315f7cc,7064,2017: Integrated Air Burst Weapon System Family; 2018: Integrated Air Burst Weapon System Family; 2019: Integrated Air Burst Weapon System Family,,,2/2,R-DEC-ERA-HISTORY,history_only,,,,
16|0300D|,16,0300D,,2017,2023,A1,7,55957a295bcbd1465f76f75bb4bf2be40ec34bbdb91a9879aea958d3721884e5,160245,2017: Items Less Than $5 Million; 2018: Items Less Than $5 Million; 2019: Items Less Than $5 Million; 2020: Items Less Than $5 Million; 2021: Items Less Than $5 Million; 2022: Items Less Than $5 Million; 2023: Items Less Than $5 Million,Items Less Than $5 Million,1.00,7/7,R-DEC-ERA-SAME,same_program,,,,
1722E08000|2034A|,1722E08000,2034A,,2017,2023,A1,7,86c06d281bb70709f63f7014ac51c13471e047140dd536c1e788d755e91aeabe,382280,"2017: CTG, .50 Cal, All Types; 2018: CTG, .50 Cal, All Types; 2019: CTG, .50 Cal, All Types; 2020: CTG, .50 Cal, All Types; 2021: CTG, .50 Cal, All Types; 2022: CTG, .50 Cal, All Types; 2023: CTG, .50 Cal, All Types","CTG, .50 Cal, All Types",1.00,6/7,R-DEC-ERA-SAME,same_program,,,,
1780MA6600|2035A|,1780MA6600,2035A,,2017,2023,A1,7,7654bd38da863ad1ed3b4dffe932778581633a3f250647df9d2d8fc618f61aef,683812,2017: Combat Training Centers Support; 2018: Combat Training Centers Support; 2019: Combat Training Centers Support; 2020: Combat Training Centers Support; 2021: Combat Training Centers Support; 2022: Combat Training Centers Support; 2023: Combat Training Centers Support,Combat Training Centers Support,1.00,7/7,R-DEC-ERA-SAME,same_program,,,,
17|0300D|,17,0300D,,2017,2021,H,5,8edb81eb18593da8a18f6785c66dfad2f9b307c74fefe96739a0b79a0f465c77,7543,2017: Net Centric Enterprise Services (NCES); 2018: Net Centric Enterprise Services (NCES); 2019: Net Centric Enterprise Services (NCES); 2020: Net Centric Enterprise Services (NCES); 2021: Net Centric Enterprise Services (NCES),,,4/4,R-DEC-ERA-HISTORY,history_only,,,,
1823CA6700|2032A|,1823CA6700,2032A,,2017,2023,H,7,908b33f99f22101147b19c0cc2f1b7246e1b9864e3dcc3bb8522183aa853a9cb,1215582,2017: ATACMS MODS; 2018: ATACMS MODS; 2019: ATACMS MODS; 2020: ATACMS MODS; 2021: ATACMS MODS; 2022: ATACMS MODS; 2023: ATACMS MODS,,,6/6,R-DEC-ERA-HISTORY,history_only,,,,
1824C57701|2032A|,1824C57701,2032A,,2017,2022,H,6,aa446e59ba1ae5a342bbbdbc9654cd6607da0003499088267967b72b1b8c56ea,11607,2017: GMLRS MOD; 2018: GMLRS MOD; 2019: GMLRS MOD; 2020: GMLRS MOD; 2021: GMLRS MOD; 2022: GMLRS MOD,,,4/5,R-DEC-ERA-HISTORY,history_only,,,,
1862GL3200|2033A|,1862GL3200,2033A,,2017,2023,A1,7,e5c2f4dd2861b8c2b1b419dfeb34544f0b53d1f2534d649be0cef1640d4a20d4,22818,2017: Items Less Than $5.0m (WOCV-WTCV); 2018: Items Less Than $5.0m (WOCV-WTCV); 2019: Items Less Than $5.0m (WOCV-WTCV); 2020: Items Less Than $5.0m (WOCV-WTCV); 2021: Items Less Than $5.0m (WOCV-WTCV); 2022: Items Less Than $5.0m (WOCV-WTCV); 2023: Items Less Than $5.0m (WOCV-WTCV),Items Less Than $5.0m (WOCV-WTCV),1.00,6/7,R-DEC-ERA-SAME,same_program,,,,
18|0300D|,18,0300D,,2017,2023,A1,7,f5ff147d4b4f7c0cbf88014548d960a24425f43304584bf7eeff4abcc13d11a4,715187,2017: Defense Information System Network; 2018: Defense Information System Network; 2019: Defense Information System Network; 2020: Defense Information System Network; 2021: Defense Information System Network; 2022: Defense Information System Network; 2023: Defense Information System Network,Defense Information System Network,1.00,7/7,R-DEC-ERA-SAME,same_program,,,,
1975BW7100|2035A|,1975BW7100,2035A,,2017,2020,H,4,d7335d44dcbbd5d46a4d52ea099831e2e42db7be2b3b1a1160e9bbd62e0ec89d,2012773,2017: Win-T - Ground Forces Tactical Network; 2018: Win-T - Ground Forces Tactical Network; 2019: Win-T - Ground Forces Tactical Network; 2020: Win-T - Ground Forces Tactical Network,,,2/3,R-DEC-ERA-HISTORY,history_only,,,,
1981B00010|2035A|,1981B00010,2035A,,2017,2023,A1,7,d33fbe4c5869e5c1f990d047afda2058ecee6a83027afc3b5c9b3b75c6ab01d3,776247,2017: Signal Modernization Program; 2018: Signal Modernization Program; 2019: Signal Modernization Program; 2020: Signal Modernization Program; 2021: Signal Modernization Program; 2022: Signal Modernization Program; 2023: Signal Modernization Program,Signal Modernization Program,1.00,6/7,R-DEC-ERA-SAME,same_program,,,,
1982B07100|2035A|,1982B07100,2035A,,2018,2023,A1,6,232ab1bc9a105804129532df56d10fa060e450ac1c19eb9574e1287083c5bb26,1814185,2018: Tactical Network Technology Mod In Svc; 2019: Tactical Network Technology Mod In Svc; 2020: Tactical Network Technology Mod In Svc; 2021: Tactical Network Technology Mod In Svc; 2022: Tactical Network Technology Mod In Svc; 2023: Tactical Network Technology Mod In Svc,Tactical Network Technology Mod In Svc,1.00,5/6,R-DEC-ERA-SAME,same_program,,,,
1983BW7200|2035A|,1983BW7200,2035A,,2019,2023,H,5,7c1ad59aa642048b3709f70e3824dca7835aaf4ce01405f1033113551c6eacbc,174606,2019: SITUATION INFORMATION TRANSPORT; 2020: SITUATION INFORMATION TRANSPORT; 2021: SITUATION INFORMATION TRANSPORT; 2022: SITUATION INFORMATION TRANSPORT; 2023: SITUATION INFORMATION TRANSPORT,,,4/4,R-DEC-ERA-HISTORY,history_only,,,,
2000DRUGID|0300D|,2000DRUGID,0300D,,2017,2019,H,3,fb02da89584b3c2a258ebb0176f21b3c909df0ec9f49437d364dfa69dd2f794b,21850,2017: Drug Interdiction; 2018: Drug Interdiction; 2019: Drug Interdiction,,,0/2,R-DEC-ERA-HISTORY,history_only,,,,
2001|1611N|,2001,1611N,,2017,2023,A1,10,25624b829d9e42f76c5cb3409b42d06d527f06acad6cca89927a69a864d97e82,15596181,2017: Carrier Replacement Program; 2018: Carrier Replacement Program; 2019: Carrier Replacement Program; 2020: Carrier Replacement Program; 2021: Carrier Replacement Program; 2022: Carrier Replacement Program; 2023: Carrier Replacement Program,Carrier Replacement Program,1.00,7/7,R-DEC-ERA-SAME,same_program,,,,
2004|1611N|,2004,1611N,,2021,2023,A1,3,cf0a9d00957b29db9c9840aab73daf33251c0e57b5d656131c8902a5b679f392,2034250,2021: CVN-81; 2022: CVN-81; 2023: CVN-81,CVN-81,1.00,3/3,R-DEC-ERA-SAME,same_program,,,,
2010US|0300D|,2010US,0300D,,2017,2023,A1,7,1c6be6c3b72b64d0135b9b444cd784bb199c91159a11b44c7ae4ae28d2609aa5,384414,2017: Underwater Systems; 2018: Underwater Systems; 2019: Underwater Systems; 2020: Underwater Systems; 2021: Underwater Systems; 2022: Underwater Systems; 2023: Underwater Systems,Underwater Systems,1.00,7/7,R-DEC-ERA-SAME,same_program,,,,
2012C130J|0300D|,2012C130J,0300D,,2017,2023,A1,7,f844b02c92f4381656734db5ed6015d44e43add96ab0ef1747c06941bda7be1a,814082,2017: AC/MC-130J; 2018: AC/MC-130J; 2019: AC/MC-130J; 2020: AC/MC-130J; 2021: AC/MC-130J; 2022: AC/MC-130J; 2023: AC/MC-130J,AC/MC-130J,1.00,7/7,R-DEC-ERA-SAME,same_program,,,,
2013|1611N|,2013,1611N,,2017,2023,A1,14,20f716bbfdc46b38e2f25dd526dbdde8811ed3cfec481dca586054998d7afe82,43889629,2017: Virginia Class Submarine; 2018: Virginia Class Submarine; 2019: Virginia Class Submarine; 2020: Virginia Class Submarine; 2021: Virginia Class Submarine; 2022: Virginia Class Submarine; 2023: Virginia Class Submarine,Virginia Class Submarine,1.00,7/7,R-DEC-ERA-SAME,same_program,,,,
2021|1109N|,2021,1109N,,2017,2023,A1,7,dd8f7cf0b20b49a909cad1e2c7b4c55744919fbaca4dba883f62e422b83062fe,414521,2017: AAV7A1 PIP; 2018: AAV7A1 PIP; 2019: AAV7A1 PIP; 2020: AAV7A1 PIP; 2021: AAV7A1 PIP; 2022: AAV7A1 PIP; 2023: AAV7A1 PIP,AAV7A1 PIP,1.00,7/7,R-DEC-ERA-SAME,same_program,,,,
2025|1109N|,2025,1109N,,2018,2023,A1+R1,6,f9b87bb1154a1b333e0788ea84d370ba05b8554762b7f3d06945d246ea09bc98,1060955,2018: Amphibious Combat Vehicle 1.1; 2019: Amphibious Combat Vehicle 1.1; 2020: Amphibious Combat Vehicle 1.1; 2021: Amphibious Combat Vehicle Family of Vehicles; 2022: Amphibious Combat Vehicle Family of Vehicles; 2023: Amphibious Combat Vehicle Family of Vehicles,Amphibious Combat Vehicle Family of Vehicles,0.43,6/6,owner-batch,,,,,
2026|1810N|,2026,1810N,,2017,2023,A1,7,e1808b167c82c214c66c91ccb42d1a598fee2d81db600df1ac75380377da2a93,144305,2017: SPQ-9B Radar; 2018: SPQ-9B Radar; 2019: SPQ-9B Radar; 2020: SPQ-9B Radar; 2021: SPQ-9B Radar; 2022: SPQ-9B Radar; 2023: SPQ-9B Radar,SPQ-9B Radar,1.00,7/7,R-DEC-ERA-SAME,same_program,,,,
2038|1109N|,2038,1109N,,2017,2023,A1,7,dce613667e6536fd23852b117b69ca55f3840492a69f3fe03dd4b949979e3f20,336178,2017: LAV PIP; 2018: LAV PIP; 2019: LAV PIP; 2020: LAV PIP; 2021: LAV PIP; 2022: LAV PIP; 2023: LAV PIP,LAV PIP,1.00,6/7,R-DEC-ERA-SAME,same_program,,,,
2061|1109N|,2061,1109N,,2017,2022,H,6,91d875ba2e4d8895e60b6bb271657549cd6f2b48f4059e5c0266a7c8e4d26438,120910,2017: Modification Kits; 2018: Modification Kits; 2019: Modification Kits; 2020: Modification Kits; 2021: Modification Kits; 2022: Modification Kits,,,5/5,R-DEC-ERA-HISTORY,history_only,,,,
2062NA0100|2035A|,2062NA0100,2035A,,2017,2023,A1,7,4598f99ffcc1185ecba60d7a4aa768b106f9ab4c1dd1207fb3102fc04c6316bf,1521777,"2017: Training Devices, Nonsystem; 2018: Training Devices, Nonsystem; 2019: Training Devices, Nonsystem; 2020: Training Devices, Nonsystem; 2021: Training Devices, Nonsystem; 2022: Training Devices, Nonsystem; 2023: Training Devices, Nonsystem","Training Devices, Nonsystem",1.00,7/7,R-DEC-ERA-SAME,same_program,,,,
2064|1109N|,2064,1109N,,2017,2019,H,3,3dd228e9050eaa073b6e3cfb85cec7d74f93dfec1052ae3f5a9ca988f1fd1fbe,3202,2017: Expeditionary Fire Support System; 2018: Expeditionary Fire Support System; 2019: Expeditionary Fire Support System,,,2/2,R-DEC-ERA-HISTORY,history_only,,,,
2072GA0400|2033A|,2072GA0400,2033A,,2017,2023,A1+R1,7,bc1135863f895ff17d43ec470e995cc28aad31649850184b3c9cd3e88aa48415,288474,"2017: Howitzer, Med Sp Ft 155mm M109a6 (MOD); 2018: M109 FOV Modifications; 2019: M109 FOV Modifications; 2020: M109 FOV Modifications; 2021: M109 FOV Modifications; 2022: M109 FOV Modifications; 2023: M109 FOV Modifications",M109 FOV Modifications,0.00,6/7,owner-batch,,,,,
2073GZ0410|2033A|,2073GZ0410,2033A,,2017,2023,A1,7,aead343234c1cbab54db773f2d3e1293b94511d87a7933a7f04f69e597cef44e,3420240,2017: Paladin Integrated Management (PIM); 2018: Paladin Integrated Management (PIM); 2019: Paladin Integrated Management (PIM); 2020: Paladin Integrated Management (PIM); 2021: Paladin Integrated Management (PIM); 2022: Paladin Integrated Management (PIM); 2023: Paladin Integrated Management (PIM),Paladin Integrated Management (PIM),1.00,7/7,R-DEC-ERA-SAME,same_program,,,,
2079NA2000|2035A|,2079NA2000,2035A,,2020,2023,A1,4,e09303b969c9a9bb7bbc6788cda9cfc8d312ae9da45028eff161f7f4774cf6b2,27512,2020: Synthetic Training Environment (STE); 2021: Synthetic Training Environment (STE); 2022: Synthetic Training Environment (STE); 2023: Synthetic Training Environment (STE),Synthetic Training Environment (STE),1.00,4/4,R-DEC-ERA-SAME,same_program,,,,
2086|1611N|,2086,1611N,,2017,2023,A1,14,4afc511c662723cd226f3e63b7e63821ce8133e19491d12913532656f8aacdd4,7413939,2017: CVN Refueling Overhauls; 2018: CVN Refueling Overhauls; 2019: CVN Refueling Overhauls; 2020: CVN Refueling Overhauls; 2021: CVN Refueling Overhauls; 2022: CVN Refueling Overhauls; 2023: CVN Refueling Overhauls,CVN Refueling Overhauls,1.00,7/7,R-DEC-ERA-SAME,same_program,,,,
20|0300D|DCAA,20,0300D,DCAA,2017,2021,R2,5,ee541d2cb61252999a915e0194ecee06118c6377a975e269fef440b870eaac38,13311,2017: Items Less Than $5 Million; 2018: Items Less Than $5 Million; 2019: Items Less Than $5 Million; 2020: Items Less Than $5 Million; 2021: Items Less Than $5 Million,0300D/DCSA: Major Equipment; 0300D/DTRA: Vehicles,,3/4,,,,,,
20|0300D|DCSA,20,0300D,DCSA,2021,2023,A1,3,7a388a09e6abe301821632d20be6c45c340f10bbf31d54185c7cdf95447f56ae,8513,2021: Major Equipment; 2022: Major Equipment; 2023: Major Equipment,Major Equipment,1.00,3/3,R-DEC-ERA-SAME,same_program,,,,
20|0300D|DSS,20,0300D,DSS,2017,2020,R2,4,61f56bb0d5c5133087f2fa76fdbb8c320d9e8a86f847f9897cd67c8db68eff27,4426,2017: Major Equipment; 2018: Major Equipment; 2019: Major Equipment; 2020: Major Equipment,0300D/DCSA: Major Equipment; 0300D/DTRA: Vehicles,,3/3,,,,,,
20|0300D|DTRA,20,0300D,DTRA,2017,2023,A1,7,e9ad5c2a9eaf8dccd8dd9ba18f78cdb845999e8b8f72aaaa9481d85819d7023e,1187,2017: Vehicles; 2018: Vehicles; 2019: Vehicles; 2020: Vehicles; 2021: Vehicles; 2022: Vehicles; 2023: Vehicles,Vehicles,1.00,7/7,R-DEC-ERA-SAME,same_program,,,,
2101B00009|2035A|,2101B00009,2035A,,2017,2021,H,5,6c803dfbee107ea4327c069ac8948242babe4c73f5d1f12bffaf8cb61cb173f2,37686,2017: Joint Incident Site Communications Capability; 2018: Joint Incident Site Communications Capability; 2019: Joint Incident Site Communications Capability; 2020: Joint Incident Site Communications Capability; 2021: Joint Incident Site Communications Capability,,,4/4,R-DEC-ERA-HISTORY,history_only,,,,
2101|1109N|,2101,1109N,,2023,2023,A1,1,65f5140c2ad119f2598b0bb8d1486798d394d14ce4948bfb3d99eb51086f3552,0,2023: Tomahawk,Tomahawk,1.00,1/1,R-DEC-ERA-SAME,same_program,,,,
2101|1507N|,2101,1507N,,2017,2023,A1,7,5f0532e879b90f2f57616d2d69d24fe7e48ec0e76d371509a227c9fd9bdc4349,1829700,2017: Tomahawk; 2018: Tomahawk; 2019: Tomahawk; 2020: Tomahawk; 2021: Tomahawk; 2022: Tomahawk; 2023: Tomahawk,Tomahawk,1.00,7/7,R-DEC-ERA-SAME,same_program,,,,
2104C59300|2032A|,2104C59300,2032A,,2017,2023,A1,11,6d0d4c224992c83f93fceb7d684d363e10e6a61f269fb77af99147779fed58df,810271,2017: Tow 2 System Summary; 2018: Tow 2 System Summary; 2019: Tow 2 System Summary; 2020: Tow 2 System Summary; 2021: TOW 2 System Summary; 2022: TOW 2 System Summary; 2023: TOW 2 System Summary,TOW 2 System Summary,1.00,7/7,R-DEC-ERA-SAME,same_program,,,,
2119|1611N|,2119,1611N,,2017,2023,A1,7,790b25c4488e7dbd9a15c8841eddab3a49e9420347db416c059e96b34f7c06b5,1888091,2017: DDG 1000; 2018: DDG 1000; 2019: DDG 1000; 2020: DDG 1000; 2021: DDG 1000; 2022: DDG 1000; 2023: DDG 1000,DDG 1000,1.00,7/7,R-DEC-ERA-SAME,same_program,,,,
2122|1611N|,2122,1611N,,2017,2023,A1,14,abd6b74a20fb75111fc1e7dcafb59fd19a94cf1296c64fa8a8d6ab9c12a84e3c,29379082,2017: DDG-51; 2018: DDG-51; 2019: DDG-51; 2020: DDG-51; 2021: DDG-51; 2022: DDG-51; 2023: DDG-51,DDG-51,1.00,7/7,R-DEC-ERA-SAME,same_program,,,,
2127|1611N|,2127,1611N,,2017,2023,A1,8,7a5893a1cd235b88031fd80555f10f43dc9b3f4bb968587777532f9d8ba6c59d,7930297,2017: Littoral Combat Ship; 2018: Littoral Combat Ship; 2019: Littoral Combat Ship; 2020: Littoral Combat Ship; 2021: Littoral Combat Ship; 2022: Littoral Combat Ship; 2023: Littoral Combat Ship,Littoral Combat Ship,1.00,7/7,R-DEC-ERA-SAME,same_program,,,,
2128|1611N|,2128,1611N,,2020,2023,A1,6,e0132fd55bb7be369570ab740ba49094197e59d7b6f475e10950f658d3acbb21,2334300,2020: FFG-Frigate; 2021: FFG-Frigate; 2022: FFG-Frigate; 2023: FFG-Frigate,FFG-Frigate,1.00,4/4,R-DEC-ERA-SAME,same_program,,,,
2136|1810N|,2136,1810N,,2017,2023,A1,7,21344517ee0c6abb15d786e57456a634e7ee31d075dc9203371b96fd714df7db,735063,2017: AN/SQQ-89 Surf ASW Combat System; 2018: AN/SQQ-89 Surf ASW Combat System; 2019: AN/SQQ-89 Surf ASW Combat System; 2020: AN/SQQ-89 Surf ASW Combat System; 2021: AN/SQQ-89 Surf ASW Combat System; 2022: AN/SQQ-89 Surf ASW Combat System; 2023: AN/SQQ-89 Surf ASW Combat System,AN/SQQ-89 Surf ASW Combat System,1.00,7/7,R-DEC-ERA-SAME,same_program,,,,
2143369000|0300D|,2143369000,0300D,,2017,2023,A1,7,aa22bf5d88894da9d2f41fdca2c3cffb6cdab9c9537786a3e1d5b647c48c620b,2399702,2017: Operational Enhancements; 2018: Operational Enhancements; 2019: Operational Enhancements; 2020: Operational Enhancements; 2021: Operational Enhancements; 2022: Operational Enhancements; 2023: Operational Enhancements,Operational Enhancements,1.00,7/7,R-DEC-ERA-SAME,same_program,,,,
2147|1810N|,2147,1810N,,2017,2018,H,2,63377166ceadfc37bba255112492d9787b6cd227731053732c872ffe4ac1fd1e,393066,2017: SSN Acoustics; 2018: SSN Acoustics,,,1/1,R-DEC-ERA-HISTORY,history_only,,,,
2150|1810N|,2150,1810N,,2017,2023,A1,7,3f09d5033100839436f33c0b2084063bcc10efa82cb579a35b85897caa877f3a,1714233,2017: SSN Acoustic Equipment; 2018: SSN Acoustic Equipment; 2019: SSN Acoustic Equipment; 2020: SSN Acoustic Equipment; 2021: SSN Acoustic Equipment; 2022: SSN Acoustic Equipment; 2023: SSN Acoustic Equipment,SSN Acoustic Equipment,1.00,7/7,R-DEC-ERA-SAME,same_program,,,,
2161B47200|2035A|,2161B47200,2035A,,2022,2023,A1,2,54b38d059904b146c9596e46984c46be5b1eb6e790dc3676d14f82d9bcc0ef17,0,2022: Disaster Incident Response Comms Terminal (DI; 2023: Disaster Incident Response Comms Terminal (DI,Disaster Incident Response Comms Terminal (DI,1.00,2/2,R-DEC-ERA-SAME,same_program,,,,
2176|1810N|,2176,1810N,,2017,2023,A1,7,f5f599a5f7a6579ad782d3fae60782a20270c4c2f777967d1e694962e4759104,61197,2017: Undersea Warfare Support Equipment; 2018: Undersea Warfare Support Equipment; 2019: Undersea Warfare Support Equipment; 2020: Undersea Warfare Support Equipment; 2021: Undersea Warfare Support Equipment; 2022: Undersea Warfare Support Equipment; 2023: Undersea Warfare Support Equipment,Undersea Warfare Support Equipment,1.00,7/7,R-DEC-ERA-SAME,same_program,,,,
2181|1810N|,2181,1810N,,2017,2018,H,2,7fd0df7dfbe5a70d2bec2b97037626b2402deeb93cf67c414777ff6258904ad9,23402,2017: Sonar Switches and Transducers; 2018: Sonar Switches and Transducers,,,1/1,R-DEC-ERA-HISTORY,history_only,,,,
2185|1109N|,2185,1109N,,2017,2023,A1,7,656255b8866c7496304d70dee70813889c69b957e13bc64eb21c698c5f25195f,95138,2017: 155mm Lightweight Towed Howitzer; 2018: 155mm Lightweight Towed Howitzer; 2019: 155mm Lightweight Towed Howitzer; 2020: 155mm Lightweight Towed Howitzer; 2021: 155mm Lightweight Towed Howitzer; 2022: 155mm Lightweight Towed Howitzer; 2023: 155mm Lightweight Towed Howitzer,155mm Lightweight Towed Howitzer,1.00,6/7,R-DEC-ERA-SAME,same_program,,,,
21SPEC|3020F|,21SPEC,3020F,,2021,2023,H,3,3d496f324c6d6d332dac8b58f84ff1937cb3d72138366a4e9b0b9a7c21e20078,-13,2021: Spectrum funds; 2022: Spectrum funds; 2023: Spectrum funds,,,2/2,R-DEC-ERA-HISTORY,history_only,,,,
2205W01103|2035A|,2205W01103,2035A,,2017,2021,H,5,94e9f86f7e92818bfebe5e111d73a2ea540ce4ad8deb2d10a52c4889e25a4a32,7168,2017: Protective Systems; 2018: Protective Systems; 2019: Protective Systems; 2020: Protective Systems; 2021: Protective Systems,,,3/4,R-DEC-ERA-HISTORY,history_only,,,,
2206|1507N|,2206,1507N,,2017,2023,A1,7,ef9a5190be7b26aecd37b8f623228282c0d3096c7775b1e6e17d0bf9605b87d3,1191971,2017: AMRAAM; 2018: AMRAAM; 2019: AMRAAM; 2020: AMRAAM; 2021: AMRAAM; 2022: AMRAAM; 2023: AMRAAM,AMRAAM,1.00,6/7,R-DEC-ERA-SAME,same_program,,,,
2208|1109N|,2208,1109N,,2017,2018,H,2,105ccf64cad2e6543cbc4c3b9a93540450b09a05880ce351dc860c65cae1a1a7,2378,2017: Weapons Enhancement Program; 2018: Weapons Enhancement Program,,,1/1,R-DEC-ERA-HISTORY,history_only,,,,
2209|1507N|,2209,1507N,,2017,2023,A1,7,52b5318ae46c082391b80b8896ee7209381540cf1c62f9c251f714c5c7b4da50,683724,2017: Sidewinder; 2018: Sidewinder; 2019: Sidewinder; 2020: Sidewinder; 2021: Sidewinder; 2022: Sidewinder; 2023: Sidewinder,Sidewinder,1.00,7/7,R-DEC-ERA-SAME,same_program,,,,
2210|1810N|,2210,1810N,,2017,2023,A1,7,86e6d0d1bb20c2abbb9af113e1d4021005d0d92ce540253f578a51cd0231df10,155191,2017: Submarine Acoustic Warfare System; 2018: Submarine Acoustic Warfare System; 2019: Submarine Acoustic Warfare System; 2020: Submarine Acoustic Warfare System; 2021: Submarine Acoustic Warfare System; 2022: Submarine Acoustic Warfare System; 2023: Submarine Acoustic Warfare System,Submarine Acoustic Warfare System,1.00,7/7,R-DEC-ERA-SAME,same_program,,,,
2212|1109N|,2212,1109N,,2017,2023,A1+R1,7,3b2dd139f500b89830de289fc14ffb2198895e215ef6dfc33009ac6c1dc74b74,425359,2017: High Mobility Artillery Rocket System; 2018: High Mobility Artillery Rocket System; 2019: Artillery Weapons System; 2020: Artillery Weapons System; 2021: Artillery Weapons System; 2022: Artillery Weapons System; 2023: Artillery Weapons System,Artillery Weapons System,0.33,7/7,owner-batch,,,,,
2213|1810N|,2213,1810N,,2017,2023,A1,7,4116822a0c7554cef738064e97bf42b262ae5b9c31a3f682a44370fe3199c322,69266,2017: SSTD; 2018: SSTD; 2019: SSTD; 2020: SSTD; 2021: SSTD; 2022: SSTD; 2023: SSTD,SSTD,1.00,7/7,R-DEC-ERA-SAME,same_program,,,,
222000|3020F|,222000,3020F,,2020,2023,A1,4,e0fa9bcfcbb8791103ecf3d8bb9e23f1ccf010fecf688828d88f859efccbf2ce,8995,2020: Replac Equip & War Consumables; 2021: Replac Equip & War Consumables; 2022: Replac Equip & War Consumables; 2023: Replac Equip & War Consumables,Replac Equip & War Consumables,1.00,4/4,R-DEC-ERA-SAME,same_program,,,,
2220|1109N|,2220,1109N,,2017,2023,A1,7,4a1328223808d9d95f39487ab788682f4739bfac722c3c59c6431b92e1e5e789,157037,2017: Weapons and Combat Vehicles Under $5 Million; 2018: Weapons and Combat Vehicles Under $5 Million; 2019: Weapons and Combat Vehicles Under $5 Million; 2020: Weapons and Combat Vehicles Under $5 Million; 2021: Weapons and Combat Vehicles Under $5 Million; 2022: Weapons and Combat Vehicles Under $5 Million; 2023: Weapons and Combat Vehicles Under $5 Million,Weapons and Combat Vehicles Under $5 Million,1.00,7/7,R-DEC-ERA-SAME,same_program,,,,
2224M11205|2035A|,2224M11205,2035A,,2017,2023,A1,7,613595d7c970663dd02bb64895a54acb71c14510f04f8e31b7eba8a8218138db,123847,2017: Family of Non-Lethal Equipment  (FNLE); 2018: Family of Non-Lethal Equipment  (FNLE); 2019: Family of Non-Lethal Equipment  (FNLE); 2020: Family of Non-Lethal Equipment  (FNLE); 2021: Family Of Non-Lethal Equipment  (FNLE); 2022: Family Of Non-Lethal Equipment  (FNLE); 2023: Family Of Non-Lethal Equipment  (FNLE),Family Of Non-Lethal Equipment  (FNLE),1.00,7/7,R-DEC-ERA-SAME,same_program,,,,
2225|1810N|,2225,1810N,,2017,2023,A1,7,d3a914ed7e0f91404641c408c8a8c3670540e0397f96ff767491fca2468f36ea,1932714,2017: Fixed Surveillance System; 2018: Fixed Surveillance System; 2019: Fixed Surveillance System; 2020: Fixed Surveillance System; 2021: Fixed Surveillance System; 2022: Fixed Surveillance System; 2023: Fixed Surveillance System,Fixed Surveillance System,1.00,7/7,R-DEC-ERA-SAME,same_program,,,,
2230|1507N|,2230,1507N,,2017,2021,H,5,af9f83e2066bad176ae0b23a2c9be27d9fd8e8d4982ee9d87cfb61780c8a684d,130127,2017: JSOW; 2018: JSOW; 2019: JSOW; 2020: JSOW; 2021: JNT Standoff Weapon (JSOW),,,4/4,owner-batch,,,,,
2234|1507N|,2234,1507N,,2017,2023,A1,12,138e67600c32b6b58a604d270d966c59b3e655b2345ff7b21a239183b858507b,3408144,2017: Standard Missile; 2018: Standard Missile; 2019: Standard Missile; 2020: Standard Missile; 2021: Standard Missile; 2022: Standard Missile; 2023: Standard Missile,Standard Missile,1.00,7/7,R-DEC-ERA-SAME,same_program,,,,
2236|1507N|,2236,1507N,,2022,2023,H,2,46f8ef96cf5d03551c71c5f459b733e5a38aceaaf4136e31c3c2325f1efdb8c9,0,2022: JASSM; 2023: JASSM,,,1/1,R-DEC-ERA-HISTORY,history_only,,,,
2237|1810N|,2237,1810N,,2017,2023,A1,7,a3694989173755262d6022c6ebbf9ba4d766eb4acf45a5a244b5fbbaf78dda9a,272929,2017: SURTASS; 2018: SURTASS; 2019: SURTASS; 2020: SURTASS; 2021: SURTASS; 2022: SURTASS; 2023: SURTASS,SURTASS,1.00,6/7,R-DEC-ERA-SAME,same_program,,,,
2238|1507N|,2238,1507N,,2018,2023,A1,6,d515a22341e6e183307a85c5cdb0c464b3a74c1965b3cf732592c1bfd07f5f3b,275947,2018: Small Diameter Bomb II; 2019: Small Diameter Bomb II; 2020: Small Diameter Bomb II; 2021: Small Diameter Bomb II; 2022: Small Diameter Bomb II; 2023: Small Diameter Bomb II,Small Diameter Bomb II,1.00,6/6,R-DEC-ERA-SAME,same_program,,,,
2242|1507N|,2242,1507N,,2017,2023,A1,7,ab0954c958aac9be0a82128392eeb6e26ee17ee2bd055df4adb063eeda1ca5f5,647809,2017: Ram; 2018: Ram; 2019: Ram; 2020: Ram; 2021: Ram; 2022: Ram; 2023: Ram,Ram,1.00,7/7,R-DEC-ERA-SAME,same_program,,,,
2246|1810N|,2246,1810N,,2017,2018,H,2,108e39a223907c0b2b91860cf9e68fe1c7aed4f305fc3404cb3b07e1ba520c12,28115,2017: Maritime Patrol and Reconnsaisance Force; 2018: Maritime Patrol and Reconnsaisance Force,,,1/1,R-DEC-ERA-HISTORY,history_only,,,,
2248|1507N|,2248,1507N,,2017,2023,A1,7,2cb3815d9b4ec484e9a327f61537c4f22580b8602af4cc3da209fa834a532c87,169196,2017: Joint Air Ground Missile (JAGM); 2018: Joint Air Ground Missile (JAGM); 2019: Joint Air Ground Missile (JAGM); 2020: Joint Air Ground Missile (JAGM); 2021: Joint Air Ground Missile (JAGM); 2022: Joint Air Ground Missile (JAGM); 2023: Joint Air Ground Missile (JAGM),Joint Air Ground Missile (JAGM),1.00,7/7,R-DEC-ERA-SAME,same_program,,,,
2254|1507N|,2254,1507N,,2017,2023,A1,7,1ec821779f1835ba03af9f6e9b0939926d59be54c7b23493979ff2330349e0a7,25998,2017: Hellfire; 2018: Hellfire; 2019: Hellfire; 2020: Hellfire; 2021: Hellfire; 2022: Hellfire; 2023: Hellfire,Hellfire,1.00,7/7,R-DEC-ERA-SAME,same_program,,,,
2255|1507N|,2255,1507N,,2017,2020,H,4,0a0319042433852a44aaa510cd99d0305a782d6d0153079618a6f78cccaa37a4,41525,2017: Laser Maverick; 2018: Laser Maverick; 2019: Laser Maverick; 2020: Laser Maverick,,,3/3,R-DEC-ERA-HISTORY,history_only,,,,
2264|1507N|,2264,1507N,,2017,2021,H,5,7eb7f36fd677e7ac1182c7412c69df2f3adfd0aeccd80724e089b8be506689a5,27175,2017: Stand off Precision Guided Munitions (SOPGM); 2018: Stand off Precision Guided Munitions (SOPGM); 2019: Stand off Precision Guided Munitions (SOPGM); 2020: Stand off Precision Guided Munitions (SOPGM); 2021: Stand off Precision Guided Munitions (SOPGM),,,4/4,R-DEC-ERA-HISTORY,history_only,,,,
2280|1507N|,2280,1507N,,2017,2023,A1,7,9a53e2646cb30a8efd4e641630aa2fe93030f7e69c09ac5b02992b359b8d5639,794793,2017: Aerial Targets; 2018: Aerial Targets; 2019: Aerial Targets; 2020: Aerial Targets; 2021: Aerial Targets; 2022: Aerial Targets; 2023: Aerial Targets,Aerial Targets,1.00,7/7,R-DEC-ERA-SAME,same_program,,,,
2285|1507N|,2285,1507N,,2020,2023,H,4,1693d860e4aae4334a195861d2b31995531189b92de34cbf660d7fc3b2b26db0,19956,2020: Drones And Decoys; 2021: Drones And Decoys; 2022: Drones And Decoys; 2023: Drones And Decoys,,,3/3,R-DEC-ERA-HISTORY,history_only,,,,
2290|1507N|,2290,1507N,,2017,2023,A1,7,77049a3ac49c5ef5a65e7bc3c2996538ac763ac06724e7bec1f22cd79cbf3024,22005,2017: Other Missile Support; 2018: Other Missile Support; 2019: Other Missile Support; 2020: Other Missile Support; 2021: Other Missile Support; 2022: Other Missile Support; 2023: Other Missile Support,Other Missile Support,1.00,7/7,R-DEC-ERA-SAME,same_program,,,,
2291|1507N|,2291,1507N,,2017,2023,A1,7,4339101026339aadf45c723bd9d766f884c9381118640f9db47100d846401e00,488475,2017: LRASM; 2018: LRASM; 2019: LRASM; 2020: LRASM; 2021: LRASM; 2022: LRASM; 2023: LRASM,LRASM,1.00,7/7,R-DEC-ERA-SAME,same_program,,,,
2292|1109N|,2292,1109N,,2023,2023,A1,1,3a7063134c9acceaa662243e62ad0ac1e5531fef1bd8bc059b2fb271fd500c74,0,2023: Naval Strike Missile (NSM),Naval Strike Missile (NSM),1.00,1/1,R-DEC-ERA-SAME,same_program,,,,
2292|1507N|,2292,1507N,,2019,2023,A1+R1,5,349793cd4525e10a05e15254c9808290b1423b7c11298d5277d5f1ac2dbde27f,93801,2019: LCS OTH Missile; 2020: LCS OTH Missile; 2021: LCS OTH Missile; 2022: Naval Strike Missile (NSM); 2023: Naval Strike Missile (NSM),Naval Strike Missile (NSM),0.17,5/5,,,,,,
22|0300D|,22,0300D,,2020,2023,A1,4,4bfdd9770f167e5a157ddb8a20ea23188e17d4e8ddbe27726f2c1a760647b17e,500,"2020: Major Equipment, DPAA; 2021: Major Equipment, DPAA; 2022: Major Equipment, DPAA; 2023: Major Equipment, DPAA","Major Equipment, DPAA",1.00,3/4,R-DEC-ERA-SAME,same_program,,,,
2300M90101|2035A|,2300M90101,2035A,,2017,2023,A1,7,82c8c44bfaeff62e223188e0f1801dafec64fccffebeaa1e5844564b3f856099,255973,2017: Base Defense Systems (BDS); 2018: Base Defense Systems (BDS); 2019: Base Defense Systems (BDS); 2020: Base Defense Systems (BDS); 2021: Base Defense Systems (BDS); 2022: Base Defense Systems (BDS); 2023: Base Defense Systems (BDS),Base Defense Systems (BDS),1.00,6/7,R-DEC-ERA-SAME,same_program,,,,
2301|1507N|,2301,1507N,,2021,2023,A1,3,3f71fe5d93ea40013471b5b4de753ad4084484a0bda95221cca808cce9e51a85,143563,2021: Tomahawk Mods; 2022: Tomahawk Mods; 2023: Tomahawk Mods,Tomahawk Mods,1.00,3/3,R-DEC-ERA-SAME,same_program,,,,
2307|1507N|,2307,1507N,,2017,2023,A1,9,1662b6e2c38c61abef37fb628e391448b6b71574e2f543b56c81efc785aa2d07,745011,2017: ESSM; 2018: ESSM; 2019: ESSM; 2020: ESSM; 2021: ESSM; 2022: ESSM; 2023: ESSM,ESSM,1.00,7/7,R-DEC-ERA-SAME,same_program,,,,
2312|1810N|,2312,1810N,,2017,2023,A1,7,5af087ecbc737a599ea9f71bd496c219bad363b21414a436e30db67bc4f72c07,1982405,2017: AN/SLQ-32; 2018: AN/SLQ-32; 2019: AN/SLQ-32; 2020: AN/SLQ-32; 2021: AN/SLQ-32; 2022: AN/SLQ-32; 2023: AN/SLQ-32,AN/SLQ-32,1.00,7/7,R-DEC-ERA-SAME,same_program,,,,
2326|1507N|,2326,1507N,,2018,2022,H,5,39ef49fcc32cba5d9a091849d4a99048de95b51a9790d5717c179597572533a3,65725,2018: Harpoon Mods; 2019: Harpoon Mods; 2020: Harpoon Mods; 2021: Harpoon Mods; 2022: Harpoon Mods,,,4/4,R-DEC-ERA-HISTORY,history_only,,,,
2327|1507N|,2327,1507N,,2017,2023,A2+R1,7,abbd38e446a9bddecc02a7037173bd21b7971bc8dd434e35d6c88d91495a0628,1077982,2017: Harm Mods; 2018: Harm Mods; 2019: Harm Mods; 2020: Harm Mods; 2021: Harm Mods; 2022: AARGM; 2023: AARGM,AARGM-ER,0.00,7/7,owner-batch,,,,,
2348EA4000|2034A|,2348EA4000,2034A,,2017,2023,A1,7,5ea70de3419c5544feef156f47eacefe3fe1f5657f1b815db03f760f11d6b524,291624,"2017: Shoulder Launched Munitions, All Types; 2018: Shoulder Launched Munitions, All Types; 2019: Shoulder Launched Munitions, All Types; 2020: Shoulder Launched Munitions, All Types; 2021: Shoulder Launched Munitions, All Types; 2022: Shoulder Launched Munitions, All Types; 2023: Shoulder Launched Munitions, All Types","Shoulder Launched Munitions, All Types",1.00,6/7,R-DEC-ERA-SAME,same_program,,,,
2356|1507N|,2356,1507N,,2017,2023,A1,7,6d5b9841c7ab97553c61016bf702d8b229230427247d932b0b7d7e5aa345ada1,89374,2017: Standard Missiles Mods; 2018: Standard Missiles Mods; 2019: Standard Missiles Mods; 2020: Standard Missiles Mods; 2021: Standard Missiles Mods; 2022: Standard Missiles Mods; 2023: Standard Missiles Mods,Standard Missiles Mods,1.00,7/7,R-DEC-ERA-SAME,same_program,,,,
2360|1810N|,2360,1810N,,2017,2023,A1,7,647bdae8a8c67a040739a17618124f42986cdf8ed74b2618d9b14d9a6d6b6e52,1277989,2017: Shipboard IW Exploit; 2018: Shipboard IW Exploit; 2019: Shipboard IW Exploit; 2020: Shipboard IW Exploit; 2021: Shipboard IW Exploit; 2022: Shipboard IW Exploit; 2023: Shipboard IW Exploit,Shipboard IW Exploit,1.00,7/7,R-DEC-ERA-SAME,same_program,,,,
2361|1810N|,2361,1810N,,2017,2023,A1,7,c8f5c4c8623248a02412b95622c7c3d7b61f4f0c27d9236a47b163d1d3b99b2e,18902,2017: Automated Identification System (AIS); 2018: Automated Identification System (AIS); 2019: Automated Identification System (AIS); 2020: Automated Identification System (AIS); 2021: Automated Identification System (AIS); 2022: Automated Identification System (AIS); 2023: Automated Identification System (AIS),Maritime Battlespace Awareness,1.00,6/7,R-DEC-ERA-SAME,same_program,,,,
2382E08900|2034A|,2382E08900,2034A,,2017,2023,A1,7,7752c61b490ee5a7c694d74932150787645075de7495bb1e96e583e9f12fbbf2,116795,"2017: CTG, 20mm, All Types; 2018: CTG, 20mm, All Types; 2019: CTG, 20mm, All Types; 2020: CTG, 20mm, All Types; 2021: CTG, 20mm, All Types; 2022: CTG, 20mm, All Types; 2023: CTG, 20mm, All Types","CTG, 20mm, All Types",1.00,7/7,R-DEC-ERA-SAME,same_program,,,,
2410|1507N|,2410,1507N,,2017,2023,A1,7,7c2f379402ee66c29f29d55278d729629f277488323e1e5f1bb4030092fecaed,26744,2017: First Destination Transportation; 2018: First Destination Transportation; 2019: First Destination Transportation; 2020: First Destination Transportation; 2021: First Destination Transportation; 2022: First Destination Transportation; 2023: First Destination Transportation,First Destination Transportation,1.00,7/7,R-DEC-ERA-SAME,same_program,,,,
2420E61000|2034A|,2420E61000,2034A,,2017,2023,A1,7,d84815c5d0be3074c3f698980050219ca72e7fef37b1f5487d07b609ab4b7bed,48838,"2017: CAD/PAD, All Types; 2018: CAD/PAD, All Types; 2019: CAD/PAD, All Types; 2020: CAD/PAD, All Types; 2021: CAD/PAD, All Types; 2022: CAD/PAD, All Types; 2023: CAD/PAD, All Types","CAD/PAD, All Types",1.00,7/7,R-DEC-ERA-SAME,same_program,,,,
2420|1507N|,2420,1507N,,2017,2023,A1,7,cd7a2e2a7092d97f21070dd348abfc2004e22e993f6ad80ef18665860dc539b5,48921,2017: Weapons Industrial Facilities; 2018: Weapons Industrial Facilities; 2019: Weapons Industrial Facilities; 2020: Weapons Industrial Facilities; 2021: Weapons Industrial Facilities; 2022: Weapons Industrial Facilities; 2023: Weapons Industrial Facilities,Weapons Industrial Facilities,1.00,7/7,R-DEC-ERA-SAME,same_program,,,,
2433|1507N|,2433,1507N,,2017,2023,H,7,921f06c62775e51f1983171ad9768332ec139e484514787874b0089a89804e44,491676,2017: Fleet Satellite Comm Follow-On; 2018: Fleet Satellite Comm Follow-On; 2019: Fleet Satellite Comm Follow-On; 2020: Fleet Satellite Comm Follow-On; 2021: Fleet Satellite Comm Follow-On; 2022: Fleet Satellite Comm Follow-On; 2023: Fleet Satellite Comm Follow-On,,,6/6,R-DEC-ERA-HISTORY,history_only,,,,
2450D30000|2035A|,2450D30000,2035A,,2017,2023,A1,7,e94ff7ff5aa3735565388df91e0b697feb55994461066a7be52a36e21c0659fa,69643,"2017: Nontactical Vehicles, Other; 2018: Nontactical Vehicles, Other; 2019: Nontactical Vehicles, Other; 2020: Nontactical Vehicles, Other; 2021: NonTactical Vehicles, Other; 2022: NonTactical Vehicles, Other; 2023: NonTactical Vehicles, Other","NonTactical Vehicles, Other",1.00,7/7,R-DEC-ERA-SAME,same_program,,,,
2472G13000|2033A|,2472G13000,2033A,,2018,2023,A1,6,6e5d1b087648562b71d8c209971772c179b58e9fde663dcf8588856b8cf58c05,56455,2018: M240 Medium Machine Gun (7.62MM); 2019: M240 Medium Machine Gun (7.62MM); 2020: M240 Medium Machine Gun (7.62MM); 2021: M240 Medium Machine Gun (7.62mm); 2022: M240 Medium Machine Gun (7.62mm); 2023: M240 Medium Machine Gun (7.62mm),M240 Medium Machine Gun (7.62mm),1.00,5/6,R-DEC-ERA-SAME,same_program,,,,
2500|1507N|,2500,1507N,,2017,2023,A1,7,c40f9f21da6965ae2c12d875adacb6e77587b2a805b01858fd39be9e711d20a3,556204,2017: Ordnance Support Equipment; 2018: Ordnance Support Equipment; 2019: Ordnance Support Equipment; 2020: Ordnance Support Equipment; 2021: Ordnance Support Equipment; 2022: Ordnance Support Equipment; 2023: Ordnance Support Equipment,Ordnance Support Equipment,1.00,7/7,R-DEC-ERA-SAME,same_program,,,,
2560|1810N|,2560,1810N,,2017,2018,H,2,a810992289ee3a8fadab70a2907f121406572e356cdc0f373314ae39fb24eb6f,120410,2017: Submarine Support Equipment Prog; 2018: Submarine Support Equipment Prog,,,1/1,R-DEC-ERA-HISTORY,history_only,,,,
2605C70302|2032A|,2605C70302,2032A,,2017,2023,A1,10,6b7a41a420f73266bc1950ccfa72fe31c098176ad2207c58c4a2908a798be59e,957486,2017: Joint Air-To-Ground Msls (JAGM); 2018: Joint Air-To-Ground Msls (JAGM); 2019: Joint Air-To-Ground Msls (JAGM); 2020: Joint Air-To-Ground Msls (JAGM); 2021: Joint Air-to-Ground MSLS (JAGM); 2022: Joint Air-to-Ground MSLS (JAGM); 2023: Joint Air-to-Ground MSLS (JAGM),Joint Air-to-Ground MSLS (JAGM),1.00,7/7,R-DEC-ERA-SAME,same_program,,,,
2606|1810N|,2606,1810N,,2017,2023,A1,7,23ffb64a92128d556f5a1b9daae5cdbb2e695621ae10843ef0aadc27c92e0790,197024,2017: Cooperative Engagement Capability; 2018: Cooperative Engagement Capability; 2019: Cooperative Engagement Capability; 2020: Cooperative Engagement Capability; 2021: Cooperative Engagement Capability; 2022: Cooperative Engagement Capability; 2023: Cooperative Engagement Capability,Cooperative Engagement Capability,1.00,7/7,R-DEC-ERA-SAME,same_program,,,,
2607C71300|2032A|,2607C71300,2032A,,2021,2023,A1,3,f85b70e8982a8bc4e19548ee51b8570605ad6dd2dccfd860547df0726cc0effb,38107,2021: Long Range Precision Munition; 2022: Long Range Precision Munition; 2023: Long Range Precision Munition,Long Range Precision Munition,1.00,3/3,R-DEC-ERA-SAME,same_program,,,,
2608|1810N|,2608,1810N,,2017,2018,H,2,1673d1bd346673b7755007756b47de608a2b79c39e732c11ea39c9db68ae7604,608,2017: Trusted Information System (TIS); 2018: Trusted Information System (TIS),,,1/1,R-DEC-ERA-HISTORY,history_only,,,,
2611C72100|2032A|,2611C72100,2032A,,2023,2023,A1,1,a259909de46b1ff88e186adb265bed55e205c9bb89e511e0fe888c4ca8cfd0bd,0,2023: LONG-RANGE HYPERSONIC WEAPON,LONG-RANGE HYPERSONIC WEAPON,1.00,1/1,R-DEC-ERA-SAME,same_program,,,,
2611|1810N|,2611,1810N,,2017,2023,A1,7,b1830fa6eedead59bcfca21c8f05ccc241d14b06312404f8c2a76442f59a7f2e,87226,2017: Naval Tactical Command Support System (NTCSS); 2018: Naval Tactical Command Support System (NTCSS); 2019: Naval Tactical Command Support System (NTCSS); 2020: Naval Tactical Command Support System (NTCSS); 2021: Naval Tactical Command Support System (NTCSS); 2022: Naval Tactical Command Support System (NTCSS); 2023: Naval Tactical Command Support System (NTCSS),Naval Tactical Command Support System (NTCSS),1.00,7/7,R-DEC-ERA-SAME,same_program,,,,
2614|1810N|,2614,1810N,,2017,2023,A1,7,164ad624af7c8a78fe3178367ed5a7b63f29d6d8c1d225cd9b1d5a60f5821131,294415,2017: ATDLS; 2018: ATDLS; 2019: ATDLS; 2020: ATDLS; 2021: ATDLS; 2022: ATDLS; 2023: ATDLS,ATDLS,1.00,7/7,R-DEC-ERA-SAME,same_program,,,,
2618|1810N|,2618,1810N,,2017,2023,A1,7,589922b407365733ae6226992a86fd407fa40a6e06fd29f1ac25fb01fa5afa73,29713,2017: Navy Command and Control System (NCCS); 2018: Navy Command and Control System (NCCS); 2019: Navy Command and Control System (NCCS); 2020: Navy Command and Control System (NCCS); 2021: Navy Command and Control System (NCCS); 2022: Navy Command and Control System (NCCS); 2023: Navy Command and Control System (NCCS),Navy Command and Control System (NCCS),1.00,7/7,R-DEC-ERA-SAME,same_program,,,,
2622|1810N|,2622,1810N,,2017,2023,A1,7,80f1d48f885b82c0f7520024b5b9e8af926c1a1155c5058a2e7d658bda983986,208939,2017: Minesweeping System Replacement; 2018: Minesweeping System Replacement; 2019: Minesweeping System Replacement; 2020: Minesweeping System Replacement; 2021: Minesweeping System Replacement; 2022: Minesweeping System Replacement; 2023: Minesweeping System Replacement,Minesweeping System Replacement,1.00,6/7,R-DEC-ERA-SAME,same_program,,,,
2624EA0055|2034A|,2624EA0055,2034A,,2017,2023,A1,7,047af75c8d81ed9dd46f8b708ff366947f3a586e687a95ed87d90c6bcb13440a,64361,2017: Items Less Than $5 Million (AMMO); 2018: Items Less Than $5 Million (AMMO); 2019: Items Less Than $5 Million (AMMO); 2020: Items Less Than $5 Million (AMMO); 2021: Items Less Than $5 Million (AMMO); 2022: Items Less Than $5 Million (AMMO); 2023: Items Less Than $5 Million (AMMO),Items Less Than $5 Million (AMMO),1.00,7/7,R-DEC-ERA-SAME,same_program,,,,
2624|1810N|,2624,1810N,,2017,2023,A1,7,dda880b9fb05db109dd37f127e886249fcac7e37704345770848ca202dda39a9,40510,2017: Shallow Water MCM; 2018: Shallow Water MCM; 2019: Shallow Water MCM; 2020: Shallow Water MCM; 2021: Shallow Water MCM; 2022: Shallow Water MCM; 2023: Shallow Water MCM,Shallow Water MCM,1.00,7/7,R-DEC-ERA-SAME,same_program,,,,
2650E08200|2034A|,2650E08200,2034A,,2017,2023,A1,7,8cb614967c0d7c031dd4eb24c11ee335594f4339d541b40898da11781187cd8f,109626,"2017: CTG, 25mm, All Types; 2018: CTG, 25mm, All Types; 2019: CTG, 25mm, All Types; 2020: CTG, 25mm, All Types; 2021: CTG, 25mm, All Types; 2022: CTG, 25mm, All Types; 2023: CTG, 25mm, All Types","CTG, 25mm, All Types",1.00,6/7,R-DEC-ERA-SAME,same_program,,,,
2657|1810N|,2657,1810N,,2017,2023,A1,7,4547fea780a80d92b64564f39242a78bf93ceb4563b30278810aeb3875b26fbe,121426,2017: Navstar GPS Receivers (SPACE); 2018: Navstar GPS Receivers (SPACE); 2019: Navstar GPS Receivers (SPACE); 2020: Navstar GPS Receivers (SPACE); 2021: Navstar GPS Receivers (SPACE); 2022: Navstar GPS Receivers (SPACE); 2023: Navstar GPS Receivers (SPACE),Navstar GPS Receivers (SPACE),1.00,7/7,R-DEC-ERA-SAME,same_program,,,,
2666|1810N|,2666,1810N,,2017,2023,A1,7,b6ace1f8e0ff0c2970560f2d37332b06dc289e072d1e49b9ff031241cd4fb6b5,23906,2017: American Forces Radio and TV Service; 2018: American Forces Radio and TV Service; 2019: American Forces Radio and TV Service; 2020: American Forces Radio and TV Service; 2021: American Forces Radio and TV Service; 2022: American Forces Radio and TV Service; 2023: American Forces Radio and TV Service,American Forces Radio and TV Service,1.00,7/7,R-DEC-ERA-SAME,same_program,,,,
2676|1810N|,2676,1810N,,2017,2023,A1,7,31a5c60059e70c7dc07aa3821356db86990c483d7384b312e160762b1095fd77,66034,2017: Strategic Platform Support Equip; 2018: Strategic Platform Support Equip; 2019: Strategic Platform Support Equip; 2020: Strategic Platform Support Equip; 2021: Strategic Platform Support Equip; 2022: Strategic Platform Support Equip; 2023: Strategic Platform Support Equip,Strategic Platform Support Equip,1.00,7/7,R-DEC-ERA-SAME,same_program,,,,
2684C20000|2032A|,2684C20000,2032A,,2017,2022,A1,6,cfeb93de05e3afc9accd3453643d42688a3b1228dccca1b17827dabbefa484d0,275228,2017: Stinger Mods; 2018: Stinger Mods; 2019: Stinger Mods; 2020: Stinger Mods; 2021: Stinger Mods; 2022: Stinger Mods,Stinger Mods,1.00,5/5,R-DEC-ERA-SAME,same_program,,,,
2690CE8710|2032A|,2690CE8710,2032A,,2017,2023,A1,7,c3a425945d5001fa74a044ed9c29b04cb685ed95eff176c6f28439639810d81e,169834,2017: Avenger Mods; 2018: Avenger Mods; 2019: Avenger Mods; 2020: Avenger Mods; 2021: AVENGER MODS; 2022: AVENGER MODS; 2023: AVENGER MODS,AVENGER MODS,1.00,7/7,R-DEC-ERA-SAME,same_program,,,,
2706AA6605|2031A|,2706AA6605,2031A,,2017,2023,A1,7,f8fcd695266c778eed26c3cae787c761d38b40ba110d6286f5d5dbde2c07aa91,987030,2017: AH-64 Mods; 2018: AH-64 Mods; 2019: AH-64 Mods; 2020: AH-64 Mods; 2021: AH-64 MODS; 2022: AH-64 MODS; 2023: AH-64 MODS,AH-64 MODS,1.00,7/7,R-DEC-ERA-SAME,same_program,,,,
2716BF5400|2035A|,2716BF5400,2035A,,2017,2021,H,5,d02d144dfb52d530c68c19e60b77401a849ae7fd9fc25e3a779f6641d0d0e1c4,17259,2017: Production Base Support (C-E); 2018: Production Base Support (C-E); 2019: Production Base Support (C-E); 2020: Production Base Support (C-E); 2021: Production Base Support (C-E),,,4/4,R-DEC-ERA-HISTORY,history_only,,,,
2723B88801|2035A|,2723B88801,2035A,,2017,2023,A1,7,8fa5cc8fa9a2a83c8d4df79eb2c668d9999ab1050f6cdfee62bc89f9bd926d97,206541,2017: BCT Emerging Technologies; 2018: BCT Emerging Technologies; 2019: BCT Emerging Technologies; 2020: BCT Emerging Technologies; 2021: BCT Emerging Technologies; 2022: BCT Emerging Technologies; 2023: BCT Emerging Technologies,BCT Emerging Technologies,1.00,6/7,R-DEC-ERA-SAME,same_program,,,,
2762|1810N|,2762,1810N,,2017,2018,H,2,144456bb3fe5434574bae86dfe743a5aab5ab1c3035f2d7d60fe890581d487f9,84124,2017: Other Training Equipment; 2018: Other Training Equipment,,,1/1,R-DEC-ERA-HISTORY,history_only,,,,
2790E55400|2034A|,2790E55400,2034A,,2017,2023,A1,7,a7b058e842e25ea096ba646a516fc0408913bc03d8c9b6e1e486ba08bc83cfad,221731,"2017: Demolition Munitions, All Types; 2018: Demolition Munitions, All Types; 2019: Demolition Munitions, All Types; 2020: Demolition Munitions, All Types; 2021: Demolition Munitions, All Types; 2022: Demolition Munitions, All Types; 2023: Demolition Munitions, All Types","Demolition Munitions, All Types",1.00,7/7,R-DEC-ERA-SAME,same_program,,,,
2804|1810N|,2804,1810N,,2017,2018,H,2,73b5c09034e9b133c9cce5e3083a55c0534e2acbcac14064d508c85f6f622b00,2519,2017: Deployable Joint Command & Control; 2018: Deployable Joint Command & Control,,,1/1,R-DEC-ERA-HISTORY,history_only,,,,
2815|1810N|,2815,1810N,,2017,2018,H,2,1be5cf24d4dcce8ae0c32a407aa60dbd80d9e4218cd04c8ae0000573f75da414,29790,2017: Matcals; 2018: Matcals,,,1/1,R-DEC-ERA-HISTORY,history_only,,,,
2820|1810N|,2820,1810N,,2017,2023,A1,7,7a929bdd116b07ea1a90754b423dc4ef58c73378be71218f4aa7da85fa67ad9a,370466,2017: Ashore ATC Equipment; 2018: Ashore ATC Equipment; 2019: Ashore ATC Equipment; 2020: Ashore ATC Equipment; 2021: Ashore ATC Equipment; 2022: Ashore ATC Equipment; 2023: Ashore ATC Equipment,Ashore ATC Equipment,1.00,7/7,R-DEC-ERA-SAME,same_program,,,,
2830|1810N|,2830,1810N,,2017,2023,A1,7,84687f41517a323473cc044af6ab1a27b16a880f8082aa01aba563a01e43f05e,235486,2017: Afloat ATC Equipment; 2018: Afloat ATC Equipment; 2019: Afloat ATC Equipment; 2020: Afloat ATC Equipment; 2021: Afloat ATC Equipment; 2022: Afloat ATC Equipment; 2023: Afloat ATC Equipment,Afloat ATC Equipment,1.00,7/7,R-DEC-ERA-SAME,same_program,,,,
2831MX0100|2035A|,2831MX0100,2035A,,2017,2023,A1,7,550a9417122a287d63f831910ba26c424c1689344ab7bb44a98743a3165d6c4e,270801,2017: Tactical Bridging; 2018: Tactical Bridging; 2019: Tactical Bridging; 2020: Tactical Bridging; 2021: Tactical Bridging; 2022: Tactical Bridging; 2023: Tactical Bridging,Tactical Bridging,1.00,7/7,R-DEC-ERA-SAME,same_program,,,,
2831|1810N|,2831,1810N,,2017,2018,H,2,cf8c94efc9ee70a619e789b18f63989bce172a2a9ce999360db650049aada15b,18712,2017: Shipboard Air Traffic Control; 2018: Shipboard Air Traffic Control,,,1/1,R-DEC-ERA-HISTORY,history_only,,,,
2832|1810N|,2832,1810N,,2017,2018,H,2,4811addaa07e0b8f5536b54acaec03f2948a1f50da51ac4e797002600ec44cb6,42638,2017: Automatic Carrier Landing System; 2018: Automatic Carrier Landing System,,,1/1,R-DEC-ERA-HISTORY,history_only,,,,
2840|1810N|,2840,1810N,,2017,2018,H,2,8ef64819a74b4debcad91ba4be4463ababf38ae3f0efccce5e56fc8a30abc0bf,52260,2017: National Air Space System; 2018: National Air Space System,,,1/1,R-DEC-ERA-HISTORY,history_only,,,,
2845|1810N|,2845,1810N,,2017,2018,H,2,f96639b441cc1417156938fa0ce44f81a28ad729861a11b87a647161720ad9c1,17921,2017: Fleet Air Traffic Control Systems; 2018: Fleet Air Traffic Control Systems,,,1/1,R-DEC-ERA-HISTORY,history_only,,,,
2846|1810N|,2846,1810N,,2017,2018,H,2,aac073b620f2d6b5adea2df33a95d280e9714f1d8fe2e6bc29081336af65541b,21512,2017: Landing Systems; 2018: Landing Systems,,,1/1,R-DEC-ERA-HISTORY,history_only,,,,
2851|1810N|,2851,1810N,,2017,2023,A1,7,d468fd573d36454d2b141de6591ca1dc50f4339e9deffda5061421de2a906c2f,172695,2017: ID Systems; 2018: ID Systems; 2019: ID Systems; 2020: ID Systems; 2021: ID Systems; 2022: ID Systems; 2023: ID Systems,ID Systems,1.00,7/7,R-DEC-ERA-SAME,same_program,,,,
2867|1810N|,2867,1810N,,2019,2023,A1,5,ff0890fdee26320b45e2e1ef996cedc4573800db6f3e130ac55c3f162df72002,220290,2019: Joint Precision Approach And Landing System (; 2020: Joint Precision Approach And Landing System (; 2021: Joint Precision Approach And Landing System (; 2022: Joint Precision Approach And Landing System (; 2023: Joint Precision Approach And Landing System (,Joint Precision Approach And Landing System (,1.00,5/5,R-DEC-ERA-SAME,same_program,,,,
2876R68200|2035A|,2876R68200,2035A,,2018,2023,A1,6,7650c6d6a3684fbe7e4319aceb80204057fa7167d4b923259645400644bd0b3a,27611,2018: Handheld Standoff Minefield Detection Sys-Hst; 2019: Handheld Standoff Minefield Detection Sys-Hst; 2020: Handheld Standoff Minefield Detection Sys-Hst; 2021: Handheld Standoff Minefield Detection Sys-HST; 2022: Handheld Standoff Minefield Detection Sys-HST; 2023: Handheld Standoff Minefield Detection Sys-HST,Handheld Standoff Minefield Detection Sys-HST,1.00,5/6,R-DEC-ERA-SAME,same_program,,,,
2876|1810N|,2876,1810N,,2017,2023,A1,7,85dc2eeaf6a3e6ecad93bfcd5bd5f9da119e2997667a816fe7ff0358462d9d4f,100202,2017: Naval Mission Planning Systems; 2018: Naval Mission Planning Systems; 2019: Naval Mission Planning Systems; 2020: Naval Mission Planning Systems; 2021: Naval Mission Planning Systems; 2022: Naval Mission Planning Systems; 2023: Naval Mission Planning Systems,Naval Mission Planning Systems,1.00,7/7,R-DEC-ERA-SAME,same_program,,,,
2881R68400|2035A|,2881R68400,2035A,,2017,2023,A1,7,52e70f33dc574881124b821748c7365deac996683c69865eef9fbcb1eb7a3be9,248301,2017: Grnd Standoff Mine Detectn Sysm (GSTAMIDS); 2018: Grnd Standoff Mine Detectn Sysm (GSTAMIDS); 2019: Grnd Standoff Mine Detectn Sysm (GSTAMIDS); 2020: Grnd Standoff Mine Detectn Sysm (GSTAMIDS); 2021: Grnd Standoff Mine Detectn Sysm (GSTAMIDS); 2022: Grnd Standoff Mine Detectn Sysm (GSTAMIDS); 2023: Grnd Standoff Mine Detectn Sysm (GSTAMIDS),Grnd Standoff Mine Detectn Sysm (GSTAMIDS),1.00,6/6,R-DEC-ERA-SAME,same_program,,,,
2888R68260|2035A|,2888R68260,2035A,,2017,2021,H,5,bfec5451801ebf124021ed59f688cad833784f5bf2d73a940a588a308ee8e837,26868,2017: Area Mine Detection System (AMDS); 2018: Area Mine Detection System (AMDS); 2019: Area Mine Detection System (AMDS); 2020: Area Mine Detection System (AMDS); 2021: AREA MINE DETECTION SYSTEM (AMDS),,,4/4,R-DEC-ERA-HISTORY,history_only,,,,
2889R64001|2035A|,2889R64001,2035A,,2017,2023,A1,7,08c41c40087d8cff3ef55390ddf2442738df6476dd1b34600c58c3eb134b0b35,256107,2017: Husky Mounted Detection System (HMDS); 2018: Husky Mounted Detection System (HMDS); 2019: Husky Mounted Detection System (HMDS); 2020: Husky Mounted Detection System (HMDS); 2021: HUSKY MOUNTED DETECTION SYSTEM (HMDS); 2022: HUSKY MOUNTED DETECTION SYSTEM (HMDS); 2023: HUSKY MOUNTED DETECTION SYSTEM (HMDS),HUSKY MOUNTED DETECTION SYSTEM (HMDS),1.00,7/7,R-DEC-ERA-SAME,same_program,,,,
2897G80718|2033A|,2897G80718,2033A,,2018,2021,H,4,ea89fb1e6a8d87bb722e0b8cafed4690e5f1c5d5e975bcae7e4255f4ee87c037,760850,2018: Bradley Program; 2019: Bradley Program; 2020: Bradley Program; 2021: BRADLEY PROGRAM,,,1/3,R-DEC-ERA-HISTORY,history_only,,,,
2900|1810N|,2900,1810N,,2017,2023,A1,4,afd9a142c4d15b7592463526bed88b12d508bbd5df222456369d1685e261a719,4822,2017: Maritime Integrated Broadcast System; 2021: Maritime Integrated Broadcast System; 2022: Maritime Integrated Broadcast System; 2023: Maritime Integrated Broadcast System,Maritime Integrated Broadcast System,1.00,3/3,R-DEC-ERA-SAME,same_program,,,,
2906|1810N|,2906,1810N,,2017,2023,A1,7,e8066447509de10e5dcd3e67af9e4c6a424a3c32f4f73c12202be2a1d5b76a14,193001,2017: Tactical/Mobile C4I Systems; 2018: Tactical/Mobile C4I Systems; 2019: Tactical/Mobile C4I Systems; 2020: Tactical/Mobile C4I Systems; 2021: Tactical/Mobile C4I Systems; 2022: Tactical/Mobile C4I Systems; 2023: Tactical/Mobile C4I Systems,Tactical/Mobile C4I Systems,1.00,7/7,R-DEC-ERA-SAME,same_program,,,,
2914|1810N|,2914,1810N,,2017,2023,A1,7,c9dd4f2501d37478853987c04b3e8ed03901f100e6974e1f75a9a94c9660cc2a,142113,2017: DCGS-N; 2018: DCGS-N; 2019: DCGS-N; 2020: DCGS-N; 2021: DCGS-N; 2022: DCGS-N; 2023: DCGS-N,Intelligence Surveillance and Reconnaissance (ISR),1.00,7/7,R-DEC-ERA-SAME,same_program,,,,
2915|1810N|,2915,1810N,,2017,2023,A1,7,6ea461303d557caba4fa2a9aaeaaffc0d2e480b111c5c3940076e5c84ac91563,2342249,2017: CANES; 2018: CANES; 2019: CANES; 2020: CANES; 2021: CANES; 2022: CANES; 2023: CANES,CANES,1.00,7/7,R-DEC-ERA-SAME,same_program,,,,
2920|1810N|,2920,1810N,,2017,2023,A1,7,9a0c1b63e4e052422b6c8cdd276f52a6c4ace174bcf92973b57da13c42a64127,55691,2017: RADIAC; 2018: RADIAC; 2019: RADIAC; 2020: RADIAC; 2021: RADIAC; 2022: RADIAC; 2023: RADIAC,RADIAC,1.00,7/7,R-DEC-ERA-SAME,same_program,,,,
2925|1810N|,2925,1810N,,2017,2023,A1,7,428c11949df46a55b862b225d906069b334e0666e93368d07f8ca5c666d9e7a9,329845,2017: CANES-Intell; 2018: CANES-Intell; 2019: CANES-Intell; 2020: CANES-Intell; 2021: CANES-Intell; 2022: CANES-Intell; 2023: CANES-Intell,CANES-Intell,1.00,7/7,R-DEC-ERA-SAME,same_program,,,,
2930BB5777|2035A|,2930BB5777,2035A,,2017,2023,A1+A2,7,5b576b5765d78ca892abcdae5915c4b90c546d1214b2588a070940d34f8b6098,35225,2017: JCSE Equipment (USREDCOM); 2018: JCSE Equipment (USREDCOM); 2019: JCSE Equipment (USREDCOM); 2020: JCSE Equipment (USRDECOM); 2021: JCSE Equipment (USRDECOM); 2022: JCSE Equipment (USRDECOM); 2023: JCSE Equipment (USRDECOM),JCSE Equipment (USRDECOM),0.50,7/7,,,,,,
2936B09800|2035A|,2936B09800,2035A,,2019,2023,A1,5,a314566cf6d44d29239475d0623fb7d6a4739ffb8b1f46ec797c943a19f7ea42,24828,2019: Spectrum METSAT; 2020: Spectrum METSAT; 2021: Spectrum METSAT; 2022: Spectrum METSAT; 2023: Spectrum METSAT,Spectrum METSAT,1.00,0/5,R-DEC-ERA-SAME,same_program,,,,
2937B09700|2035A|,2937B09700,2035A,,2019,2022,A1,4,609f50c6fbb9b6df94216949a50624ba26f61f39959dc6d7408fe107e2768817,198,2019: Spectrum Portal; 2020: Spectrum Portal; 2021: Spectrum Portal; 2022: Spectrum Portal,Spectrum Portal,1.00,3/3,R-DEC-ERA-SAME,same_program,,,,
2938ER8120|2034A|,2938ER8120,2034A,,2017,2023,A1,7,a7599816a261d369bf568eb606c91217a28dd6f9fd244ccc37c33f619c9236ae,518531,"2017: CTG, 30mm, All Types; 2018: CTG, 30mm, All Types; 2019: CTG, 30mm, All Types; 2020: CTG, 30mm, All Types; 2021: CTG, 30mm, All Types; 2022: CTG, 30mm, All Types; 2023: CTG, 30mm, All Types","CTG, 30mm, All Types",1.00,6/7,R-DEC-ERA-SAME,same_program,,,,
2939B09600|2035A|,2939B09600,2035A,,2023,2023,A1,1,27520c2bfaec722f514b78626e11d886fcefd6246f15cd4d1b5a8f1dea896c1e,200,2023: SPECTRUM CBRS,SPECTRUM CBRS,1.00,0/0,R-DEC-ERA-SAME,same_program,,,,
2940|1810N|,2940,1810N,,2017,2023,A1,7,52357569374c04f87c675ea625694a596712c3cb163ef6ba4278390c9118d834,52867,2017: GPETE; 2018: GPETE; 2019: GPETE; 2020: GPETE; 2021: GPETE; 2022: GPETE; 2023: GPETE,GPETE,1.00,7/7,R-DEC-ERA-SAME,same_program,,,,
2944G80819|2033A|,2944G80819,2033A,,2018,2023,A1,6,d6abb198414c274a30b1c4638ac24fa0bb0cab25d42872d6f0dbcbcf94510002,1731857,2018: Armored Multi Purpose Vehicle (AMPV); 2019: Armored Multi Purpose Vehicle (AMPV); 2020: Armored Multi Purpose Vehicle (AMPV); 2021: Armored Multi Purpose Vehicle (AMPV); 2022: Armored Multi Purpose Vehicle (AMPV); 2023: Armored Multi Purpose Vehicle (AMPV),Armored Multi Purpose Vehicle (AMPV),1.00,5/6,R-DEC-ERA-SAME,same_program,,,,
2948BB8500|2035A|,2948BB8500,2035A,,2017,2023,A1,7,5ee301df5acb0b074b70f12986896e379399421d712af238cf24f1328dd8dbbd,889277,2017: Defense Enterprise Wideband Satcom Systems; 2018: Defense Enterprise Wideband Satcom Systems; 2019: Defense Enterprise Wideband Satcom Systems; 2020: Defense Enterprise Wideband Satcom Systems; 2021: Defense Enterprise Wideband Satcom Systems; 2022: Defense Enterprise Wideband Satcom Systems; 2023: Defense Enterprise Wideband Satcom Systems,Defense Enterprise Wideband Satcom Systems,1.00,7/7,R-DEC-ERA-SAME,same_program,,,,
2950|1810N|,2950,1810N,,2017,2023,A1,7,27339c4e04add2c1de572bd8c9fdef12f63c5b81c83d47bad9ce7c898990dab6,23343,2017: MASF; 2018: MASF; 2019: MASF; 2020: MASF; 2021: MASF; 2022: MASF; 2023: MASF,MASF,1.00,7/7,R-DEC-ERA-SAME,same_program,,,,
2956B85800|2035A|,2956B85800,2035A,,2017,2023,A1,7,5b46cd43dd8d62c6de09c62bb9ebcd8cf10e66eed4e5513091c3cccb13fefd9f,567585,2017: Transportable Tactical Command Communications; 2018: Transportable Tactical Command Communications; 2019: Transportable Tactical Command Communications; 2020: Transportable Tactical Command Communications; 2021: Transportable Tactical Command Communications; 2022: Transportable Tactical Command Communications; 2023: Transportable Tactical Command Communications,Transportable Tactical Command Communications,1.00,6/7,R-DEC-ERA-SAME,same_program,,,,
2960|1810N|,2960,1810N,,2017,2023,A1,7,f47e17e97b7aac057ebd6758c0ce20f2707bbf7af3a5ef52445e423fdfce1044,50248,2017: Integ Combat System Test Facility; 2018: Integ Combat System Test Facility; 2019: Integ Combat System Test Facility; 2020: Integ Combat System Test Facility; 2021: Integ Combat System Test Facility; 2022: Integ Combat System Test Facility; 2023: Integ Combat System Test Facility,Integ Combat System Test Facility,1.00,7/7,R-DEC-ERA-SAME,same_program,,,,
2970|1810N|,2970,1810N,,2017,2023,A1,7,e727054cfc47c070c21547ce395e60c19eed0015c3699368808d099fe75780cc,29173,2017: EMI Control Instrumentation; 2018: EMI Control Instrumentation; 2019: EMI Control Instrumentation; 2020: EMI Control Instrumentation; 2021: EMI Control Instrumentation; 2022: EMI Control Instrumentation; 2023: EMI Control Instrumentation,EMI Control Instrumentation,1.00,7/7,R-DEC-ERA-SAME,same_program,,,,
2980|1810N|,2980,1810N,,2017,2023,A1,7,4dc24644adf598cfdd8c7e55f1ef1b5b7eddae0b55f1d57be848040ef585bf54,754339,2017: Items Less Than $5 Million; 2018: Items Less Than $5 Million; 2019: Items Less Than $5 Million; 2020: Items Less Than $5 Million; 2021: Items Less Than $5 Million; 2022: Items Less Than $5 Million; 2023: Items Less Than $5 Million,Items Less Than $5 Million,1.00,7/7,R-DEC-ERA-SAME,same_program,,,,
2S03|1810N|,2S03,1810N,,2021,2023,H,3,cb6d38d406e615e733e29e15e9ea455a8349963f981037b9bd1748ba30b57163,1791,2021: Navy METOC-1; 2022: Navy METOC-1; 2023: Navy METOC-1,,,2/2,R-DEC-ERA-HISTORY,history_only,,,,
2S04|1810N|,2S04,1810N,,2018,2018,H,1,3a647af52f1bca35e69ac41ec6f58ed81c941215513b2479298e3b1707db338f,1483,2018: Navy METOC-2,,,0/0,R-DEC-ERA-HISTORY,history_only,,,,
2S05|1810N|,2S05,1810N,,2018,2018,H,1,deeb215c501a1bdeca302ea2e064c38e529d956675e75d0e668c4e0607682675,483,2018: Navy METOC-3,,,0/0,R-DEC-ERA-HISTORY,history_only,,,,
2S06|1810N|,2S06,1810N,,2018,2018,H,1,cf0ef6244783d9c5895ef59cf2bba07ab3ac60935fde6d9feba37082ee4509f8,323,2018: USMC METOC-2,,,0/0,R-DEC-ERA-HISTORY,history_only,,,,
2S07|1810N|,2S07,1810N,,2018,2018,H,1,0e9ebdf515dcb3c37e0fc2c7f850568224d2accb3a0ae9b8ef4cf6d9f8994d1e,323,2018: USMC METOC-1,,,0/0,R-DEC-ERA-HISTORY,history_only,,,,
2S08|1810N|,2S08,1810N,,2018,2018,H,1,443e23cbb64ee8eb848de5537770ac65176d21784dd85d0ae34daa9d0b4f917d,308,2018: Monitoring - Hub,,,0/0,R-DEC-ERA-HISTORY,history_only,,,,
2S10|1810N|,2S10,1810N,,2021,2023,A1,3,ad667773bebb6bb31661e43ccbd80d358bad44e22ae036cbb85553478f55df3b,1787,2021: NAVY METOC-4; 2022: NAVY METOC-4; 2023: NAVY METOC-4,NAVY METOC-4,1.00,2/2,R-DEC-ERA-SAME,same_program,,,,
2S11|1810N|,2S11,1810N,,2022,2023,H,2,1f1cd1c636c9954476dacd295d8f158e1729ff736c4b0921a57ae7fa76a4dbd2,9646,2022: USMC METOC-3; 2023: USMC METOC-3,,,0/1,R-DEC-ERA-HISTORY,history_only,,,,
2S31|1810N|,2S31,1810N,,2019,2022,H,3,59230ecf1326f3e59bdcd74c52a9c2652c849a886826cdd969ffe07cd3fcdfce,6067,2019: DON UAS 1; 2021: DON UAS 1; 2022: DON UAS 1,,,1/1,R-DEC-ERA-HISTORY,history_only,,,,
2S32|1810N|,2S32,1810N,,2019,2023,H,4,632c7ea8543678b24c2cf536f63bdc6868573c86bf2ce4fa563fbcba7f022023,28542,2019: DON UAS 2; 2021: DON UAS 2; 2022: DON UAS 2; 2023: DON UAS 2,,,0/2,R-DEC-ERA-HISTORY,history_only,,,,
2S33|1810N|,2S33,1810N,,2023,2023,H,1,d96126ee44568fd26cad36c5170af6582b2948b828edadcf3c201b9aa2e3ef20,3955,2023: DON UAS 3,,,0/0,R-DEC-ERA-HISTORY,history_only,,,,
2S36|1810N|,2S36,1810N,,2018,2018,H,1,458561172e6f88988ee61e59c1929cbd5c5069543612dca951b83f09a74118a8,3000,2018: DON UAS Video 5,,,0/0,R-DEC-ERA-HISTORY,history_only,,,,
2S46|1507N|,2S46,1507N,,2018,2023,A1,5,0109f0135051fdf18ba8f7c232ee087ddbd7e905cce208124dde3cf124bc2760,3526,2018: DON PGM Transition Support; 2020: DON PGM Transition Support; 2021: DON PGM Transition Support; 2022: DON PGM Transition Support; 2023: DON PGM Transition Support,DON PGM Transition Support,1.00,3/3,R-DEC-ERA-SAME,same_program,,,,
2S55|1810N|,2S55,1810N,,2018,2018,A1,1,b3284c086290e54a990098acedef9246a96a8d541b9d4ed807261d4dce94d96e,9100,2018: DON Robotics,DON Robotics,1.00,0/0,R-DEC-ERA-SAME,same_program,,,,
2S58|1810N|,2S58,1810N,,2018,2023,H,6,4dd9fc24756086508ce38344d3dd8b3319e7691008dd8f6845ed13cc15a9debc,11192,2018: DON ACTS; 2019: DON ACTS; 2020: DON ACTS; 2021: DON ACTS; 2022: DON ACTS; 2023: DON ACTS,,,0/5,R-DEC-ERA-HISTORY,history_only,,,,
2S60|1810N|,2S60,1810N,,2021,2023,A1,3,2048be4c14d6edfe76f58f1710553051131fef39a0a655dfc4d7f1ce8a403553,20576,2021: DON UAS Video 5 (Afloat); 2022: DON UAS Video 5 (Afloat); 2023: DON UAS Video 5 (Afloat),DON UAS Video 5 (Afloat),1.00,0/2,R-DEC-ERA-SAME,same_program,,,,
2S63|1810N|,2S63,1810N,,2023,2023,H,1,5070a8169f25dd3309a07bdf91580099de9473001af797beaa7c16976712dc79,3150,2023: CBRS (3550 MHz),,,0/0,R-DEC-ERA-HISTORY,history_only,,,,
3000GB3000|2033A|,3000GB3000,2033A,,2017,2023,A1,7,9c515ff48fefb843dbd356823c809eab69f333255fa413d84550dcd1be0fd380,19564,2017: MK-19 Grenade Machine Gun Mods; 2018: MK-19 Grenade Machine Gun Mods; 2019: MK-19 Grenade Machine Gun Mods; 2020: MK-19 Grenade Machine Gun Mods; 2021: MK-19 Grenade Machine Gun MODS; 2022: MK-19 Grenade Machine Gun MODS; 2023: MK-19 Grenade Machine Gun MODS,MK-19 Grenade Machine Gun MODS,1.00,7/7,R-DEC-ERA-SAME,same_program,,,,
3001BE4169|2035A|,3001BE4169,2035A,,2017,2023,A1,7,72d7f01e3d2b751deb9397575590c3055f9dbbf21dddc92fd801f2f9d547d1ef,101119,2017: Army Training Modernization; 2018: Army Training Modernization; 2019: Army Training Modernization; 2020: Army Training Modernization; 2021: Army Training Modernization; 2022: Army Training Modernization; 2023: Army Training Modernization,Army Training Modernization,1.00,7/7,R-DEC-ERA-SAME,same_program,,,,
3002BD3000|2035A|,3002BD3000,2035A,,2017,2023,A1,7,cc9397bbcb70de29aa8d04b36cdd2deae8356addea345d667f01eeada05a13c6,1017578,2017: Automated Data Processing Equip; 2018: Automated Data Processing Equip; 2019: Automated Data Processing Equip; 2020: Automated Data Processing Equip; 2021: Automated Data Processing Equip; 2022: Automated Data Processing Equip; 2023: Automated Data Processing Equip,Automated Data Processing Equip,1.00,7/7,R-DEC-ERA-SAME,same_program,,,,
3003B45000|2035A|,3003B45000,2035A,,2022,2023,A1,2,91d3760085917701f7dc5053c8adca5d9b1f14013aad4730c74dae9d20531d17,0,2022: ACCESSIONS INFORMATION ENVIRONMENT (AIE); 2023: ACCESSIONS INFORMATION ENVIRONMENT (AIE),ACCESSIONS INFORMATION ENVIRONMENT (AIE),1.00,2/2,R-DEC-ERA-SAME,same_program,,,,
3004B55500|2035A|,3004B55500,2035A,,2017,2023,A1,7,8da5b2cbc78cf1eb8e525ff777c210d5609ac8dba4987d16bf97d57722452a83,65928,2017: General Fund Enterprise Business Systems Fam; 2018: General Fund Enterprise Business Systems Fam; 2019: General Fund Enterprise Business Systems Fam; 2020: General Fund Enterprise Business Systems Fam; 2021: General Fund Enterprise Business Systems Fam; 2022: General Fund Enterprise Business Systems Fam; 2023: General Fund Enterprise Business Systems Fam,General Fund Enterprise Business Systems Fam,1.00,7/7,R-DEC-ERA-SAME,same_program,,,,
3005B66501|2035A|,3005B66501,2035A,,2017,2023,A1,7,542f4b67c828d9f30cacb20f04a685192bddd8e56c02c547168fcb3c61a0049e,479893,2017: High Perf Computing Mod Pgm (HPCMP); 2018: High Perf Computing Mod Pgm (HPCMP); 2019: High Perf Computing Mod Pgm (HPCMP); 2020: High Perf Computing Mod Pgm (HPCMP); 2021: High Perf Computing Mod Pgm (HPCMP); 2022: High Perf Computing Mod Pgm (HPCMP); 2023: High Perf Computing Mod Pgm (HPCMP),High Perf Computing Mod Pgm (HPCMP),1.00,7/7,R-DEC-ERA-SAME,same_program,,,,
3005GZ1700|2033A|,3005GZ1700,2033A,,2017,2023,A1,7,1b82b0566ffc5d0eaaa67b16786f87584515e06e457dd6ee98c8f5517edffcb2,105744,2017: M777 Mods; 2018: M777 Mods; 2019: M777 Mods; 2020: M777 Mods; 2021: M777 Mods; 2022: M777 Mods; 2023: M777 Mods,M777 Mods,1.00,6/7,R-DEC-ERA-SAME,same_program,,,,
3006|1109N|,3006,1109N,,2017,2023,A1,7,4dafe067092dea8320e38e3eb656c860a443edeb445f71ac5415079b6bc4a26a,239499,2017: Ground Based Air Defense; 2018: Ground Based Air Defense; 2019: Ground Based Air Defense; 2020: Ground Based Air Defense; 2021: Ground Based Air Defense; 2022: Ground Based Air Defense; 2023: Ground Based Air Defense,Ground Based Air Defense,1.00,6/7,R-DEC-ERA-SAME,same_program,,,,
3009B66001|2035A|,3009B66001,2035A,,2017,2023,A1,7,dedfb5522a50d3ee678ba3a4861d803cdbbb81b3cd85d70291a47f78940913a1,16176,2017: Contract Writing System; 2018: Contract Writing System; 2019: Contract Writing System; 2020: Contract Writing System; 2021: Contract Writing System; 2022: Contract Writing System; 2023: Contract Writing System,Contract Writing System,1.00,7/7,R-DEC-ERA-SAME,same_program,,,,
3010GB3007|2033A|,3010GB3007,2033A,,2017,2023,H,7,1af5f92bdd0865de35ac74ea5d8f2078aa2901e4cd71ffb1edac4e49369a7a43,154616,2017: M4 Carbine Mods; 2018: M4 Carbine Mods; 2019: M4 Carbine Mods; 2020: M4 Carbine Mods; 2021: M4 Carbine Mods; 2022: M4 Carbine Mods; 2023: M4 Carbine Mods,,,6/6,R-DEC-ERA-HISTORY,history_only,,,,
3010|1611N|,3010,1611N,,2017,2023,A1+R1,10,6f1df35cedec3e8c714c78ca0bc2763f1fa423e84b7f98352405bb12429c5cf0,4051901,2017: Amphibious Ship Replacement LX(R); 2018: Amphibious Ship Replacement LX(R); 2020: LPD Flight II; 2021: LPD Flight II; 2022: LPD Flight II; 2023: LPD Flight II,LPD Flight II,0.00,5/5,owner-batch,,,,,
3010|1810N|,3010,1810N,,2017,2023,A1,7,f90e8d13171512d22f786ce3d9f304b7d1c16dbdaabc87005f306550cf58449a,200803,2017: Shipboard Tactical Communications; 2018: Shipboard Tactical Communications; 2019: Shipboard Tactical Communications; 2020: Shipboard Tactical Communications; 2021: Shipboard Tactical Communications; 2022: Shipboard Tactical Communications; 2023: Shipboard Tactical Communications,Shipboard Tactical Communications,1.00,7/7,R-DEC-ERA-SAME,same_program,,,,
3011|1109N|,3011,1109N,,2017,2023,A1+R1,7,fdd0ee86d60a8c6f5a91e8e69f34bd566d9432d9c8b219481ea2bca8ec478874,236782,2017: Javelin; 2018: Javelin; 2019: Anti-Armor Missile-Javelin; 2020: Anti-Armor Missile-Javelin; 2021: Anti-Armor Missile-Javelin; 2022: Anti-Armor Missile-Javelin; 2023: Anti-Armor Missile-Javelin,Anti-Armor Missile-Javelin,0.25,6/7,owner-batch,,,,,
3015GB4000|2033A|,3015GB4000,2033A,,2017,2023,A1,7,b6fca0a221b19da7dae8c8dd277753694bd104124cd7c28b47f44b05ecc8bd5b,192999,2017: M2 50 Cal Machine Gun Mods; 2018: M2 50 Cal Machine Gun Mods; 2019: M2 50 Cal Machine Gun Mods; 2020: M2 50 Cal Machine Gun Mods; 2021: M2 50 Cal Machine Gun MODS; 2022: M2 50 Cal Machine Gun MODS; 2023: M2 50 Cal Machine Gun MODS,M2 50 Cal Machine Gun MODS,1.00,7/7,R-DEC-ERA-SAME,same_program,,,,
3016|1109N|,3016,1109N,,2017,2023,A1+R1,7,17387a0971def85fb5e9b314a5ccd4add5d1053c49e2906e9fafdf098abb962a,104183,2017: Follow On To SMAW; 2018: Follow On To SMAW; 2019: Family Anti-Armor Weapon Systems (FOAAWS); 2020: Family Anti-Armor Weapon Systems (FOAAWS); 2021: Family Anti-Armor Weapon Systems (FOAAWS); 2022: Family Anti-Armor Weapon Systems (FOAAWS); 2023: Family Anti-Armor Weapon Systems (FOAAWS),Family Anti-Armor Weapon Systems (FOAAWS),0.00,7/7,owner-batch,,,,,
3017|1109N|,3017,1109N,,2017,2023,A1+R1,7,ac218aa8b6af9384d712a76da267421d118e336c00fe0578f7578b8e6d10d0b3,211902,2017: Anti-Armor Weapons System-Heavy (AAWS-H); 2018: Anti-Armor Weapons System-Heavy (AAWS-H); 2019: Anti-Armor Missile-TOW; 2020: Anti-Armor Missile-TOW; 2021: Anti-Armor Missile-TOW; 2022: Anti-Armor Missile-TOW; 2023: Anti-Armor Missile-TOW,Anti-Armor Missile-TOW,0.22,7/7,owner-batch,,,,,
3020GZ1290|2033A|,3020GZ1290,2033A,,2017,2021,H,5,a0776680b1a44f45a5d3dc5df511586315f19cedc74996e2d3689ba1ac5a95c7,14393,2017: M249 Saw Machine Gun Mods; 2018: M249 Saw Machine Gun Mods; 2019: M249 Saw Machine Gun Mods; 2020: M249 Saw Machine Gun Mods; 2021: M249 SAW Machine Gun MODS,,,4/4,R-DEC-ERA-HISTORY,history_only,,,,
3025|1109N|,3025,1109N,,2020,2023,A1,4,c1507ff6ce986765210de4f05ed402ebb0111acddc2e5866a8c913b1abc32e94,195910,2020: Guided MLRS Rocket (GMLRS); 2021: Guided MLRS Rocket (GMLRS); 2022: Guided MLRS Rocket (GMLRS); 2023: Guided MLRS Rocket (GMLRS),Guided MLRS Rocket (GMLRS),1.00,4/4,R-DEC-ERA-SAME,same_program,,,,
3030GZ1300|2033A|,3030GZ1300,2033A,,2017,2023,H,7,71c5e30c9de8b22c418c84bbc719e49279cce9b90ad350b8614ef6f6744470e9,30637,2017: M240 Medium Machine Gun Mods; 2018: M240 Medium Machine Gun Mods; 2019: M240 Medium Machine Gun Mods; 2020: M240 Medium Machine Gun Mods; 2021: M240 Medium Machine Gun MODS; 2022: M240 Medium Machine Gun MODS; 2023: M240 Medium Machine Gun MODS,,,5/6,R-DEC-ERA-HISTORY,history_only,,,,
3036|1611N|,3036,1611N,,2017,2023,A1,4,402da81c1b560c9906c88aad7c09caf3d398f3cc806ceacb10ba50a96a21d88a,3496508,2017: LPD-17; 2018: LPD-17; 2019: LPD-17; 2023: LPD-17,LPD-17,1.00,2/3,R-DEC-ERA-SAME,same_program,,,,
3039|1611N|,3039,1611N,,2017,2023,A1+A2,9,10f9b714206b3c6b5a4c313aa06f4efe998095bbc2687e2374ea8cf202108946,2028000,2017: Expeditionary Mobile Base (ESB); 2018: Expeditionary Sea Base (ESB); 2019: Expeditionary Sea Base (ESB); 2020: Expeditionary Sea Base (ESB); 2021: Expeditionary Sea Base (ESB); 2022: Expeditionary Sea Base (ESB); 2023: Expeditionary Sea Base (ESB),Expeditionary Sea Base (ESB),0.60,6/7,owner-batch,,,,,
3041|1611N|,3041,1611N,,2017,2023,A1,11,14250e3c07fa26a6e0b4c5a3c069d08df20ba7f5f9248fa5db47dfe00a27d8fd,4723582,2017: LHA Replacement; 2018: LHA Replacement; 2019: LHA Replacement; 2020: LHA Replacement; 2021: LHA Replacement; 2022: LHA Replacement; 2023: LHA Replacement,LHA Replacement,1.00,6/7,R-DEC-ERA-SAME,same_program,,,,
3043|1611N|,3043,1611N,,2017,2023,A1,7,680beabcbd31169813d17e0c9e4024845fea7a2c12c2d6ec59e2d7351e8ae4f0,1237490,2017: Expeditionary Fast Transport (EPF); 2018: Expeditionary Fast Transport (EPF); 2019: Expeditionary Fast Transport (EPF); 2020: Expeditionary Fast Transport (EPF); 2021: Expeditionary Fast Transport (EPF); 2022: Expeditionary Fast Transport (EPF); 2023: Expeditionary Fast Transport (EPF),Expeditionary Fast Transport (EPF),1.00,4/7,R-DEC-ERA-SAME,same_program,,,,
3050|1810N|,3050,1810N,,2017,2023,A1,7,b8050dc9aae3de7704864491b6821fb7f609c35141bfa8427f54feb3344f1da1,713010,2017: Ship Communications Automation; 2018: Ship Communications Automation; 2019: Ship Communications Automation; 2020: Ship Communications Automation; 2021: Ship Communications Automation; 2022: Ship Communications Automation; 2023: Ship Communications Automation,Ship Communications Automation,1.00,7/7,R-DEC-ERA-SAME,same_program,,,,
3051BD3501|2035A|,3051BD3501,2035A,,2020,2023,A1,4,5c79fe8bc9deb84b301be8549259c16542b44fdb73044b41495bfd25981b0d1f,75829,2020: CSS Communications; 2021: CSS Communications; 2022: CSS Communications; 2023: CSS Communications,CSS Communications,1.00,4/4,R-DEC-ERA-SAME,same_program,,,,
3057|1810N|,3057,1810N,,2017,2023,A1,7,adf7e2dd23dc32f31e981de2ec797abdd4b5c42731571fcab449f841f26272f2,169441,2017: Communications Items Under $5M; 2018: Communications Items Under $5M; 2019: Communications Items Under $5M; 2020: Communications Items Under $5M; 2021: Communications Items Under $5M; 2022: Communications Items Under $5M; 2023: Communications Items Under $5M,Communications Items Under $5M,1.00,7/7,R-DEC-ERA-SAME,same_program,,,,
30|0300D|DMACT,30,0300D,DMACT,2017,2023,A1,7,25b270d563e9fb7485110be9e753ae6334a67c50a05faeef34b09451407253ff,76194,2017: Major Equipment; 2018: Major Equipment; 2019: Major Equipment; 2020: Major Equipment; 2021: Major Equipment; 2022: Major Equipment; 2023: Major Equipment,Major Equipment,1.00,7/7,R-DEC-ERA-SAME,same_program,,,,
30|0300D|DODEA,30,0300D,DODEA,2017,2023,A1,7,78e3e69b154d9273a0bc8ba0ba4de7763cb8b6270a6afb05068109b1100c388e,8057,2017: Automation/Educational Support & Logistics; 2018: Automation/Educational Support & Logistics; 2019: Automation/Educational Support & Logistics; 2020: Automation/Educational Support & Logistics; 2021: Automation/Educational Support & Logistics; 2022: Automation/Educational Support & Logistics; 2023: Automation/Educational Support & Logistics,Automation/Educational Support & Logistics,1.00,7/7,,,collision code without a matching PB2026 page,,,
30|0300D|DTRA,30,0300D,DTRA,2017,2023,A1,7,c2c8c52f66f8a508926e557e457ac67881d3a915404d8b8a5dbf9322a6ae023a,59949,2017: Other Major Equipment; 2018: Other Major Equipment; 2019: Other Major Equipment; 2020: Other Major Equipment; 2021: Other Major Equipment; 2022: Other Major Equipment; 2023: Other Major Equipment,Other Major Equipment,1.00,7/7,R-DEC-ERA-SAME,same_program,,,,
30|0300D|OSD,30,0300D,OSD,2017,2023,A1,7,9d9b26ece8bed242a55c3d59334f2fb7f04780f05bbe2f5d1c277f700101ac16,369292,"2017: Major Equipment, OSD; 2018: Major Equipment, OSD; 2019: Major Equipment, OSD; 2020: Major Equipment, OSD; 2021: Major Equipment, OSD; 2022: Major Equipment, OSD; 2023: Major Equipment, OSD","Major Equipment, OSD",1.00,7/7,R-DEC-ERA-SAME,same_program,,,,
3102E89500|2034A|,3102E89500,2034A,,2017,2023,A1,7,a4d43a4ed40391ef7b19679f4f30e20ea2355387bd6ec4e3ef6c42d9ff0b9bd7,1403204,"2017: Artillery Projectile, 155MM, All Types; 2018: Artillery Projectile, 155MM, All Types; 2019: Artillery Projectile, 155MM, All Types; 2020: Artillery Projectile, 155MM, All Types; 2021: ARTILLERY PROJECTILE, 155MM, All Types; 2022: ARTILLERY PROJECTILE, 155MM, All Types; 2023: ARTILLERY PROJECTILE, 155MM, All Types","ARTILLERY PROJECTILE, 155MM, All Types",1.00,6/7,R-DEC-ERA-SAME,same_program,,,,
3107|1810N|,3107,1810N,,2017,2023,A1,7,91e8e11527d39813cc95ace172cda99b260badc4189e43633ea1a5ff26c5987f,203425,2017: Submarine Broadcast Support; 2018: Submarine Broadcast Support; 2019: Submarine Broadcast Support; 2020: Submarine Broadcast Support; 2021: Submarine Broadcast Support; 2022: Submarine Broadcast Support; 2023: Submarine Broadcast Support,Submarine Broadcast Support,1.00,7/7,R-DEC-ERA-SAME,same_program,,,,
3113|1507N|,3113,1507N,,2017,2023,A1,7,cae7053aa5c0ba422bf0ed83d2d8d7f1d4c35731e7d74c5a5448b592c1cc31df,39028,2017: SSTD; 2018: SSTD; 2019: SSTD; 2020: SSTD; 2021: SSTD; 2022: SSTD; 2023: SSTD,SSTD,1.00,7/7,R-DEC-ERA-SAME,same_program,,,,
3117|1507N|,3117,1507N,,2017,2023,A1,7,e3324815b7f636a0da0716ed21b0c76d1023bad0ed233631e97aa678d627abe6,695859,2017: MK-48 Torpedo; 2018: MK-48 Torpedo; 2019: MK-48 Torpedo; 2020: MK-48 Torpedo; 2021: MK-48 Torpedo; 2022: MK-48 Torpedo; 2023: MK-48 Torpedo,MK-48 Torpedo,1.00,7/7,R-DEC-ERA-SAME,same_program,,,,
3123|1109N|,3123,1109N,,2017,2018,H,2,7799d1a49fbfb2133b5dded827cb5de9b11fb23577aa3a1dd5114a1f42236e1b,111264,2017: Modification Kits; 2018: Modification Kits,,,1/1,R-DEC-ERA-HISTORY,history_only,,,,
3130|1810N|,3130,1810N,,2017,2023,A1,7,b7251fb7d64661552c721391d82866e838d36df6b36113ed4b6f1dc77e59b017,447691,2017: Submarine Communication Equipment; 2018: Submarine Communication Equipment; 2019: Submarine Communication Equipment; 2020: Submarine Communication Equipment; 2021: Submarine Communication Equipment; 2022: Submarine Communication Equipment; 2023: Submarine Communication Equipment,Submarine Communication Equipment,1.00,7/7,R-DEC-ERA-SAME,same_program,,,,
3141|1507N|,3141,1507N,,2017,2023,A1,7,697486f9257765e61cc391f11e462d180ff348af61d0faa8563c89b9fb8a7ade,68618,2017: ASW Targets; 2018: ASW Targets; 2019: ASW Targets; 2020: ASW Targets; 2021: ASW Targets; 2022: ASW Targets; 2023: ASW Targets,ASW Targets,1.00,7/7,R-DEC-ERA-SAME,same_program,,,,
3167A09999|2031A|,3167A09999,2031A,,2019,2023,H,5,f23ef326cd109d3660412b9e9489b08c7b0412cbd07674f3d94a72089a2d2887,36569,2019: Spectrum Army Video; 2020: Spectrum Army Video; 2021: Spectrum Army Video; 2022: Spectrum Army Video; 2023: Spectrum Army Video,,,0/4,R-DEC-ERA-HISTORY,history_only,,,,
3181GZ1500|2033A|,3181GZ1500,2033A,,2017,2023,A1,7,94172c50560dd6e0777e68c5451c993fcf534ec6d9e980d986c5515f5246f1f3,15271,2017: Sniper Rifles Modifications; 2018: Sniper Rifles Modifications; 2019: Sniper Rifles Modifications; 2020: Sniper Rifles Modifications; 2021: Sniper Rifles Modifications; 2022: Sniper Rifles Modifications; 2023: Sniper Rifles Modifications,Sniper Rifles Modifications,1.00,6/7,R-DEC-ERA-SAME,same_program,,,,
31|0300D|,31,0300D,,2017,2023,A1,7,98db627cfaac5b683e6c707f46c4d7a0e5406ce49e62f1f7c921719c3415d7a1,143970,"2017: Major Equipment, WHS; 2018: Major Equipment, WHS; 2019: Major Equipment, WHS; 2020: Major Equipment, WHS; 2021: Major Equipment, WHS; 2022: Major Equipment, WHS; 2023: Major Equipment, WHS","Major Equipment, WHS",1.00,5/7,R-DEC-ERA-SAME,same_program,,,,
3215|1507N|,3215,1507N,,2017,2023,A1,7,8e3261e9e20975c50409a5c23a361b1c4fad70f3e340a0a29a95b52376f752c4,660291,2017: MK-54 Torpedo Mods; 2018: MK-54 Torpedo Mods; 2019: MK-54 Torpedo Mods; 2020: MK-54 Torpedo Mods; 2021: MK-54 Torpedo Mods; 2022: MK-54 Torpedo Mods; 2023: MK-54 Torpedo Mods,MK-54 Torpedo Mods,1.00,7/7,R-DEC-ERA-SAME,same_program,,,,
3215|1810N|,3215,1810N,,2017,2023,A1,7,f043b56fd4f0dd43981e2aade7a0e05bebbe68d8efb751a1097216012d6042f7,207310,2017: Satellite Communications Systems; 2018: Satellite Communications Systems; 2019: Satellite Communications Systems; 2020: Satellite Communications Systems; 2021: Satellite Communications Systems; 2022: Satellite Communications Systems; 2023: Satellite Communications Systems,Satellite Communications Systems,1.00,7/7,R-DEC-ERA-SAME,same_program,,,,
3216|1810N|,3216,1810N,,2017,2023,A1,7,d1c2cd076684f077a7bf874d79428bf6f304a336893e4295001d4b77f8b873ce,686756,2017: Navy Multiband Terminal (NMT); 2018: Navy Multiband Terminal (NMT); 2019: Navy Multiband Terminal (NMT); 2020: Navy Multiband Terminal (NMT); 2021: Navy Multiband Terminal (NMT); 2022: Navy Multiband Terminal (NMT); 2023: Navy Multiband Terminal (NMT),Navy Multiband Terminal (NMT),1.00,7/7,R-DEC-ERA-SAME,same_program,,,,
3222ER8001|2034A|,3222ER8001,2034A,,2017,2023,A1,7,78e546e4c8f56ec2dfdbfdb7e21369e4167a13bbb08d92814b0d505e2f6e8d39,633200,"2017: CTG, 40mm, All Types; 2018: CTG, 40mm, All Types; 2019: CTG, 40mm, All Types; 2020: CTG, 40mm, All Types; 2021: CTG, 40mm, All Types; 2022: CTG, 40mm, All Types; 2023: CTG, 40mm, All Types","CTG, 40mm, All Types",1.00,6/7,R-DEC-ERA-SAME,same_program,,,,
3225|1507N|,3225,1507N,,2017,2023,A1,7,49a645f4028fc0a234628213cde4d92f90d4ad4c7b26cef29e4b14a19949fda0,317890,2017: MK-48 Torpedo ADCAP Mods; 2018: MK-48 Torpedo ADCAP Mods; 2019: MK-48 Torpedo ADCAP Mods; 2020: MK-48 Torpedo ADCAP Mods; 2021: MK-48 Torpedo ADCAP Mods; 2022: MK-48 Torpedo ADCAP Mods; 2023: MK-48 Torpedo ADCAP Mods,MK-48 Torpedo ADCAP Mods,1.00,7/7,R-DEC-ERA-SAME,same_program,,,,
3231|1507N|,3231,1507N,,2017,2023,A1+R1,7,37cf936b31ddc0bfea2308294fc4e6acfb3efa2c933219884d2cf1708677b372,46041,2017: Quickstrike Mine; 2018: Quickstrike Mine; 2019: Quickstrike Mine; 2020: Quickstrike Mine; 2021: Maritime Mines; 2022: Maritime Mines; 2023: Maritime Mines,Maritime Mines,0.00,7/7,,,,,,
3246E37300|2034A|,3246E37300,2034A,,2017,2023,A1,7,7db709e4a248bae6196228a6b8b2c0025080b5118294db5bf094c27ea67ada7d,1392486,"2017: Rocket, Hydra 70, All Types; 2018: Rocket, Hydra 70, All Types; 2019: Rocket, Hydra 70, All Types; 2020: Rocket, Hydra 70, All Types; 2021: Rocket, Hydra 70, All Types; 2022: Rocket, Hydra 70, All Types; 2023: Rocket, Hydra 70, All Types","Rocket, Hydra 70, All Types",1.00,7/7,R-DEC-ERA-SAME,same_program,,,,
3264AA0252|2031A|,3264AA0252,2031A,,2017,2023,A1,7,5b9d4bc05def497709e122d58696bae18c540e77d957ad207d723bf0aff0fca3,302871,2017: CH-47 Cargo Helicopter Mods (MYP); 2018: CH-47 Cargo Helicopter Mods (MYP); 2019: CH-47 Cargo Helicopter Mods (MYP); 2020: CH-47 Cargo Helicopter Mods (MYP); 2021: CH-47 Cargo Helicopter Mods (MYP); 2022: CH-47 Cargo Helicopter Mods (MYP); 2023: CH-47 Cargo Helicopter Mods (MYP),CH-47 Cargo Helicopter Mods (MYP),1.00,7/7,R-DEC-ERA-SAME,same_program,,,,
3270GC0050|2033A|,3270GC0050,2033A,,2017,2023,A1,7,285beb476bb26f1862ad5f575553ce37102bee21c54c3ae0771a7d8da90ce418,90535,2017: Production Base Support (WOCV-WTCV); 2018: Production Base Support (WOCV-WTCV); 2019: Production Base Support (WOCV-WTCV); 2020: Production Base Support (WOCV-WTCV); 2021: Production Base Support (WOCV-WTCV); 2022: Production Base Support (WOCV-WTCV); 2023: Production Base Support (WOCV-WTCV),Production Base Support (WOCV-WTCV),1.00,7/7,R-DEC-ERA-SAME,same_program,,,,
3301|1507N|,3301,1507N,,2017,2023,A1,7,6d0fd1415ffec4dc2035eb3ff7742ea66af8fd37ee2b51125a905e380162b4cd,475712,2017: Torpedo Support Equipment; 2018: Torpedo Support Equipment; 2019: Torpedo Support Equipment; 2020: Torpedo Support Equipment; 2021: Torpedo Support Equipment; 2022: Torpedo Support Equipment; 2023: Torpedo Support Equipment,Torpedo Support Equipment,1.00,7/7,R-DEC-ERA-SAME,same_program,,,,
3302|1507N|,3302,1507N,,2017,2023,A1,7,d2bed02db625ebb734556019e4cffb856bddf9faea9ee9ff1d1fbdbe575abd70,26985,2017: ASW Range Support; 2018: ASW Range Support; 2019: ASW Range Support; 2020: ASW Range Support; 2021: ASW Range Support; 2022: ASW Range Support; 2023: ASW Range Support,ASW Range Support,1.00,7/7,R-DEC-ERA-SAME,same_program,,,,
3302|1810N|,3302,1810N,,2017,2023,A1+R1,7,e689a03312520d04807452b027b257965ce34e4a6f3c616a640b947a90fcd39d,30355,2017: JCS Communications Equipment; 2018: Joint Communications Support Element (JCSE); 2019: Joint Communications Support Element (JCSE); 2020: Joint Communications Support Element (JCSE); 2021: Joint Communications Support Element (JCSE); 2022: Joint Communications Support Element (JCSE); 2023: Joint Communications Support Element (JCSE),Joint Communications Support Element (JCSE),0.14,7/7,,,,,,
3303|1810N|,3303,1810N,,2017,2018,H,2,501568c53c70d4e562f5c46980199bc17729e9c032f5371d54cd7e88c679f857,2648,2017: Electrical Power Systems; 2018: Electrical Power Systems,,,1/1,R-DEC-ERA-HISTORY,history_only,,,,
3400GC0075|2033A|,3400GC0075,2033A,,2017,2020,H,3,ed28964268251261e2b7d6d5a43020590729e18581f83fbd3b4aabfb76d2043a,4718,2017: Industrial Preparedness; 2018: Industrial Preparedness; 2020: Industrial Preparedness,,,1/1,R-DEC-ERA-HISTORY,history_only,,,,
3403A02111|2031A|,3403A02111,2031A,,2017,2023,A1,7,f824de9a61f42d69bcf4ed8ee0451ed1e8145568ca8c8676c3e2c7b382fc620a,28535,2017: GRCS SEMA Mods (MIP); 2018: GRCS SEMA Mods (MIP); 2019: GRCS SEMA Mods (MIP); 2020: GRCS SEMA Mods (MIP); 2021: GRCS SEMA Mods (MIP); 2022: GRCS SEMA MODS; 2023: GRCS SEMA MODS,GRCS SEMA MODS,1.00,7/7,R-DEC-ERA-SAME,same_program,,,,
3404A02110|2031A|,3404A02110,2031A,,2017,2023,A1,7,820923dc41aa9e10c64eb80d9363466a60a55d58e6768dfaab5eda217e293922,90431,2017: ARL SEMA Mods (MIP); 2018: ARL SEMA Mods (MIP); 2019: ARL SEMA Mods (MIP); 2020: ARL SEMA Mods (MIP); 2021: ARL SEMA Mods (MIP); 2022: ARL SEMA MODS; 2023: ARL SEMA MODS,ARL SEMA MODS,1.00,7/7,R-DEC-ERA-SAME,same_program,,,,
3405A02112|2031A|,3405A02112,2031A,,2017,2023,A1,7,e65bf1dc8793a824e7450a938ca5c84f30c89bbd9de215e64709278077ed165a,275244,2017: EMARSS SEMA Mods (MIP); 2018: EMARSS SEMA Mods (MIP); 2019: EMARSS SEMA Mods (MIP); 2020: EMARSS SEMA Mods (MIP); 2021: EMARSS SEMA Mods (MIP); 2022: EMARSS SEMA MODS; 2023: EMARSS SEMA MODS,EMARSS SEMA MODS,1.00,7/7,R-DEC-ERA-SAME,same_program,,,,
3410X02300|2035A|,3410X02300,2035A,,2017,2017,H,1,1cb31898adc1f56dc00ce92299c24d120249c378d4a41e0de2d5e8bb968ed684,4348,2017: Compactor,,,0/0,R-DEC-ERA-HISTORY,history_only,,,,
3415|1810N|,3415,1810N,,2017,2023,A1,7,39bb05e3a249c449d080696a5d0ee5885527501de792eb43383a618d7b44530e,880604,2017: Info Systems Security Program (ISSP); 2018: Info Systems Security Program (ISSP); 2019: Info Systems Security Program (ISSP); 2020: Info Systems Security Program (ISSP); 2021: Info Systems Security Program (ISSP); 2022: Info Systems Security Program (ISSP); 2023: Info Systems Security Program (ISSP),Info Systems Security Program (ISSP),1.00,7/7,R-DEC-ERA-SAME,same_program,,,,
3417|1810N|,3417,1810N,,2017,2023,A1,7,c235e0ec377f50b5c7ee648c43d6595dfbf08509894d09cc8be177de5297edfc,6791,2017: MIO Intel Exploitation Team; 2018: MIO Intel Exploitation Team; 2019: MIO Intel Exploitation Team; 2020: MIO Intel Exploitation Team; 2021: MIO Intel Exploitation Team; 2022: MIO Intel Exploitation Team; 2023: MIO Intel Exploitation Team,MIO Intel Exploitation Team,1.00,7/7,R-DEC-ERA-SAME,same_program,,,,
3446D15400|2035A|,3446D15400,2035A,,2017,2023,A1+R1,7,f544d01fd3d48287a198dc8a8028a409cfdaf5f6bd1cd71eb1359028896b864b,632911,"2017: Hi Mob Multi-Purp Whld Veh (HMMWV); 2018: Ambulance, 4 LITTER, 5/4 TON, 4x4; 2019: Ambulance, 4 LITTER, 5/4 TON, 4x4; 2020: Ambulance, 4 LITTER, 5/4 TON, 4x4; 2021: HI MOB MULTI-PURP WHLD VEH (HMMWV); 2022: HI MOB MULTI-PURP WHLD VEH (HMMWV); 2023: HI MOB MULTI-PURP WHLD VEH (HMMWV)",HI MOB MULTI-PURP WHLD VEH (HMMWV),0.00,6/7,owner-batch,,,,,
3484D15501|2035A|,3484D15501,2035A,,2017,2023,A1,7,134354cdcb2821a1bd7449dbc4d26ef943b249ebd3b46f799cb97d0f87b31bc0,154822,2017: Ground Mobility Vehicles (GMV); 2018: Ground Mobility Vehicles (GMV); 2019: Ground Mobility Vehicles (GMV); 2020: Ground Mobility Vehicles (GMV); 2021: Ground Mobility Vehicles (GMV); 2022: Ground Mobility Vehicles (GMV); 2023: Ground Mobility Vehicles (GMV),Ground Mobility Vehicles (GMV),1.00,7/7,R-DEC-ERA-SAME,same_program,,,,
3501|1810N|,3501,1810N,,2017,2023,A1,7,8e866b5657101e3304b8b196c88f1ecb4f510bad8aec7ba78cae9e34d064922f,132729,2017: Cryptologic Communications Equip; 2018: Cryptologic Communications Equip; 2019: Cryptologic Communications Equip; 2020: Cryptologic Communications Equip; 2021: Cryptologic Communications Equip; 2022: Cryptologic Communications Equip; 2023: Cryptologic Communications Equip,Cryptologic Communications Equip,1.00,7/7,R-DEC-ERA-SAME,same_program,,,,
351010|3011F|,351010,3011F,,2017,2023,A1,7,f626384dbb15b27212c3a26efa8ec1bf3ce92f8566cbcebef7cf5fa30017be51,895286,2017: Rockets; 2018: Rockets; 2019: Rockets; 2020: Rockets; 2021: Rockets; 2022: Rockets; 2023: Rockets,Rockets,1.00,7/7,R-DEC-ERA-SAME,same_program,,,,
352010|3011F|,352010,3011F,,2017,2023,A1,7,a36399c4fecf4e5ce92a4d7e2bd0c7e81b5f34fbcfc00a3109ddd96b06911d9d,1315696,2017: Cartridges; 2018: Cartridges; 2019: Cartridges; 2020: Cartridges; 2021: Cartridges; 2022: Cartridges; 2023: Cartridges,Cartridges,1.00,7/7,R-DEC-ERA-SAME,same_program,,,,
353010|3011F|,353010,3011F,,2017,2023,A1,7,e2caca3f556c48a7792113cfbe8e799116c64560ee723864fc4ef784453c74a5,308757,2017: Practice Bombs; 2018: Practice Bombs; 2019: Practice Bombs; 2020: Practice Bombs; 2021: Practice Bombs; 2022: Practice Bombs; 2023: Practice Bombs,Practice Bombs,1.00,7/7,R-DEC-ERA-SAME,same_program,,,,
353020|3011F|,353020,3011F,,2017,2023,A1,7,f756686ab07c4cf423c5cb90c78fc8030cb56312118f447398b02f895509aea0,3552345,2017: General Purpose Bombs; 2018: General Purpose Bombs; 2019: General Purpose Bombs; 2020: General Purpose Bombs; 2021: General Purpose Bombs; 2022: General Purpose Bombs; 2023: General Purpose Bombs,General Purpose Bombs,1.00,7/7,R-DEC-ERA-SAME,same_program,,,,
353190|3011F|,353190,3011F,,2017,2023,A1,7,5ff3672cd9e708520f7a4a36b910098417ab44436892e7e95dd7aa495057df28,119783,2017: Massive Ordnance Penetrator (MOP); 2018: Massive Ordnance Penetrator (MOP); 2019: Massive Ordnance Penetrator (MOP); 2020: Massive Ordnance Penetrator (MOP); 2021: Massive Ordnance Penetrator (MOP); 2022: Massive Ordnance Penetrator (MOP); 2023: Massive Ordnance Penetrator (MOP),Massive Ordnance Penetrator (MOP),1.00,7/7,R-DEC-ERA-SAME,same_program,,,,
353620|3011F|,353620,3011F,,2017,2023,A1,7,d41207b520129df1aca2852550966e8ed227f9afb6b19ded21a407ba880e988d,4733488,2017: Joint Direct Attack Munition; 2018: Joint Direct Attack Munition; 2019: Joint Direct Attack Munition; 2020: Joint Direct Attack Munition; 2021: Joint Direct Attack Munition; 2022: Joint Direct Attack Munition; 2023: Joint Direct Attack Munition,Joint Direct Attack Munition,1.00,7/7,R-DEC-ERA-SAME,same_program,,,,
354040|3011F|,354040,3011F,,2018,2023,A1+R1,10,e7710345e1b5d7d313a31a0bccdd386089d71df1f674c16ea08a84f8b4415329,304092,2018: B61; 2019: B61; 2020: B61; 2021: B61; 2022: B-61; 2023: B-61,B-61,0.00,6/6,owner-batch,,,,,
3542MA8890|2035A|,3542MA8890,2035A,,2017,2023,A1,7,12b5bb5481ea4c5d080ddea1b6faa82c9b60ffed1d5baa37a271b77d1874d16d,260896,"2017: Tactical Bridge, Float-Ribbon; 2018: Tactical Bridge, Float-Ribbon; 2019: Tactical Bridge, Float-Ribbon; 2020: Tactical Bridge, Float-Ribbon; 2021: Tactical Bridge, Float-Ribbon; 2022: Tactical Bridge, Float-Ribbon; 2023: Tactical Bridge, Float-Ribbon","Tactical Bridge, Float-Ribbon",1.00,7/7,R-DEC-ERA-SAME,same_program,,,,
355100|3011F|,355100,3011F,,2017,2023,A1,7,f40cb3e7d750f5899bb5b05cdd91108242ebcc580ea2fa9d9d0de7d8607feefe,338036,2017: Cad/Pad; 2018: Cad/Pad; 2019: Cad/Pad; 2020: Cad/Pad; 2021: Cad/Pad; 2022: Cad/Pad; 2023: Cad/Pad,Cad/Pad,1.00,7/7,R-DEC-ERA-SAME,same_program,,,,
355450|3011F|,355450,3011F,,2017,2023,A1,7,6b641f0a18515651321070a8c4e445a13e34d42f6ee45daf681ec595443668df,42624,2017: Explosive Ordnance Disposal (EOD); 2018: Explosive Ordnance Disposal (EOD); 2019: Explosive Ordnance Disposal (EOD); 2020: Explosive Ordnance Disposal (EOD); 2021: Explosive Ordnance Disposal (EOD); 2022: Explosive Ordnance Disposal (EOD); 2023: Explosive Ordnance Disposal (EOD),Explosive Ordnance Disposal (EOD),1.00,7/7,R-DEC-ERA-SAME,same_program,,,,
355900|3011F|,355900,3011F,,2017,2023,A1,7,c4e325a920e5ce5139c7a1cec382094fe6b2c9ad1bd0aae7b951493acfc318a8,2991,2017: Spares and Repair Parts; 2018: Spares and Repair Parts; 2019: Spares And Repair Parts; 2020: Spares And Repair Parts; 2021: Spares And Repair Parts; 2022: Spares And Repair Parts; 2023: Spares And Repair Parts,Spares And Repair Parts,1.00,7/7,R-DEC-ERA-SAME,same_program,,,,
355970|3011F|,355970,3011F,,2017,2023,A1,7,7f6cd3e8500a10edd08f1c84a013e21ebafa21e8f3e9e08d5b2c670c75a51ae3,8142,2017: Modifications; 2018: Modifications; 2019: Modifications; 2020: Modifications; 2021: Modifications; 2022: Modifications; 2023: Modifications,Modifications,1.00,7/7,R-DEC-ERA-SAME,same_program,,,,
355980|3011F|,355980,3011F,,2023,2023,A1,1,728917b2eb7c1b38b28e2ecfa5f1d1f96bb1bad8a9f6af3de49e9414e6dcc2cc,0,2023: First Destination Transportation,First Destination Transportation,1.00,1/1,R-DEC-ERA-SAME,same_program,,,,
355990|3011F|,355990,3011F,,2017,2023,A1+A2,7,d854a93f42c22800dfb4529508b895390345f25b199778f7af820e5b5820c0e5,27027,"2017: Items Less Than $5 Million; 2018: Items Less Than $5 Million; 2019: Items Less Than $5,000,000; 2020: Items Less Than $5,000,000; 2021: Items Less Than $5,000,000; 2022: Items Less Than $5,000,000; 2023: Items Less Than $5,000,000","Items Less Than $5,000,000",0.67,7/7,,,,,,
356010|3011F|,356010,3011F,,2017,2023,A1+R1,7,dc715a7c635bbdcb9be2c9f4746a07f15fee295f95703b90e7c43d9c6722b0f5,821843,2017: Flares; 2018: Flares; 2019: Flares; 2020: Flares; 2021: Flares; 2022: Flares; 2023: Expendable Countermeasures,Expendable Countermeasures,0.00,7/7,owner-batch,,,,,
356120|3011F|,356120,3011F,,2017,2023,A1,7,e070bd5d35a0ea31e15a7ce970853ef33df33a43f6836c3507a9d5404cf2a25c,1043209,2017: Fuzes; 2018: Fuzes; 2019: Fuzes; 2020: Fuzes; 2021: Fuzes; 2022: Fuzes; 2023: Fuzes,Fuzes,1.00,7/7,R-DEC-ERA-SAME,same_program,,,,
3569G01001|2035A|,3569G01001,2035A,,2017,2017,H,1,0dcd17bb1b8fd1639089ec6b8188f2c755340251b18216db9c15233ee2d9b0be,7785,2017: AMC Critical Items OPA3,,,0/0,R-DEC-ERA-HISTORY,history_only,,,,
3569M11101|2035A|,3569M11101,2035A,,2017,2023,A1,7,109bb528b468f3abfa6ac4c4f04b82ae7f7f448d18bbe170d4726a42d5cc3454,180651,2017: Army Watercraft Esp; 2018: Army Watercraft Esp; 2019: Army Watercraft Esp; 2020: Army Watercraft Esp; 2021: Army Watercraft Esp; 2022: Army Watercraft Esp; 2023: Army Watercraft Esp,Army Watercraft Esp,1.00,7/7,R-DEC-ERA-SAME,same_program,,,,
357010|3011F|,357010,3011F,,2017,2023,A1,7,27487d3ae136f4b2d44b299879a4553edb977e95750376009264b46fe77eb1bd,297525,2017: Small Arms; 2018: Small Arms; 2019: Small Arms; 2020: Small Arms; 2021: Small Arms; 2022: Small Arms; 2023: Small Arms,Small Arms,1.00,7/7,R-DEC-ERA-SAME,same_program,,,,
3584E76000|2034A|,3584E76000,2034A,,2017,2023,A1,7,b7e96d3d3ae27bb76247d952bfc086effcf5309d9c93cf996497d7fbe233a133,329453,"2017: 81MM Mortar, All Types; 2018: 81MM Mortar, All Types; 2019: 81MM Mortar, All Types; 2020: 81MM Mortar, All Types; 2021: 81MM Mortar, All Types; 2022: 81MM Mortar, All Types; 2023: 81MM Mortar, All Types","81MM Mortar, All Types",1.00,7/7,R-DEC-ERA-SAME,same_program,,,,
35UPAD|3011F|,35UPAD,3011F,,2018,2021,H,4,33616133e4ee0e5452b0858f53efeda8e6d60e3a0d6a68ba58a920cca5259fda,4952,2018: Cancelled Account Adjustment; 2019: Cancelled Account Adjustment; 2020: Cancelled Account Adjustment; 2021: Cancelled Account Adjustment,,,1/3,R-DEC-ERA-HISTORY,history_only,,,,
3620|1810N|,3620,1810N,,2017,2023,A1,7,6ec56d99f3610041a84b96449cb551528094b22258b6814048e3cbcf18a252a6,237256,2017: Coast Guard Equipment; 2018: Coast Guard Equipment; 2019: Coast Guard Equipment; 2020: Coast Guard Equipment; 2021: Coast Guard Equipment; 2022: Coast Guard Equipment; 2023: Coast Guard Equipment,Coast Guard Equipment,1.00,7/7,R-DEC-ERA-SAME,same_program,,,,
3632AZ3504|2031A|,3632AZ3504,2031A,,2017,2023,A1,7,69c67ead751819b516b7312845d16866b4ae5b6042fac90c99908fbb7ef6a31e,444545,2017: Aircraft Survivability Equipment; 2018: Aircraft Survivability Equipment; 2019: Aircraft Survivability Equipment; 2020: Aircraft Survivability Equipment; 2021: Aircraft Survivability Equipment; 2022: Aircraft Survivability Equipment; 2023: Aircraft Survivability Equipment,Aircraft Survivability Equipment,1.00,7/7,R-DEC-ERA-SAME,same_program,,,,
3636D10000|2035A|,3636D10000,2035A,,2017,2023,A1,7,e6bb987de3cff385f4d6b3303866210138313e60db23e3671801d00279988878,840000,2017: ARNG HMMWV Modernization Program; 2018: ARNG HMMWV Modernization Program; 2019: ARNG HMMWV Modernization Program; 2020: ARNG HMMWV Modernization Program; 2021: ARNG HMMWV Modernization Program; 2022: ARNG HMMWV Modernization Program; 2023: ARNG HMMWV Modernization Program,ARNG HMMWV Modernization Program,1.00,4/7,R-DEC-ERA-SAME,same_program,,,,
3640GC0401|2033A|,3640GC0401,2033A,,2017,2023,A1,7,51509409d5889fb9e1eb58ac09ba469290a94268aaaa9562230bcc3ff547a63e,160838,2017: M119 Modifications; 2018: M119 Modifications; 2019: M119 Modifications; 2020: M119 Modifications; 2021: M119 Modifications; 2022: M119 Modifications; 2023: M119 Modifications,M119 Modifications,1.00,6/7,R-DEC-ERA-SAME,same_program,,,,
3640|1810N|,3640,1810N,,2020,2023,A1,4,cc810034154cb7050d3cdcce654d1c61ff7b654d1a6f498624df393d58d1f400,10077,2020: Minotaur; 2021: Minotaur; 2022: Minotaur; 2023: Minotaur,Minotaur,1.00,4/4,R-DEC-ERA-SAME,same_program,,,,
3700GA0570|2033A|,3700GA0570,2033A,,2017,2023,A2,7,ef6c7ead8a3572a32f8d2062561b92fbc02e6b4173e3e7b2e33fda19d8c34b3e,807920,2017: Improved Recovery Vehicle (M88A2 Hercules); 2018: Improved Recovery Vehicle (M88A2 Hercules); 2019: Improved Recovery Vehicle (M88A2 Hercules); 2020: Improved Recovery Vehicle (M88A2 Hercules); 2021: Improved Recovery Vehicle (M88A2 HERCULES); 2022: Improved Recovery Vehicle (M88A2 HERCULES); 2023: Improved Recovery Vehicle (M88A2 HERCULES),IMPROVED RECOVERY VEHICLE (M88 HERCULES),0.67,5/7,owner-batch,,,,,
3736G13101|2033A|,3736G13101,2033A,,2018,2023,A1,6,9655e5661dd2adb2101f4b86fc5fb970d1ccde44bd051359ac1f40343cde6ca3,88293,2018: MULTI-ROLE ANTI-ARMOR ANTI-PERSONNEL WEAPON S; 2019: MULTI-ROLE ANTI-ARMOR ANTI-PERSONNEL WEAPON S; 2020: MULTI-ROLE ANTI-ARMOR ANTI-PERSONNEL WEAPON S; 2021: MULTI-ROLE ANTI-ARMOR ANTI-PERSONNEL WEAPON S; 2022: MULTI-ROLE ANTI-ARMOR ANTI-PERSONNEL WEAPON S; 2023: MULTI-ROLE ANTI-ARMOR ANTI-PERSONNEL WEAPON S,MULTI-ROLE ANTI-ARMOR ANTI-PERSONNEL WEAPON S,1.00,5/6,R-DEC-ERA-SAME,same_program,,,,
3758G06520|2035A|,3758G06520,2035A,,2017,2023,A1,6,2efed21d8cde27f8bd7227caab3008163e5957e21ab187428b2ad006c6dc6e13,44334,2017: Bridge Supplemental Set; 2018: Bridge Supplemental Set; 2020: Bridge Supplemental Set; 2021: BRIDGE SUPPLEMENTAL SET; 2022: BRIDGE SUPPLEMENTAL SET; 2023: BRIDGE SUPPLEMENTAL SET,BRIDGE SUPPLEMENTAL SET,1.00,5/5,R-DEC-ERA-SAME,same_program,,,,
3820|1810N|,3820,1810N,,2018,2023,A1,6,3b34dd8401a41a24e542d59d4349eb3e59d3f2a989917ee00742d4967639915b,110593,2018: Other Drug Interdiction Support; 2019: Other Drug Interdiction Support; 2020: Other Drug Interdiction Support; 2021: Other Drug Interdiction Support; 2022: Other Drug Interdiction Support; 2023: Other Drug Interdiction Support,Other Drug Interdiction Support,1.00,0/6,R-DEC-ERA-SAME,same_program,,,,
3902CL2000|2032A|,3902CL2000,2032A,,2017,2018,H,2,825f0e068b1b6842a2006430cd17b4fc94a118bec400f7559c4fc7a22d46b58f,3066,2017: Items Less Than $5.0m (Missiles); 2018: Items Less Than $5.0m (Missiles),,,1/1,R-DEC-ERA-HISTORY,history_only,,,,
3972C61700|2032A|,3972C61700,2032A,,2017,2023,A1,7,fd4912bbb539bf56a4e5a8f89a7506bc06c600ba1c086c3715b7fd119f981f9a,55443,2017: Itas/Tow Mods; 2018: Itas/Tow Mods; 2019: Itas/Tow Mods; 2020: Itas/Tow Mods; 2021: ITAS/TOW Mods; 2022: ITAS/TOW Mods; 2023: ITAS/TOW Mods,ITAS/TOW Mods,1.00,7/7,R-DEC-ERA-SAME,same_program,,,,
3974G07000|2035A|,3974G07000,2035A,,2017,2023,A1,7,82851718c1d07a49c199fe62c6a81053d629de4d39d34c9c8fc933cba9403e95,266945,2017: Common Bridge Transporter (CBT) Recap; 2018: Common Bridge Transporter (CBT) Recap; 2019: Common Bridge Transporter (CBT) Recap; 2020: Common Bridge Transporter (CBT) Recap; 2021: Common Bridge Transporter (CBT) Recap; 2022: Common Bridge Transporter (CBT) Recap; 2023: Common Bridge Transporter (CBT) Recap,Common Bridge Transporter (CBT) Recap,1.00,7/7,R-DEC-ERA-SAME,same_program,,,,
4010GC0076|2033A|,4010GC0076,2033A,,2017,2021,H,5,1d5286c371e85cf714092143fc900cbee9cc0b9598acc3cbd9d42ab44b97be16,10442,2017: Small Arms Equipment (Soldier Enh Prog); 2018: Small Arms Equipment (Soldier Enh Prog); 2019: Small Arms Equipment (Soldier Enh Prog); 2020: Small Arms Equipment (Soldier Enh Prog); 2021: Small Arms Equipment (Soldier Enh Prog),,,4/4,R-DEC-ERA-HISTORY,history_only,,,,
4048|1810N|,4048,1810N,,2017,2023,A1,7,5d5dc2e4076168fbe9d428f079dda59a1e37f42978d85ab495b27ecc93230d1a,1535873,2017: Sonobuoys - All Types; 2018: Sonobuoys - All Types; 2019: Sonobuoys - All Types; 2020: Sonobuoys - All Types; 2021: Sonobuoys - All Types; 2022: Sonobuoys - All Types; 2023: Sonobuoys - All Types,Sonobuoys - All Types,1.00,7/7,R-DEC-ERA-SAME,same_program,,,,
4099EP1700|2034A|,4099EP1700,2034A,,2017,2023,A1,7,3a258480d1e9026d3fcd189125ff007f051ccd1d922b4bf3f6b52ee1ab9f0ad0,1213057,2017: Conventional Munitions Demilitarization; 2018: Conventional Munitions Demilitarization; 2019: Conventional Munitions Demilitarization; 2020: Conventional Munitions Demilitarization; 2021: Conventional Munitions Demilitarization; 2022: Conventional Munitions Demilitarization; 2023: Conventional Munitions Demilitarization,Conventional Munitions Demilitarization,1.00,7/7,R-DEC-ERA-SAME,same_program,,,,
40|0300D|,40,0300D,,2019,2023,H,5,422a2e3ce4502bf7299bf542c7d5bb3553b742e1fb9616c6291a3a316815e4a2,17864,2019: Counter IED & Improvised Threat Technologies; 2020: Counter IED & Improvised Threat Technologies; 2021: Counter Improvised Threat Technologies; 2022: Counter Improvised Threat Technologies; 2023: Counter Improvised Threat Technologies,,,2/4,,,,,,
4100R04500|2035A|,4100R04500,2035A,,2020,2023,H,4,00ecfd4e1fd26f2d9236098f2be6f2e74d1efb00e29f1197807315eb1ee4cc57,6636,2020: Loaders; 2021: Loaders; 2022: Loaders; 2023: Loaders,,,3/3,R-DEC-ERA-HISTORY,history_only,,,,
4129|1507N|,4129,1507N,,2017,2023,A1,7,69aa0611d31a70f777276e54db48167dfd357ef7d2ecf8af1bb799f1fcacd248,101055,2017: Small Arms and Weapons; 2018: Small Arms and Weapons; 2019: Small Arms and Weapons; 2020: Small Arms and Weapons; 2021: Small Arms and Weapons; 2022: Small Arms and Weapons; 2023: Small Arms and Weapons,Small Arms and Weapons,1.00,6/7,R-DEC-ERA-SAME,same_program,,,,
4150EP2500|2034A|,4150EP2500,2034A,,2017,2023,A1,7,c9559af1461a89fe5276181461800eff3b5f88617cabf19a0883ca18fe27f7a3,24417,2017: Arms Initiative; 2018: Arms Initiative; 2019: Arms Initiative; 2020: Arms Initiative; 2021: ARMS Initiative; 2022: ARMS Initiative; 2023: ARMS Initiative,ARMS Initiative,1.00,7/7,R-DEC-ERA-SAME,same_program,,,,
4181|1109N|,4181,1109N,,2017,2023,A1,7,a059726cf8f5cf21325b715e327423f325744eb7406456038bf46b66b73a090e,220526,2017: Repair and Test Equipment; 2018: Repair and Test Equipment; 2019: Repair and Test Equipment; 2020: Repair and Test Equipment; 2021: Repair and Test Equipment; 2022: Repair and Test Equipment; 2023: Repair and Test Equipment,Repair and Test Equipment,1.00,7/7,R-DEC-ERA-SAME,same_program,,,,
4190|1109N|,4190,1109N,,2017,2018,H,2,06676582e4f8cdf6c71e9cae06085740f5380d83771064242c9f8e1dbff40b57,15409,2017: Unit Operations Center; 2018: Unit Operations Center,,,0/1,R-DEC-ERA-HISTORY,history_only,,,,
4194AA0270|2031A|,4194AA0270,2031A,,2017,2023,A1,7,aea20040d069aa161ab601ab489d751fbe7d188a0ba715c67616d96217c2bd6d,159883,2017: Utility/Cargo Airplane Mods; 2018: Utility/Cargo Airplane Mods; 2019: Utility/Cargo Airplane Mods; 2020: Utility/Cargo Airplane Mods; 2021: Utility/Cargo Airplane Mods; 2022: Utility/Cargo Airplane Mods; 2023: Utility/Cargo Airplane Mods,Utility/Cargo Airplane Mods,1.00,7/7,R-DEC-ERA-SAME,same_program,,,,
4204|1810N|,4204,1810N,,2017,2023,A1,7,1465fad675cb237c0fe623c16e44f0f9169b1b4db732eb2d8d81a4f63983411e,501106,2017: Weapons Range Support Equipment; 2018: Weapons Range Support Equipment; 2019: Weapons Range Support Equipment; 2020: Weapons Range Support Equipment; 2021: Weapons Range Support Equipment; 2022: Weapons Range Support Equipment; 2023: Weapons Range Support Equipment,Weapons Range Support Equipment,1.00,7/7,R-DEC-ERA-SAME,same_program,,,,
4205|1507N|,4205,1507N,,2017,2023,A1,7,0a805244ddae590945bdc9fdc94c9a19de4fdb0a2ceda25aba84a8710f0b77f2,429996,2017: CIWS Mods; 2018: CIWS Mods; 2019: CIWS Mods; 2020: CIWS Mods; 2021: CIWS Mods; 2022: CIWS Mods; 2023: CIWS Mods,CIWS Mods,1.00,7/7,R-DEC-ERA-SAME,same_program,,,,
4206|1507N|,4206,1507N,,2017,2023,A1,7,7443cfaf94991ba2c263e4f98af27f608bc2804bdb39930cc60746b417a3167c,234779,2017: Coast Guard Weapons; 2018: Coast Guard Weapons; 2019: Coast Guard Weapons; 2020: Coast Guard Weapons; 2021: Coast Guard Weapons; 2022: Coast Guard Weapons; 2023: Coast Guard Weapons,Coast Guard Weapons,1.00,7/7,R-DEC-ERA-SAME,same_program,,,,
4213|1810N|,4213,1810N,,2017,2023,A1,7,3394818cd1a1f94e7ece052921ce1e8915bd23b67fc79033fd7c9d1db5c8bad4,932134,2017: Aircraft Support Equipment; 2018: Aircraft Support Equipment; 2019: Aircraft Support Equipment; 2020: Aircraft Support Equipment; 2021: Aircraft Support Equipment; 2022: Aircraft Support Equipment; 2023: Aircraft Support Equipment,Aircraft Support Equipment,1.00,7/7,R-DEC-ERA-SAME,same_program,,,,
4217|1507N|,4217,1507N,,2017,2023,A1,7,f14305edfcb16e9588ab2260773b3bd924f7392de0b7542157d6a400c421cfc6,504767,2017: Gun Mount Mods; 2018: Gun Mount Mods; 2019: Gun Mount Mods; 2020: Gun Mount Mods; 2021: Gun Mount Mods; 2022: Gun Mount Mods; 2023: Gun Mount Mods,Gun Mount Mods,1.00,7/7,R-DEC-ERA-SAME,same_program,,,,
4217|1810N|,4217,1810N,,2018,2023,A1,6,1534c7c0306e2ac3568f9141b81a234122c98a806a3ba031c23d2e54c79b26e7,42738,2018: Advanced Arresting Gear (AAG); 2019: Advanced Arresting Gear (AAG); 2020: Advanced Arresting Gear (AAG); 2021: Advanced Arresting Gear (AAG); 2022: Advanced Arresting Gear (AAG); 2023: Advanced Arresting Gear (AAG),Advanced Arresting Gear (AAG),1.00,6/6,R-DEC-ERA-SAME,same_program,,,,
4219|1810N|,4219,1810N,,2023,2023,A1,1,c0a18bf8d913d815ec870849b3f9656a9ebe0cffc2ec4c8d2f8f8e16821b29ef,0,2023: Electromagnetic Aircraft Launch System (EMALS,Electromagnetic Aircraft Launch System (EMALS,1.00,1/1,R-DEC-ERA-SAME,same_program,,,,
4221|1507N|,4221,1507N,,2017,2023,A1,7,9510d1f87235e4ef377781b548b2f09d993b94de8488a05235b3491caf57e19a,39987,2017: LCS Module Weapons; 2018: LCS Module Weapons; 2019: LCS Module Weapons; 2020: LCS Module Weapons; 2021: LCS Module Weapons; 2022: LCS Module Weapons; 2023: LCS Module Weapons,LCS Module Weapons,1.00,7/7,R-DEC-ERA-SAME,same_program,,,,
4223|1507N|,4223,1507N,,2017,2020,H,4,66afcebc51393f3d544b88b5784d592935cd3cbbfd654fd111110ba7b3e4eb36,178425,2017: Cruiser Modernization Weapons; 2018: Cruiser Modernization Weapons; 2019: Cruiser Modernization Weapons; 2020: Cruiser Modernization Weapons,,,1/3,R-DEC-ERA-HISTORY,history_only,,,,
4225|1507N|,4225,1507N,,2017,2023,A1,7,388ab0eb5fc98c70fed879403c1c594db8fc0bb399a4f52be037b5d06373ba66,85296,2017: Airborne Mine Neutralization Systems; 2018: Airborne Mine Neutralization Systems; 2019: Airborne Mine Neutralization Systems; 2020: Airborne Mine Neutralization Systems; 2021: Airborne Mine Neutralization Systems; 2022: Airborne Mine Neutralization Systems; 2023: Airborne Mine Neutralization Systems,Airborne Mine Neutralization Systems,1.00,7/7,R-DEC-ERA-SAME,same_program,,,,
4226|1810N|,4226,1810N,,2017,2023,A1,7,4d0bd8ffa044b2d7dc3174dfab7f24de1f06cfb019760045d7da819f53e43b82,126873,2017: Meteorological Equipment; 2018: Meteorological Equipment; 2019: Meteorological Equipment; 2020: Meteorological Equipment; 2021: Meteorological Equipment; 2022: Meteorological Equipment; 2023: Meteorological Equipment,Meteorological Equipment,1.00,7/7,R-DEC-ERA-SAME,same_program,,,,
4242|1810N|,4242,1810N,,2017,2021,H,5,8bf20e7211886ca8974560e12a34f8de11726e169f21f12706ff1f9db5accdf1,4001,2017: DCRS/DPL; 2018: DCRS/DPL; 2019: DCRS/DPL; 2020: DCRS/DPL; 2021: DCRS/DPL,,,4/4,R-DEC-ERA-HISTORY,history_only,,,,
4248|1810N|,4248,1810N,,2017,2023,A1+R1,7,1f185ae727276c55f361c8d806a2c320b6907777a7ac6b23e70d0bfded561036,118060,2017: Airborne Mine Countermeasures; 2018: Airborne Mine Countermeasures; 2019: Airborne Mine Countermeasures; 2020: Legacy Airborne MCM; 2021: Legacy Airborne MCM; 2022: Legacy Airborne MCM; 2023: Legacy Airborne MCM,Airborne MCM,0.25,7/7,owner-batch,,,,,
4250|1810N|,4250,1810N,,2019,2023,A1,5,3f774d93ee4344a8c0ee418cb60bba020a8a0b3390d5a01dda2cf12659c89bb5,2575,2019: Lamps Equipment; 2020: Lamps Equipment; 2021: Lamps Equipment; 2022: Lamps Equipment; 2023: Lamps Equipment,Lamps Equipment,1.00,5/5,R-DEC-ERA-SAME,same_program,,,,
4268|1810N|,4268,1810N,,2017,2023,A1,7,a89ac09938db10169f291081bf82b171ffe7e211b1c9e1635dae766e47cc12d5,347295,2017: Aviation Support Equipment; 2018: Aviation Support Equipment; 2019: Aviation Support Equipment; 2020: Aviation Support Equipment; 2021: Aviation Support Equipment; 2022: Aviation Support Equipment; 2023: Aviation Support Equipment,Aviation Support Equipment,1.00,7/7,R-DEC-ERA-SAME,same_program,,,,
4269|1810N|,4269,1810N,,2019,2023,A1,5,d193605128c0c31804a6afd21794ccbaa2fb6f7bc7618af727b68423131a196c,75657,2019: UMCS-Unman Carrier Aviation(UCA)Mission Cntrl; 2020: UMCS-Unman Carrier Aviation(UCA)Mission Cntrl; 2021: UMCS-Unman Carrier Aviation(UCA)Mission Cntrl; 2022: UMCS-Unman Carrier Aviation(UCA)Mission Cntrl; 2023: UMCS-Unman Carrier Aviation(UCA)Mission Cntrl,UMCS-Unman Carrier Aviation(UCA)Mission Cntrl,1.00,5/5,R-DEC-ERA-SAME,same_program,,,,
4368G13800|2033A|,4368G13800,2033A,,2019,2020,H,2,78a4f01d71d69efd3035fb46539a67ea90b9b1fba731b77c8231a637bfd05c66,0,2019: GUN AUTOMATIC 30MM M230; 2020: GUN AUTOMATIC 30MM M230,,,1/1,R-DEC-ERA-HISTORY,history_only,,,,
4370EA0575|2034A|,4370EA0575,2034A,,2017,2023,A1,7,63adae5a85298557ad5aa77483f24e9fb5631ca0760e5cb8fe4532033d5bfe46,84018,2017: Ammunition Peculiar Equipment; 2018: Ammunition Peculiar Equipment; 2019: Ammunition Peculiar Equipment; 2020: Ammunition Peculiar Equipment; 2021: Ammunition Peculiar Equipment; 2022: Ammunition Peculiar Equipment; 2023: Ammunition Peculiar Equipment,Ammunition Peculiar Equipment,1.00,7/7,R-DEC-ERA-SAME,same_program,,,,
4428X01500|2035A|,4428X01500,2035A,,2017,2023,H,7,8ba8b3df144f4d2263583526eb682ff97b6469c22a4a680353dbcffca576d464,26014,2017: Hydraulic Excavator; 2018: Hydraulic Excavator; 2019: Hydraulic Excavator; 2020: Hydraulic Excavator; 2021: Hydraulic Excavator; 2022: Hydraulic Excavator; 2023: Hydraulic Excavator,,,5/6,R-DEC-ERA-HISTORY,history_only,,,,
4500|1507N|,4500,1507N,,2017,2023,A1,7,e4769560e6ca2187c6b5fa4ab218ced382687bca083ef52035b30fde0906facb,5148,2017: Cancelled Account Adjustments; 2018: Cancelled Account Adjustments; 2019: Cancelled Account Adjustments; 2020: Cancelled Account Adjustments; 2021: Cancelled Account Adjustments; 2022: Cancelled Account Adjustments; 2023: Cancelled Account Adjustments,Cancelled Account Adjustments,1.00,5/6,R-DEC-ERA-SAME,same_program,,,,
4516M01001|2035A|,4516M01001,2035A,,2017,2023,A1,7,cb5a479a1bb005870206adb3ee9f9bfc9b1b40d56c4c13986dd48c5e34cd8cbf,437604,2017: CBRN Defense; 2018: CBRN Defense; 2019: CBRN Defense; 2020: CBRN Defense; 2021: CBRN Defense; 2022: CBRN Defense; 2023: CBRN Defense,CBRN Defense,1.00,6/7,R-DEC-ERA-SAME,same_program,,,,
4520GZ3250|2033A|,4520GZ3250,2033A,,2017,2023,A1,7,bc52ec29f5a5f8f4ae0e4123cf3247e5bf63126c0796de6184ffa183831eec58,49095,2017: Assault Bridge (Mod); 2018: Assault Bridge (Mod); 2019: Assault Bridge (Mod); 2020: Assault Bridge (Mod); 2021: Assault Bridge (Mod); 2022: Assault Bridge (Mod); 2023: Assault Bridge (Mod),Assault Bridge (Mod),1.00,7/7,R-DEC-ERA-SAME,same_program,,,,
4582E34000|2034A|,4582E34000,2034A,,2017,2023,A1,7,5d23400b8f6c79be48806ee5ae1137c113d9f9a5792992ba2fe96f9380a6def7,222380,"2017: Grenades, All Types; 2018: Grenades, All Types; 2019: Grenades, All Types; 2020: Grenades, All Types; 2021: Grenades, All Types; 2022: Grenades, All Types; 2023: Grenades, All Types","Grenades, All Types",1.00,7/7,R-DEC-ERA-SAME,same_program,,,,
4610|1507N|,4610,1507N,,2021,2021,A1,1,1fedce3365ae9529cced57c833743ec5365818d22b9751b39fba809a79b1cd83,25,2021: Judgment Fund,Judgment Fund,1.00,0/0,R-DEC-ERA-SAME,same_program,,,,
4616|1109N|,4616,1109N,,2017,2023,A1,7,0579f5899c7300635bffd7efba06627cb36e8d7d3a551748d99098e9fce6f4ed,7979,2017: GCSS-MC; 2018: GCSS-MC; 2019: GCSS-MC; 2020: GCSS-MC; 2021: GCSS-MC; 2022: GCSS-MC; 2023: GCSS-MC,GCSS-MC,1.00,5/7,R-DEC-ERA-SAME,same_program,,,,
4617|1109N|,4617,1109N,,2017,2018,H,2,22bdef2476cbf08d4410f3fb4ca43575eb2500404893266f861b6609f80e73e6,3013,2017: Combat Support System; 2018: Combat Support System,,,1/1,R-DEC-ERA-HISTORY,history_only,,,,
4620|1109N|,4620,1109N,,2017,2023,A1,7,a7894102933521cca3c696b7b2c11596a0d866f4507d326e10708b9f7242dfde,294612,2017: Items Under $5 Million (Comm & Elec); 2018: Items Under $5 Million (Comm & Elec); 2019: Items Under $5 Million (Comm & Elec); 2020: Items Under $5 Million (Comm & Elec); 2021: Items Under $5 Million (Comm & Elec); 2022: Items Under $5 Million (Comm & Elec); 2023: Items Under $5 Million (Comm & Elec),Items Under $5 Million (Comm & Elec),1.00,6/7,R-DEC-ERA-SAME,same_program,,,,
4625|1109N|,4625,1109N,,2017,2023,A1+R1,7,e6bb0dc927c0125242ec46d974aae12f041e03aa39aa0da94281671fa7c5b35a,552265,2017: Next Generation Enterprise Network (NGEN); 2018: Next Generation Enterprise Network (NGEN); 2019: Next Generation Enterprise Network (NGEN); 2020: Next Generation Enterprise Network (NGEN); 2021: Next Generation Enterprise Network (NGEN); 2022: Next Generation Enterprise Network (NGEN); 2023: Marine Corps Enterprise Network (MCEN),Marine Corps Enterprise Network (MCEN),0.25,7/7,owner-batch,,,,,
4630|1109N|,4630,1109N,,2017,2023,A1,7,b1cdbd9521f6dfd290acfa83f3093b75ea174da0c32b891f58466b26eca2df4d,315420,2017: Common Computer Resources; 2018: Common Computer Resources; 2019: Common Computer Resources; 2020: Common Computer Resources; 2021: Common Computer Resources; 2022: Common Computer Resources; 2023: Common Computer Resources,Common Computer Resources,1.00,7/7,R-DEC-ERA-SAME,same_program,,,,
4631|1109N|,4631,1109N,,2017,2023,A1,7,9d8d3f7bd48151e636a9c60f0fc6a0df0598ce662a16ccbebc3f8bbf7e22c1fe,601791,2017: Command Post Systems; 2018: Command Post Systems; 2019: Command Post Systems; 2020: Command Post Systems; 2021: Command Post Systems; 2022: Command Post Systems; 2023: Command Post Systems,Command Post Systems,1.00,7/7,R-DEC-ERA-SAME,same_program,,,,
4633|1109N|,4633,1109N,,2017,2023,A1,7,7eca975a2e7e54bb83bf7d6a5017bee330ff0a6386634a1aa1f05d1884907db5,972391,2017: Radio Systems; 2018: Radio Systems; 2019: Radio Systems; 2020: Radio Systems; 2021: Radio Systems; 2022: Radio Systems; 2023: Radio Systems,Radio Systems,1.00,7/7,R-DEC-ERA-SAME,same_program,,,,
4634|1109N|,4634,1109N,,2017,2023,A1,7,10fd0dfe33fe88ff4f49033298cacf990c05e85b5aba17dbf6b1d38fdcc10b2c,283061,2017: Comm Switching & Control Systems; 2018: Comm Switching & Control Systems; 2019: Comm Switching & Control Systems; 2020: Comm Switching & Control Systems; 2021: Comm Switching & Control Systems; 2022: Comm Switching & Control Systems; 2023: Comm Switching & Control Systems,Comm Switching & Control Systems,1.00,7/7,R-DEC-ERA-SAME,same_program,,,,
4635|1109N|,4635,1109N,,2017,2023,A1,7,5f9a5a24a27ec72472b27b5ce62a9fe9e8f2023f6d1f774e3f59925ed726d33e,347310,2017: Comm & Elec Infrastructure Support; 2018: Comm & Elec Infrastructure Support; 2019: Comm & Elec Infrastructure Support; 2020: Comm & Elec Infrastructure Support; 2021: Comm & Elec Infrastructure Support; 2022: Comm & Elec Infrastructure Support; 2023: Comm & Elec Infrastructure Support,Comm & Elec Infrastructure Support,1.00,7/7,R-DEC-ERA-SAME,same_program,,,,
4640|1109N|,4640,1109N,,2017,2023,A1,7,80049a38152306037289f89939c0baa2834454388631b0254b87d58e4497cd66,83646,2017: Air Operations C2 Systems; 2018: Air Operations C2 Systems; 2019: Air Operations C2 Systems; 2020: Air Operations C2 Systems; 2021: Air Operations C2 Systems; 2022: Air Operations C2 Systems; 2023: Air Operations C2 Systems,Air Operations C2 Systems,1.00,7/7,R-DEC-ERA-SAME,same_program,,,,
4644|1109N|,4644,1109N,,2017,2023,A1,7,6d6e37fd87164110290d3cb3b9433629e62e80bed4103c7f0c9af39610e8d578,229691,2017: Common Aviation Command and Control System (C; 2018: Common Aviation Command and Control System (C; 2019: Common Aviation Command and Control System (C; 2020: Common Aviation Command and Control System (C; 2021: Common Aviation Command and Control System (C; 2022: Common Aviation Command and Control System (C; 2023: Common Aviation Command and Control System (C,Common Aviation Command and Control System (C,1.00,7/7,R-DEC-ERA-SAME,same_program,,,,
4645|1109N|,4645,1109N,,2020,2023,A1,4,a69d902d01e8a4e95a51e73795f75e74eaf2beec05b5472f20396dd8dbe744f6,71617,2020: Cyberspace Activities; 2021: Cyberspace Activities; 2022: Cyberspace Activities; 2023: Cyberspace Activities,Cyberspace Activities,1.00,4/4,R-DEC-ERA-SAME,same_program,,,,
4646|1109N|,4646,1109N,,2023,2023,A1,1,6cfb0beb224804d315019aee6fafa3c1c52db0e0040341f4d082439d0bd7ba41,0,2023: Cyber Mission Forces,Cyber Mission Forces,1.00,1/1,R-DEC-ERA-SAME,same_program,,,,
4650|1109N|,4650,1109N,,2017,2022,H,6,5c21c0791c6c34ca85155d5a4cf6e622c690342eb57a9b7ee85226fc7a16823e,75853,2017: Radar Systems; 2018: Radar Systems; 2019: Radar Systems; 2020: Radar Systems; 2021: Radar Systems; 2022: Radar Systems,,,5/5,R-DEC-ERA-HISTORY,history_only,,,,
4652|1109N|,4652,1109N,,2017,2023,A1,7,8f55899048a5ebdb57d556dfc71ab3a8ef4df629b03391af9adb14f31c139243,17552,2017: Modification Kits; 2018: Modification Kits; 2019: Modification Kits; 2020: Modification Kits; 2021: Modification Kits; 2022: Modification Kits; 2023: Modification Kits,Modification Kits,1.00,7/7,R-DEC-ERA-SAME,same_program,,,,
4655|1109N|,4655,1109N,,2017,2023,A1,7,9ec92968bcd9543c4ebd9e7f0ed173dc4ca23536371de13dbc62df0aa02b49b2,1243968,2017: Ground/Air Task Oriented Radar (G/ATOR); 2018: Ground/Air Task Oriented Radar (G/ATOR); 2019: Ground/Air Task Oriented Radar (G/ATOR); 2020: Ground/Air Task Oriented Radar (G/ATOR); 2021: Ground/Air Task Oriented Radar (G/ATOR); 2022: Ground/Air Task Oriented Radar (G/ATOR); 2023: Ground/Air Task Oriented Radar (G/ATOR),Ground/Air Task Oriented Radar (G/ATOR),1.00,6/7,R-DEC-ERA-SAME,same_program,,,,
4662CA0100|2032A|,4662CA0100,2032A,,2017,2021,H,5,fd73f8a60bd373a5c3221c6a040d3a30ebc4ed3eda5256b99b94cbae5d448d58,12959,2017: Production Base Support; 2018: Production Base Support; 2019: Production Base Support; 2020: Production Base Support; 2021: Production Base Support,,,4/4,R-DEC-ERA-HISTORY,history_only,,,,
4700M05800|2035A|,4700M05800,2035A,,2017,2023,A1,7,0d1ba9572f514aec0040e6fea6d88dec984a02a34751bcc2e7c1034d1e30ddb3,94196,"2017: Tractor, Full Tracked; 2018: Tractor, Full Tracked; 2019: Tractor, Full Tracked; 2020: Tractor, Full Tracked; 2021: Tractor, Full Tracked; 2022: Tractor, Full Tracked; 2023: Tractor, Full Tracked","Tractor, Full Tracked",1.00,7/7,R-DEC-ERA-SAME,same_program,,,,
4700MA6000|2035A|,4700MA6000,2035A,,2017,2023,A1,7,030dcd6bc76f5228d2b7c1fcb2becdf570038af5e917efa51e29c2762f240a8f,414937,"2017: Distribution Systems, Petroleum & Water; 2018: Distribution Systems, Petroleum & Water; 2019: Distribution Systems, Petroleum & Water; 2020: Distribution Systems, Petroleum & Water; 2021: Distribution Systems, Petroleum & Water; 2022: Distribution Systems, Petroleum & Water; 2023: Distribution Systems, Petroleum & Water","Distribution Systems, Petroleum & Water",1.00,7/7,R-DEC-ERA-SAME,same_program,,,,
4733|1109N|,4733,1109N,,2017,2023,A1,7,c5129fdfa1ff44584aa4940d7c66006d545f4e614b0d16ab47a316bebb4838e4,181353,2017: Fire Support System; 2018: Fire Support System; 2019: Fire Support System; 2020: Fire Support System; 2021: Fire Support System; 2022: Fire Support System; 2023: Fire Support System,Fire Support System,1.00,7/7,R-DEC-ERA-SAME,same_program,,,,
4734R06701|2035A|,4734R06701,2035A,,2017,2023,A1,7,8aa9efa21b31a10e9de56b1a6ab63864af61d98ab04c9c21bcd34fa6bb3c5f0f,201072,2017: All Terrain Cranes; 2018: All Terrain Cranes; 2019: All Terrain Cranes; 2020: All Terrain Cranes; 2021: All Terrain Cranes; 2022: All Terrain Cranes; 2023: All Terrain Cranes,All Terrain Cranes,1.00,7/7,R-DEC-ERA-SAME,same_program,,,,
4737|1109N|,4737,1109N,,2017,2020,H,4,17501d432487cadbe15481185dac985128394139fec1cb149c32a017a31fd2ad,317049,2017: RQ-21 UAS; 2018: RQ-21 UAS; 2019: RQ-21 UAS; 2020: RQ-21 UAS,,,3/3,R-DEC-ERA-HISTORY,history_only,,,,
4742A05001|2031A|,4742A05001,2031A,,2017,2022,R1,6,57a244679a4b8a07e93e6617090c76ad1c9e4733cd04e11a12dc3802d05201c4,1045177,"2017: Helicopter, Light Utility (LUH); 2018: Helicopter, Light Utility (LUH); 2019: Helicopter, Light Utility (LUH); 2020: Helicopter, Light Utility (LUH); 2021: Helicopter, Light Utility (LUH); 2022: Helicopter, Light Utility (LUH)",UH-72 LAKOTA LIGHT UTILITY HELICOPTER,0.43,4/5,owner-batch,,,,,
4747|1109N|,4747,1109N,,2017,2023,A1,7,2ef3ee569b00e8f453adfcfe37f3056ca3d6523d7b7d36d46ab5254429c7bd82,439955,2017: Intelligence Support Equipment; 2018: Intelligence Support Equipment; 2019: Intelligence Support Equipment; 2020: Intelligence Support Equipment; 2021: Intelligence Support Equipment; 2022: Intelligence Support Equipment; 2023: Intelligence Support Equipment,Intelligence Support Equipment,1.00,7/7,R-DEC-ERA-SAME,same_program,,,,
4757|1109N|,4757,1109N,,2017,2023,A1+R1,7,9cf597d126fb0f7a4e3cecb27e091ba884848041c84536bfe5a3d6a7096550f4,86627,2017: RQ-11 UAV; 2018: Unmanned Air Systems (Intel); 2019: Unmanned Air Systems (Intel); 2020: Unmanned Air Systems (Intel); 2021: Unmanned Air Systems (Intel); 2022: Unmanned Air Systems (Intel); 2023: Unmanned Air Systems (Intel),Unmanned Air Systems (Intel),0.00,6/7,,,,,,
4758EA0550|2034A|,4758EA0550,2034A,,2017,2023,A1,7,92a02c0dd0e95da016a7e33aa8f81b7fb8e4cefb6801fc5b423b68acdc883777,112072,2017: First Destination Transportation (AMMO); 2018: First Destination Transportation (AMMO); 2019: First Destination Transportation (AMMO); 2020: First Destination Transportation (AMMO); 2021: First Destination Transportation (AMMO); 2022: First Destination Transportation (AMMO); 2023: First Destination Transportation (AMMO),First Destination Transportation (AMMO),1.00,7/7,R-DEC-ERA-SAME,same_program,,,,
4767|1109N|,4767,1109N,,2017,2023,A1,7,fc4b3abdcc9a73f63be2d080c18348b722124d8456d7f3c7f80fe809085ea46e,131120,2017: DCGS-MC; 2018: DCGS-MC; 2019: DCGS-MC; 2020: DCGS-MC; 2021: DCGS-MC; 2022: DCGS-MC; 2023: DCGS-MC,DCGS-MC,1.00,7/7,R-DEC-ERA-SAME,same_program,,,,
4787|1109N|,4787,1109N,,2017,2023,A1,7,cdb66ad8af47dd9fdead93fbff41132b3957ab2411d76da81806c8dbfa568180,41968,2017: UAS Payloads; 2018: UAS Payloads; 2019: UAS Payloads; 2020: UAS Payloads; 2021: UAS Payloads; 2022: UAS Payloads; 2023: UAS Payloads,UAS Payloads,1.00,6/7,R-DEC-ERA-SAME,same_program,,,,
4865M80400|2035A|,4865M80400,2035A,,2017,2022,H,6,76affdcf2e63b16c5ae73e8df654af39466d27c6ccc6b50e6b0e997574b01f38,29063,2017: Robotic Combat Support System (RCSS); 2018: Robotic Combat Support System (RCSS); 2019: Robotic Combat Support System (RCSS); 2020: Robotic Combat Support System (RCSS); 2021: Robotic Combat Support System (RCSS); 2022: Robotic Combat Support System (RCSS),,,5/5,R-DEC-ERA-HISTORY,history_only,,,,
4867W12001|2035A|,4867W12001,2035A,,2017,2023,H,7,1d399f6e759f47d12d04688d6c9caa9aab6b47538d1227618d66cd92a52acacc,102763,2017: EOD Robotics Systems Recapitalization; 2018: EOD Robotics Systems Recapitalization; 2019: EOD Robotics Systems Recapitalization; 2020: EOD Robotics Systems Recapitalization; 2021: EOD Robotics Systems Recapitalization; 2022: EOD Robotics Systems Recapitalization; 2023: EOD Robotics Systems Recapitalization,,,6/6,R-DEC-ERA-HISTORY,history_only,,,,
4868W12002|2035A|,4868W12002,2035A,,2017,2023,A1,7,c0abfa9741956df63c4c26776f694c5bca31cc39105a1e117fd6b86304ae51fc,332171,2017: Robotics and Applique Systems; 2018: Robotics and Applique Systems; 2019: Robotics and Applique Systems; 2020: Robotics and Applique Systems; 2021: Robotics and Applique Systems; 2022: Robotics and Applique Systems; 2023: Robotics and Applique Systems,Robotics and Applique Systems,1.00,6/7,R-DEC-ERA-SAME,same_program,,,,
4872G82925|2033A|,4872G82925,2033A,,2017,2023,H,7,e37b10039821c7235111cd12e563f36eb7814d644b0f3cf9677b4d2163bf6f9f,219516,2017: Assault Breacher Vehicle; 2018: Assault Breacher Vehicle; 2019: Assault Breacher Vehicle; 2020: Assault Breacher Vehicle; 2021: Assault Breacher Vehicle; 2022: Assault Breacher Vehicle; 2023: Assault Breacher Vehicle,,,6/6,R-DEC-ERA-HISTORY,history_only,,,,
4872G84900|2033A|,4872G84900,2033A,,2022,2023,A1,2,0ffa143d6ab12e49be81af4cefab24a5efc6d1f7004c8b70a0ea223e9c60cdb7,0,2022: ASSAULT BREACHER VEHICLE (ABV); 2023: ASSAULT BREACHER VEHICLE (ABV),ASSAULT BREACHER VEHICLE (ABV),1.00,2/2,R-DEC-ERA-SAME,same_program,,,,
4930|1109N|,4930,1109N,,2017,2018,H,2,b200aa18b6c033d7543af0732edde5d6c2d6f2b482d053706f310bab53008ba8,8732,2017: Night Vision Equipment; 2018: Night Vision Equipment,,,1/1,R-DEC-ERA-HISTORY,history_only,,,,
4S36|1109N|,4S36,1109N,,2022,2023,A1,2,1cd1bee993b5522daf9e9718c46468372f1bc376ba5e6e6fc2c9eedd581dea39,35700,2022: DON UAS Video 5; 2023: DON UAS Video 5,DON UAS Video 5,1.00,0/2,R-DEC-ERA-SAME,same_program,,,,
4S53|1109N|,4S53,1109N,,2021,2023,A1,3,2797156738a203643f053cfcb0295c272eee5f49593e1ff9694947995f8b4bb7,15691,2021: DON TRR (Ashore); 2022: DON TRR (Ashore); 2023: DON TRR (Ashore),DON TRR (Ashore),1.00,0/3,R-DEC-ERA-SAME,same_program,,,,
5000C13000|0300D|,5000C13000,0300D,,2017,2023,A1,7,6d0760c2ce55056edc83b0dfacf0efa3b5be740a1baee811583a2f148dce8d10,230191,2017: C-130 Modifications; 2018: C-130 Modifications; 2019: C-130 Modifications; 2020: C-130 Modifications; 2021: C-130 Modifications; 2022: C-130 Modifications; 2023: C-130 Modifications,C-130 Modifications,1.00,7/7,R-DEC-ERA-SAME,same_program,,,,
5000GB2000|2033A|,5000GB2000,2033A,,2019,2021,A1,3,ec42b3987f9bfd3c4e47ea3b033a48abecf632e554bdb9590d7dba83396e7246,22330,"2019: Machine Gun, Cal .50 M2 Roll; 2020: Machine Gun, Cal .50 M2 Roll; 2021: Machine Gun, Cal .50 M2 Roll","Machine Gun, Cal .50 M2 Roll",1.00,2/2,R-DEC-ERA-SAME,same_program,,,,
5003|1109N|,5003,1109N,,2017,2018,H,2,caa9c7df30f295e203e29898c7fdaad6e51372a7d5f52bfd5e7ca50ecb8e5f6b,2701,2017: Commercial Passenger Vehicles; 2018: Commercial Passenger Vehicles,,,1/1,R-DEC-ERA-HISTORY,history_only,,,,
5006|1109N|,5006,1109N,,2017,2023,A1,7,2e207257d6bfee4a5e411d98dafb9bab174cb7ef1b4d891612912ca6d09f7772,257282,2017: Commercial Cargo Vehicles; 2018: Commercial Cargo Vehicles; 2019: Commercial Cargo Vehicles; 2020: Commercial Cargo Vehicles; 2021: Commercial Cargo Vehicles; 2022: Commercial Cargo Vehicles; 2023: Commercial Cargo Vehicles,Commercial Cargo Vehicles,1.00,7/7,R-DEC-ERA-SAME,same_program,,,,
500|0300D|DCMA,500,0300D,DCMA,2017,2022,R2,6,4b51859f41ffb3975c6e4421d1f647c75996b5b8b9bd73d525bf760db8ab6d92,21056,2017: Major Equipment; 2018: Major Equipment; 2019: Major Equipment; 2020: Major Equipment; 2021: Major Equipment; 2022: Major Equipment,0300D/DHRA: Personnel Administration; 0300D/DLA: Major Equipment,,5/5,,,,,,
500|0300D|DHRA,500,0300D,DHRA,2017,2023,A1,7,ca346fb0fa83047a56aa8ae8042757eb62fecaace2b351bc0c964354858b8831,75302,2017: Personnel Administration; 2018: Personnel Administration; 2019: Personnel Administration; 2020: Personnel Administration; 2021: Personnel Administration; 2022: Personnel Administration; 2023: Personnel Administration,Personnel Administration,1.00,7/7,R-DEC-ERA-SAME,same_program,,,,
500|0300D|DLA,500,0300D,DLA,2017,2023,A1,7,3258754ac93fe21a270d092f4d1262a3ee3333ed806f2708a08fd1329b2c4475,432642,2017: Major Equipment; 2018: Major Equipment; 2019: Major Equipment; 2020: Major Equipment; 2021: Major Equipment; 2022: Major Equipment; 2023: Major Equipment,Major Equipment,1.00,6/7,R-DEC-ERA-SAME,same_program,,,,
5025|1611N|,5025,1611N,,2017,2023,A1,13,77188e27b7687565cfaa4bc4671a15cc270c6067b8cc6fd0e76de41f7e6aff47,3425839,2017: TAO Fleet Oiler; 2018: TAO Fleet Oiler; 2019: TAO Fleet Oiler; 2020: TAO Fleet Oiler; 2021: TAO Fleet Oiler; 2022: TAO Fleet Oiler; 2023: TAO Fleet Oiler,TAO Fleet Oiler,1.00,7/7,R-DEC-ERA-SAME,same_program,,,,
5030|1611N|,5030,1611N,,2022,2023,A1,2,741d35e4e3e7d9753bc8cf37b971b3e1394292f622e35f04e96d27dc84356a25,0,2022: Tagos Surtass Ships; 2023: Tagos Surtass Ships,Tagos Surtass Ships,1.00,2/2,R-DEC-ERA-SAME,same_program,,,,
5035|1611N|,5035,1611N,,2017,2023,A1+R1,7,84824d63d4664e21be9151fbfc21eddef23537adf9559ee10a58dc321b1b5dc5,539793,"2017: TATS Fleet Ocean Tug; 2018: Towing, Salvage, and Rescue Ship (ATS); 2019: Towing, Salvage, and Rescue Ship (ATS); 2020: Towing, Salvage, and Rescue Ship (ATS); 2021: Towing, Salvage, and Rescue Ship (ATS); 2022: Towing, Salvage, and Rescue Ship (ATS); 2023: Towing, Salvage, and Rescue Ship (ATS)","Towing, Salvage, and Rescue Ship (ATS)",0.00,7/7,owner-batch,,,,,
5044AZ3507|2031A|,5044AZ3507,2031A,,2017,2023,A1,7,a88bb02987d0814f234405e63ddba8e6b2de5575708c30045bfe3aeb2404470c,54442,2017: Survivability CM; 2018: Survivability CM; 2019: Survivability CM; 2020: Survivability CM; 2021: Survivability CM; 2022: Survivability CM; 2023: Survivability CM,Survivability CM,1.00,7/7,R-DEC-ERA-SAME,same_program,,,,
5045|1109N|,5045,1109N,,2017,2017,H,1,409b8c2b7cc8808b31879020a963568edd0f8d6fddd39b25cf9eb90e9e03fbc6,45804,2017: 5/4T Truck HMMWV (MYP),,,0/0,R-DEC-ERA-HISTORY,history_only,,,,
5050|1109N|,5050,1109N,,2017,2023,A1,7,9a9d4afa85a01573fead1dba287d06e55f9641071d52de9ae01638c22faf9dc7,149117,2017: Motor Transport Modifications; 2018: Motor Transport Modifications; 2019: Motor Transport Modifications; 2020: Motor Transport Modifications; 2021: Motor Transport Modifications; 2022: Motor Transport Modifications; 2023: Motor Transport Modifications,Motor Transport Modifications,1.00,7/7,R-DEC-ERA-SAME,same_program,,,,
5087|1611N|,5087,1611N,,2020,2020,A1,1,39426f16b8748089f98e177c460dd1a1663ee7f7ca031b980db00c23d48ed7f7,180000,2020: Oceanographic Ships,Oceanographic Ships,1.00,0/0,R-DEC-ERA-SAME,same_program,,,,
5088|1109N|,5088,1109N,,2017,2017,H,1,5bc00f0bcfd5482eed0299818cdb357f748129c9b00f2cbed73ddda6f44737ea,574,2017: Medium Tactical Vehicle Replacement,,,0/0,R-DEC-ERA-HISTORY,history_only,,,,
5092|1611N|,5092,1611N,,2017,2023,H,6,de729bc722e4e6757de878a4c59b7b0f6959e3e2e749dd4d0945432204dc4f24,1580783,2017: Moored Training Ship; 2018: Moored Training Ship; 2019: Moored Training Ship; 2023: Moored Training Ship,,,2/2,R-DEC-ERA-HISTORY,history_only,,,,
5095|1109N|,5095,1109N,,2017,2023,A1,7,7e2f39c64daa77169cf8cc15fdaa62e9d92cb25bb3868d349ac75b5d6b1e05ba,1900769,2017: Joint Light Tactical Vehicle; 2018: Joint Light Tactical Vehicle; 2019: Joint Light Tactical Vehicle; 2020: Joint Light Tactical Vehicle; 2021: Joint Light Tactical Vehicle; 2022: Joint Light Tactical Vehicle; 2023: Joint Light Tactical Vehicle,Joint Light Tactical Vehicle,1.00,7/7,R-DEC-ERA-SAME,same_program,,,,
5097|1109N|,5097,1109N,,2017,2023,H,7,bc7cb2771a9f05a22d4a58aaec0532ed29bd77200a8392897760afaa36aac5ea,26376,2017: Family of Tactical Trailers; 2018: Family of Tactical Trailers; 2019: Family of Tactical Trailers; 2020: Family of Tactical Trailers; 2021: Family of Tactical Trailers; 2022: Family of Tactical Trailers; 2023: Family of Tactical Trailers,,,6/6,R-DEC-ERA-HISTORY,history_only,,,,
50|0300D|,50,0300D,,2017,2021,R1,2,e111c355d1efb4c385ba2afaa9cf916f7559b6c21bdfd03b0405210391b9688b,35379,2017: Indian Financing Act; 2021: Indian Incentive Program,DTRA Cyber Activities,0.00,0/0,,,,,,
5100|1611N|,5100,1611N,,2017,2023,A1,7,6d1e7e92faaa18a181b186e1f81444bcd6d53783946f1d778943c1dc480ee2b1,246585,2017: LCU 1700; 2018: LCU 1700; 2019: LCU 1700; 2020: LCU 1700; 2021: LCU 1700; 2022: LCU 1700; 2023: LCU 1700,LCU 1700,1.00,5/7,R-DEC-ERA-SAME,same_program,,,,
5110|1611N|,5110,1611N,,2017,2023,A1,7,c84878e522e2b604f6b002dd7aec135e72ffd755d70c8b08002ac9912000cd2d,4201653,2017: Outfitting; 2018: Outfitting; 2019: Outfitting; 2020: Outfitting; 2021: Outfitting; 2022: Outfitting; 2023: Outfitting,Outfitting,1.00,7/7,R-DEC-ERA-SAME,same_program,,,,
5111|1810N|,5111,1810N,,2017,2023,A1,7,a4d35e1b6ba12ac34f23fa7d15599ab4ad0f917a3fd00819d965061102dd28bf,38668,2017: Ship Gun Systems Equipment; 2018: Ship Gun Systems Equipment; 2019: Ship Gun Systems Equipment; 2020: Ship Gun Systems Equipment; 2021: Ship Gun Systems Equipment; 2022: Ship Gun Systems Equipment; 2023: Ship Gun Systems Equipment,Ship Gun Systems Equipment,1.00,7/7,R-DEC-ERA-SAME,same_program,,,,
5112|1611N|,5112,1611N,,2017,2023,A1,7,37cd3e6724163e79722a988796b46b9b4b6cdb37dcb06b2b7dd591b684d84784,1610226,2017: Ship to Shore Connector; 2018: Ship to Shore Connector; 2019: Ship to Shore Connector; 2020: Ship to Shore Connector; 2021: Ship to Shore Connector; 2022: Ship to Shore Connector; 2023: Ship to Shore Connector,Ship to Shore Connector,1.00,5/7,R-DEC-ERA-SAME,same_program,,,,
5113|1611N|,5113,1611N,,2017,2023,A1,7,a0cbe79834076004b09cae1c0644047fd3967e22cf3667ccd4a323169dfe9592,530698,2017: Service Craft; 2018: Service Craft; 2019: Service Craft; 2020: Service Craft; 2021: Service Craft; 2022: Service Craft; 2023: Service Craft,Service Craft,1.00,6/7,R-DEC-ERA-SAME,same_program,,,,
5129G80571|2033A|,5129G80571,2033A,,2017,2023,A1,7,6b23c0cec507fa730d3ddad45a4d88a99f183d65e3be85f0a57494d21a5b23e7,57763,2017: M88 FOV MODS; 2018: M88 FOV MODS; 2019: M88 FOV MODS; 2020: M88 FOV MODS; 2021: M88 FOV MODS; 2022: M88 FOV MODS; 2023: M88 FOV MODS,M88 FOV MODS,1.00,7/7,R-DEC-ERA-SAME,same_program,,,,
5132|1109N|,5132,1109N,,2018,2023,A1,5,2f3adefd9d136fa85d5aca6465366a361c352d02affa9b301a75935b95c3e3cd,22000,2018: Trailers; 2019: Trailers; 2021: Trailers; 2022: Trailers; 2023: Trailers,Trailers,1.00,3/4,R-DEC-ERA-SAME,same_program,,,,
5139|1611N|,5139,1611N,,2017,2023,A1,7,f71d6b3e7301f3e061214477887a40b25b842947a19a19db19a62feca53178a1,259758,2017: LCAC SLEP; 2018: LCAC SLEP; 2019: LCAC SLEP; 2020: LCAC SLEP; 2021: LCAC SLEP; 2022: LCAC SLEP; 2023: LCAC SLEP,LCAC SLEP,1.00,5/7,R-DEC-ERA-SAME,same_program,,,,
5201|1611N|,5201,1611N,,2022,2023,A1,2,a993f766d8364cbbfad0040dba2f5d9f0e2c6295822046bef7d8ee3fc125b57b,60000,2022: Auxiliary Vessels (Used Sealift); 2023: Auxiliary Vessels (Used Sealift),Auxiliary Vessels (Used Sealift),1.00,2/2,R-DEC-ERA-SAME,same_program,,,,
5205|1611N|,5205,1611N,,2019,2020,H,3,a11f877b4689e0c9b0eb9bcdcc782a42b118ba878baa4e4c5ae1620f0f6ba59e,300000,2019: Uscg Icebreakers; 2020: Uscg Icebreakers,,,0/1,R-DEC-ERA-HISTORY,history_only,,,,
5212AZ3100|2031A|,5212AZ3100,2031A,,2017,2023,A1,7,2ffe185c2c88c9da3ed3d8462198624431b42d8f9dd31bd19784f283d6b0c0ba,256412,2017: Common Ground Equipment; 2018: Common Ground Equipment; 2019: Common Ground Equipment; 2020: Common Ground Equipment; 2021: Common Ground Equipment; 2022: Common Ground Equipment; 2023: Common Ground Equipment,Common Ground Equipment,1.00,7/7,R-DEC-ERA-SAME,same_program,,,,
5212|1611N|,5212,1611N,,2017,2019,H,3,6f4a2d6ab62b22b980714c46823ffa27c0aae18cafa40a1d4e032b237e261d23,43201,2017: YP Craft Maintenance/ROH/SLEP; 2018: YP Craft Maintenance/ROH/SLEP; 2019: YP Craft Maintenance/ROH/SLEP,,,2/2,R-DEC-ERA-HISTORY,history_only,,,,
5225GZ3001|2033A|,5225GZ3001,2033A,,2017,2023,A1,7,66f1bdc9585054aa7cf5cd40251b666e09a67e7fb697abe1159b71f180b0a6cb,536189,2017: Joint Assault Bridge; 2018: Joint Assault Bridge; 2019: Joint Assault Bridge; 2020: Joint Assault Bridge; 2021: Joint Assault Bridge; 2022: Joint Assault Bridge; 2023: Joint Assault Bridge,Joint Assault Bridge,1.00,7/7,R-DEC-ERA-SAME,same_program,,,,
5227|1810N|,5227,1810N,,2020,2023,A1,4,6574959235c2e0fbdaca6ee16181cb7a731d480d278ed26b3e7c9919f5b433b5,0,2020: Harpoon Support Equipment; 2021: Harpoon Support Equipment; 2022: Harpoon Support Equipment; 2023: Harpoon Support Equipment,Harpoon Support Equipment,1.00,4/4,R-DEC-ERA-SAME,same_program,,,,
5230|1109N|,5230,1109N,,2017,2018,H,2,5f5c82f728e81e2c7e05e254327b81bb6699f461b138a203e42500a98de55d3f,12744,2017: Items Less Than $5 Million; 2018: Items Less Than $5 Million,,,1/1,R-DEC-ERA-HISTORY,history_only,,,,
5231|1810N|,5231,1810N,,2017,2023,A1,7,1201b936d65807a3ef4ea0685a3dc88442d8177f419cd7590f0af44099bb0fc6,1648051,2017: Ship Missile Support Equipment; 2018: Ship Missile Support Equipment; 2019: Ship Missile Support Equipment; 2020: Ship Missile Support Equipment; 2021: Ship Missile Support Equipment; 2022: Ship Missile Support Equipment; 2023: Ship Missile Support Equipment,Ship Missile Support Equipment,1.00,7/7,R-DEC-ERA-SAME,same_program,,,,
5253|1810N|,5253,1810N,,2017,2023,A1,7,d919c04a69a052e2becf04a83d2ad6f834a8b700f08a070d89c8df18cceee2df,494404,2017: Tomahawk Support Equipment; 2018: Tomahawk Support Equipment; 2019: Tomahawk Support Equipment; 2020: Tomahawk Support Equipment; 2021: Tomahawk Support Equipment; 2022: Tomahawk Support Equipment; 2023: Tomahawk Support Equipment,Tomahawk Support Equipment,1.00,7/7,R-DEC-ERA-SAME,same_program,,,,
5300|1611N|,5300,1611N,,2017,2023,A1,7,7c08aeace4e35f83ec1e8721e878688e58a0b5b0365a5289570891a85352d62d,0,2017: Completion of PY Shipbuilding Programs; 2018: Completion of PY Shipbuilding Programs; 2019: Completion of PY Shipbuilding Programs; 2020: Completion of PY Shipbuilding Programs; 2021: Completion of PY Shipbuilding Programs; 2022: Completion of PY Shipbuilding Programs; 2023: Completion of PY Shipbuilding Programs,Completion of PY Shipbuilding Programs,1.00,4/7,R-DEC-ERA-SAME,same_program,,,,
5358|1810N|,5358,1810N,,2017,2023,A1,7,ed7c722d8073db89ad050ba7ffbcb7d9423eceef535d6ac68f7d14ace14a2c05,1668236,2017: Strategic Missile Systems Equip; 2018: Strategic Missile Systems Equip; 2019: Strategic Missile Systems Equip; 2020: Strategic Missile Systems Equip; 2021: Strategic Missile Systems Equip; 2022: Strategic Missile Systems Equip; 2023: Strategic Missile Systems Equip,Strategic Missile Systems Equip,1.00,7/7,R-DEC-ERA-SAME,same_program,,,,
5397AZ3517|2031A|,5397AZ3517,2031A,,2017,2023,A1,7,3deadf9af7d1b6492728bdeb1f77841f19305e0591563eb94555257019035ff3,1003298,2017: CMWS; 2018: CMWS; 2019: CMWS; 2020: CMWS; 2021: CMWS; 2022: CMWS; 2023: CMWS,CMWS,1.00,7/7,R-DEC-ERA-SAME,same_program,,,,
5399AZ3537|2031A|,5399AZ3537,2031A,,2017,2023,A1+R1,7,52cc233fd41e12cd773ad012ffaa4d3217784a899c8b33d761cad86cd6494fca,694908,2017: CIRCM; 2018: Common Infrared Countermeasures (CIRCM); 2019: Common Infrared Countermeasures (CIRCM); 2020: Common Infrared Countermeasures (CIRCM); 2021: Common Infrared Countermeasures (CIRCM); 2022: Common Infrared Countermeasures (CIRCM); 2023: Common Infrared Countermeasures (CIRCM),Common Infrared Countermeasures (CIRCM),0.25,7/7,owner-batch,,,,,
5420|1810N|,5420,1810N,,2017,2023,A1,7,8a2bf7758e75e88dbded2ed7b8f31c7c8674cd2cb425e7fc73442ffb0fc941c4,887987,2017: SSN Combat Control Systems; 2018: SSN Combat Control Systems; 2019: SSN Combat Control Systems; 2020: SSN Combat Control Systems; 2021: SSN Combat Control Systems; 2022: SSN Combat Control Systems; 2023: SSN Combat Control Systems,SSN Combat Control Systems,1.00,7/7,R-DEC-ERA-SAME,same_program,,,,
5429|1810N|,5429,1810N,,2017,2023,A1,7,9f743c89289e14626ba95f81a5ae1ebc34d3377b4f724b85fb50b588c33bbb14,159189,2017: ASW Support Equipment; 2018: ASW Support Equipment; 2019: ASW Support Equipment; 2020: ASW Support Equipment; 2021: ASW Support Equipment; 2022: ASW Support Equipment; 2023: ASW Support Equipment,ASW Support Equipment,1.00,7/7,R-DEC-ERA-SAME,same_program,,,,
5509|1810N|,5509,1810N,,2017,2023,A1,7,be7e5865cebf311928c3a2d4bfd043239f345582321ef634131fbe2245dd9b07,379276,2017: Explosive Ordnance Disposal Equip; 2018: Explosive Ordnance Disposal Equip; 2019: Explosive Ordnance Disposal Equip; 2020: Explosive Ordnance Disposal Equip; 2021: Explosive Ordnance Disposal Equip; 2022: Explosive Ordnance Disposal Equip; 2023: Explosive Ordnance Disposal Equip,Explosive Ordnance Disposal Equip,1.00,7/7,R-DEC-ERA-SAME,same_program,,,,
5530|1810N|,5530,1810N,,2020,2023,A1,4,1b64ea6f365b68219c8dd67103b64e1121efa8e9c8d7d8de3de88c1c1972d805,109508,2020: Anti-Ship Missile Decoy System; 2021: Anti-Ship Missile Decoy System; 2022: Anti-Ship Missile Decoy System; 2023: Anti-Ship Missile Decoy System,Anti-Ship Missile Decoy System,1.00,4/4,R-DEC-ERA-SAME,same_program,,,,
5543|1810N|,5543,1810N,,2017,2023,A1,7,27f2573c63a1def7f7db9c51895e31ff92779628ae3de33f52fa07ded62a3ad4,48470,2017: Items Less Than $5 Million; 2018: Items Less Than $5 Million; 2019: Items Less Than $5 Million; 2020: Items Less Than $5 Million; 2021: Items Less Than $5 Million; 2022: Items Less Than $5 Million; 2023: Items Less Than $5 Million,Items Less Than $5 Million,1.00,7/7,R-DEC-ERA-SAME,same_program,,,,
5558G41001|2035A|,5558G41001,2035A,,2017,2023,A1,7,44aa8ccb9969b7ca8f216a5b0896576f45e5d6e9bbfd4de4c8002d606c8a8f14,104439,2017: Family of Forklifts; 2018: Family of Forklifts; 2019: Family of Forklifts; 2020: Family of Forklifts; 2021: Family Of Forklifts; 2022: Family Of Forklifts; 2023: Family Of Forklifts,Family Of Forklifts,1.00,7/7,R-DEC-ERA-SAME,same_program,,,,
5600D15603|2035A|,5600D15603,2035A,,2017,2022,H,6,900e79e5cad94c21cdfa25cb0f9b30bb59ae63f8566a901cf046cc9efd128704,4088324,2017: Joint Light Tactical Vehicle; 2018: Joint Light Tactical Vehicle; 2019: Joint Light Tactical Vehicle; 2020: Joint Light Tactical Vehicle; 2021: JOINT LIGHT TACTICAL VEHICLE; 2022: JOINT LIGHT TACTICAL VEHICLE,,,5/5,R-DEC-ERA-HISTORY,history_only,,5731D15610,2035A,"xml=fy2026/a/Other Procurement - BA1 - Tactical & Support Vehicles__xml/U_PROCUREMENT_JB_2506261600ZZZZ_ARMY_PB_2026.xml:3440; xml_sha256=3f888d10c8bf631263a85d4c5a98126e58bc18042247b6d4f267595a2ccfa5e4; pdf=fy2026/a/Other Procurement - BA1 - Tactical & Support Vehicles.pdf; pdf_sha256=184228d828aab1d64819d05f7cd66f24de5e7e28fbeccacf89db50fa15078195; pdf_page=100; form=short; quote=""NOTE: This budget line D15610 is a continuation of an existing effort where prior year funds through FY 2020 are reflected under the previous budget line D15603."""
5661|1810N|,5661,1810N,,2017,2023,A1,7,ba2721fb8e0de634e9e4fad94f51973accf2f120c3e2245feaa134cbfc322b7e,312781,2017: Submarine Training Device Mods; 2018: Submarine Training Device Mods; 2019: Submarine Training Device Mods; 2020: Submarine Training Device Mods; 2021: Submarine Training Device Mods; 2022: Submarine Training Device Mods; 2023: Submarine Training Device Mods,Submarine Training Device Mods,1.00,7/7,R-DEC-ERA-SAME,same_program,,,,
5662|1810N|,5662,1810N,,2017,2018,H,2,faaf863f20c00da60baa6777da3d878dd7c5404e7434fed071c209ed35815f79,170379,2017: Training Device Mods; 2018: Training Device Mods,,,1/1,R-DEC-ERA-HISTORY,history_only,,,,
5664|1810N|,5664,1810N,,2017,2023,A1,7,0d70f8ebe0cfe15e373a1f275a5c9e2ecf49a7cab8625388f8d4dcb2bef630bb,767457,2017: Surface Training Equipment; 2018: Surface Training Equipment; 2019: Surface Training Equipment; 2020: Surface Training Equipment; 2021: Surface Training Equipment; 2022: Surface Training Equipment; 2023: Surface Training Equipment,Surface Training Equipment,1.00,7/7,R-DEC-ERA-SAME,same_program,,,,
5726K99200|2035A|,5726K99200,2035A,,2017,2023,A1,7,aa913c2b52836353a5c7b02ecf53a3a33abca72001d316debd274df32b4fceda,54839,2017: Computer Ballistics:  LHMBC XM32; 2018: Computer Ballistics:  LHMBC XM32; 2019: Computer Ballistics:  LHMBC XM32; 2020: Computer Ballistics:  LHMBC XM32; 2021: Computer Ballistics:  LHMBC XM32; 2022: Computer Ballistics:  LHMBC XM32; 2023: Computer Ballistics:  LHMBC XM32,Computer Ballistics:  LHMBC XM32,1.00,7/7,R-DEC-ERA-SAME,same_program,,,,
5731D15610|2035A|,5731D15610,2035A,,2021,2023,A1,3,423320628cf0ffb07cc85fb9e258d3e4eef13bd6d656a3f54ff68f07a691355e,884414,2021: JOINT LIGHT TACTICAL VEHICLE FAMILY OF VEHICL; 2022: JOINT LIGHT TACTICAL VEHICLE FAMILY OF VEHICL; 2023: JOINT LIGHT TACTICAL VEHICLE FAMILY OF VEHICL,JOINT LIGHT TACTICAL VEHICLE FAMILY OF VEHICL,1.00,3/3,R-DEC-ERA-SAME,same_program,,,,
5757A05111|2031A|,5757A05111,2031A,,2017,2023,A1,14,f5d79f0e37cd5770520bb392b73e6694f716b383dfab93c27bb5e9a2eed21c03,7318721,2017: AH-64 Apache Block IIIA Reman; 2018: AH-64 Apache Block IIIA Reman; 2019: AH-64 Apache Block IIIA Reman; 2020: AH-64 Apache Block IIIA Reman; 2021: AH-64 Apache Block IIIA Reman; 2022: AH-64 Apache Block IIIA Reman; 2023: AH-64 Apache Block IIIA Reman,AH-64 Apache Block IIIA Reman,1.00,7/7,R-DEC-ERA-SAME,same_program,,,,
5840A05133|2031A|,5840A05133,2031A,,2018,2023,H,10,45bbe72c5a003d35c6a653d161251d1a5eb33a060705ec2066ce34e855eef6d1,1936568,2018: AH-64 Apache Block IIIB New Build; 2019: AH-64 Apache Block IIIB New Build; 2020: AH-64 Apache Block IIIB New Build; 2021: AH-64 Apache Block IIIB New Build; 2022: AH-64 Apache Block IIIB New Build; 2023: AH-64 Apache Block IIIB New Build,,,3/5,R-DEC-ERA-HISTORY,history_only,,,,
5862D16001|2035A|,5862D16001,2035A,,2017,2023,A1,7,e58770b1cce20c0762f47b338ac27b0cd0c8246026a01851901d515e53d54041,52445,"2017: Truck, Dump, 20t (CCE); 2018: Truck, Dump, 20t (CCE); 2019: Truck, Dump, 20t (CCE); 2020: Truck, Dump, 20t (CCE); 2021: TRUCK, DUMP, 20T (CCE); 2022: TRUCK, DUMP, 20T (CCE); 2023: TRUCK, DUMP, 20T (CCE)","TRUCK, DUMP, 20T (CCE)",1.00,7/7,R-DEC-ERA-SAME,same_program,,,,
5900MA9200|2035A|,5900MA9200,2035A,,2017,2019,H,3,4558336954f602aecb1880751d464d7881ea191c728959e7b7c6e98760a2f737,37546,2017: Explosive Ordnance Disposal Eqpmt (EOD EQPMT); 2018: Explosive Ordnance Disposal Eqpmt (EOD EQPMT); 2019: Explosive Ordnance Disposal Eqpmt (EOD EQPMT),,,2/2,R-DEC-ERA-HISTORY,history_only,,,,
5912M60001|2035A|,5912M60001,2035A,,2017,2021,H,5,40e0c17ca5b176cc35b27048afa0ed8f27267ef20aa3efcaec5e4eb026d6e5c6,24209,2017: Remote Demolition Systems; 2018: Remote Demolition Systems; 2019: Remote Demolition Systems; 2020: Remote Demolition Systems; 2021: Remote Demolition Systems,,,4/4,R-DEC-ERA-HISTORY,history_only,,,,
5913R63610|2035A|,5913R63610,2035A,,2020,2023,A1,4,e568c290be1b22975de1e07ceae0440a12c76b76c06f25322c48b133e41096b7,247997,2020: Render Safe Sets kits Outfits; 2021: Render Safe Sets kits Outfits; 2022: Render Safe Sets kits Outfits; 2023: Render Safe Sets kits Outfits,Render Safe Sets kits Outfits,1.00,4/4,R-DEC-ERA-SAME,same_program,,,,
5943MA7700|2035A|,5943MA7700,2035A,,2017,2021,H,5,fa3f37b32fa15bc77da44a82fbf94df5be25fa095690fe2b98efb7cb64609cf6,16677,"2017: < $5m, Countermine Equipment; 2018: < $5m, Countermine Equipment; 2019: < $5m, Countermine Equipment; 2020: < $5m, Countermine Equipment; 2021: < $5M, Countermine Equipment",,,4/4,R-DEC-ERA-HISTORY,history_only,,,,
5960GA0050|2033A|,5960GA0050,2033A,,2017,2019,H,3,4aa7ddbe8b2835bc5322521aee4f83b7e506147eb21632e55fc8dccaa2db5436,50100,2017: Production Base Support (TCV-WTCV); 2018: Production Base Support (TCV-WTCV); 2019: Production Base Support (TCV-WTCV),,,1/2,R-DEC-ERA-HISTORY,history_only,,,,
5S41|1506N|,5S41,1506N,,2021,2023,A1,3,61c93cbc41a5079473e7cd3ff59dadeb5dcc902d5a6e2e045bf8573d65a20f5a,33323,2021: DON Other 3 (TTNT); 2022: DON Other 3 (TTNT); 2023: DON Other 3 (TTNT),DON Other 3 (TTNT),1.00,0/2,R-DEC-ERA-SAME,same_program,,,,
5S42|1506N|,5S42,1506N,,2020,2023,A1,4,394bcd52a52832bd0a985df4d5376977777c4d706339ef4d99d59325bd34033b,95971,2020: DON Other 4 (TTNT); 2021: DON Other 4 (TTNT); 2022: DON Other 4 (TTNT); 2023: DON Other 4 (TTNT),DON Other 4 (TTNT),1.00,0/3,R-DEC-ERA-SAME,same_program,,,,
5S61|1506N|,5S61,1506N,,2020,2023,A1,4,53cf8f9f21529c190e7da0378976155617a65d352a2b6e80dbbfcae03a39abe8,43146,2020: DON Other 6 (TTNT); 2021: DON Other 6 (TTNT); 2022: DON Other 6 (TTNT); 2023: DON Other 6 (TTNT),DON Other 6 (TTNT),1.00,0/3,R-DEC-ERA-SAME,same_program,,,,
6003|1810N|,6003,1810N,,2017,2023,A1,7,9be1aaf95ffe82a61e4848a6dcbe92e7a482976b1a9418782d9c866913827d66,35117,2017: Passenger Carrying Vehicles; 2018: Passenger Carrying Vehicles; 2019: Passenger Carrying Vehicles; 2020: Passenger Carrying Vehicles; 2021: Passenger Carrying Vehicles; 2022: Passenger Carrying Vehicles; 2023: Passenger Carrying Vehicles,Passenger Carrying Vehicles,1.00,7/7,R-DEC-ERA-SAME,same_program,,,,
6005C64400|2032A|,6005C64400,2032A,,2017,2023,A1,7,e34f13fe91f0ad29f03e36d502f970ed5bc83259224bb80264b38d1d4003ca71,4830325,2017: Guided MLRS Rocket (GMLRS); 2018: Guided MLRS Rocket (GMLRS); 2019: Guided MLRS Rocket (GMLRS); 2020: Guided MLRS Rocket (GMLRS); 2021: Guided MLRS Rocket (GMLRS); 2022: Guided MLRS Rocket (GMLRS); 2023: Guided MLRS Rocket (GMLRS),Guided MLRS Rocket (GMLRS),1.00,7/7,R-DEC-ERA-SAME,same_program,,,,
6007|1810N|,6007,1810N,,2017,2023,A1,7,7807e8cab12fb5969f33495ca25dda6f35154356df8a6d07a269b4dda4cf854a,23641,2017: General Purpose Trucks; 2018: General Purpose Trucks; 2019: General Purpose Trucks; 2020: General Purpose Trucks; 2021: General Purpose Trucks; 2022: General Purpose Trucks; 2023: General Purpose Trucks,General Purpose Trucks,1.00,7/7,R-DEC-ERA-SAME,same_program,,,,
6024|1810N|,6024,1810N,,2017,2023,A1,7,6ebf2f15699eca6a243bd84124314245faf4088342a2a66907050c2ab45824f8,176305,2017: Construction & Maintenance Equip; 2018: Construction & Maintenance Equip; 2019: Construction & Maintenance Equip; 2020: Construction & Maintenance Equip; 2021: Construction & Maintenance Equip; 2022: Construction & Maintenance Equip; 2023: Construction & Maintenance Equip,Construction & Maintenance Equip,1.00,7/7,R-DEC-ERA-SAME,same_program,,,,
6027|1810N|,6027,1810N,,2017,2023,A1,7,c6d03009fccb784f6f02922b7f6f29456d498eea750857cd19be7d41feea2f50,85060,2017: Fire Fighting Equipment; 2018: Fire Fighting Equipment; 2019: Fire Fighting Equipment; 2020: Fire Fighting Equipment; 2021: Fire Fighting Equipment; 2022: Fire Fighting Equipment; 2023: Fire Fighting Equipment,Fire Fighting Equipment,1.00,7/7,R-DEC-ERA-SAME,same_program,,,,
6028|1810N|,6028,1810N,,2017,2023,A1,7,4615548984fdeb30eb6c4833c82d7a1b710cdee70302814758d36681d51520b8,130256,2017: Tactical Vehicles; 2018: Tactical Vehicles; 2019: Tactical Vehicles; 2020: Tactical Vehicles; 2021: Tactical Vehicles; 2022: Tactical Vehicles; 2023: Tactical Vehicles,Tactical Vehicles,1.00,7/7,R-DEC-ERA-SAME,same_program,,,,
6033|1810N|,6033,1810N,,2017,2021,A1,5,174321d83610c2ac5f20044a9feb96d46f10c288e7f1592f5ed2b6e510e689b0,47213,2017: Amphibious Equipment; 2018: Amphibious Equipment; 2019: Amphibious Equipment; 2020: Amphibious Equipment; 2021: Amphibious Equipment,Amphibious Equipment,1.00,4/4,R-DEC-ERA-SAME,same_program,,,,
6038E46900|2034A|,6038E46900,2034A,,2017,2023,A1,7,07adc141c30897015596ed04035829553de1a00fad5462d00d54a9ab040aa890,94723,"2017: Signals, All Types; 2018: Signals, All Types; 2019: Signals, All Types; 2020: Signals, All Types; 2021: Signals, All Types; 2022: Signals, All Types; 2023: Signals, All Types","Signals, All Types",1.00,7/7,R-DEC-ERA-SAME,same_program,,,,
6054|1109N|,6054,1109N,,2017,2023,H,7,d244c934c99d7acfed3f4598dfae80dc5fee1aff875c7b994549ca7ef8775750,3944,2017: Environmental Control Equip Assort; 2018: Environmental Control Equip Assort; 2019: Environmental Control Equip Assort; 2020: Environmental Control Equip Assort; 2021: Environmental Control Equip Assort; 2022: Environmental Control Equip Assort; 2023: Environmental Control Equip Assort,,,6/6,R-DEC-ERA-HISTORY,history_only,,,,
6058|1810N|,6058,1810N,,2017,2023,A1,7,012b16c18c97728cd3913e9140d9539fe66d3628d975087a6acb19f08346c6ff,29005,2017: Pollution Control Equipment; 2018: Pollution Control Equipment; 2019: Pollution Control Equipment; 2020: Pollution Control Equipment; 2021: Pollution Control Equipment; 2022: Pollution Control Equipment; 2023: Pollution Control Equipment,Pollution Control Equipment,1.00,6/7,R-DEC-ERA-SAME,same_program,,,,
6060C65405|2032A|,6060C65405,2032A,,2017,2023,A1,7,2b083483d2fca201a07e9f283f4d87db90510212ea5b0f92170293eaba380d60,189259,2017: MLRS Reduced Range Practice Rockets (RRPR); 2018: MLRS Reduced Range Practice Rockets (RRPR); 2019: MLRS Reduced Range Practice Rockets (RRPR); 2020: MLRS Reduced Range Practice Rockets (RRPR); 2021: MLRS Reduced Range Practice Rockets (RRPR); 2022: MLRS Reduced Range Practice Rockets (RRPR); 2023: MLRS Reduced Range Practice Rockets (RRPR),MLRS Reduced Range Practice Rockets (RRPR),1.00,6/7,R-DEC-ERA-SAME,same_program,,,,
6060|1810N|,6060,1810N,,2017,2023,A1+A2,7,fe22f2ba3ea07154c166370880ac18692d8352389fadca4fe565ae2adb9c06b8,203260,2017: Items Under $5 Million; 2018: Items Under $5 Million; 2019: Items Under $5 Million; 2020: Items Under $5 Million; 2021: Items less than $5 Million; 2022: Items less than $5 Million; 2023: Items less than $5 Million,Items less than $5 Million,0.50,7/7,owner-batch,,,,,
6075|1810N|,6075,1810N,,2017,2023,A1,7,e464dcb915c21c4efd38434579ac453b56cbfb6bc3f7f9c5b1459d55fad6661b,8112,2017: Physical Security Vehicles; 2018: Physical Security Vehicles; 2019: Physical Security Vehicles; 2020: Physical Security Vehicles; 2021: Physical Security Vehicles; 2022: Physical Security Vehicles; 2023: Physical Security Vehicles,Physical Security Vehicles,1.00,7/7,R-DEC-ERA-SAME,same_program,,,,
60|0300D|,60,0300D,,2017,2023,H,7,9e1d23a6142d1c6b0cebf86bf810aadfd5dba9d6250d7235d05e2c3b4427e71e,76599,2017: Information Systems Security Program (ISSP); 2018: Information Systems Security Program (ISSP); 2019: Information Systems Security Program (ISSP); 2020: Information Systems Security Program (ISSP); 2021: Information Systems Security Program (ISSP); 2022: Information Systems Security Program (ISSP); 2023: Information Systems Security Program (ISSP),,,5/6,R-DEC-ERA-HISTORY,history_only,,,,
6120|1507N|,6120,1507N,,2017,2023,A1,7,bfe5e3ef9b3ab50f12e07e7977ffd10fff109bf668badb7b5836a26ba021621b,783036,2017: Spares and Repair Parts; 2018: Spares and Repair Parts; 2019: Spares and Repair Parts; 2020: Spares and Repair Parts; 2021: Spares and Repair Parts; 2022: Spares and Repair Parts; 2023: Spares and Repair Parts,Spares and Repair Parts,1.00,7/7,R-DEC-ERA-SAME,same_program,,,,
6200C02901|2032A|,6200C02901,2032A,,2018,2023,A1,6,5628871ff4ad1f7ea75ca6317379dff53289d3fe6ee828a759beed00196d25d4,455414,2018: High Mobility Artillery Rocket System (HIMARS; 2019: High Mobility Artillery Rocket System (HIMARS; 2020: High Mobility Artillery Rocket System (HIMARS; 2021: High Mobility Artillery Rocket System (HIMARS; 2022: High Mobility Artillery Rocket System (HIMARS; 2023: High Mobility Artillery Rocket System (HIMARS,High Mobility Artillery Rocket System (HIMARS,1.00,4/6,R-DEC-ERA-SAME,same_program,,,,
6230MX0600|2035A|,6230MX0600,2035A,,2020,2023,H,4,c250ff4bcc5fa3b56abf5f95f31826c8618a632926cabb330f69ba2fbb54ea43,19045,2020: Smoke & Obscurant Family: SOF (NON AAO ITEM); 2021: Smoke & Obscurant Family: SOF (Non AAO Item); 2022: Smoke & Obscurant Family: SOF (Non AAO Item); 2023: Smoke & Obscurant Family: SOF (Non AAO Item),,,3/3,R-DEC-ERA-HISTORY,history_only,,,,
6274|1109N|,6274,1109N,,2017,2018,H,2,cf5e06d2e78d15291e9fa4f10a6bcfef1deb4f0e90fd076a58eb5fe469d9346f,2197,2017: Bulk Liquid Equipment; 2018: Bulk Liquid Equipment,,,1/1,R-DEC-ERA-HISTORY,history_only,,,,
6277|1109N|,6277,1109N,,2017,2023,A1,7,8271f911677d444c9faa36f10937d7761bf92e60bf22a020ee6191628341ebcf,5843,2017: Tactical Fuel Systems; 2018: Tactical Fuel Systems; 2019: Tactical Fuel Systems; 2020: Tactical Fuel Systems; 2021: Tactical Fuel Systems; 2022: Tactical Fuel Systems; 2023: Tactical Fuel Systems,Tactical Fuel Systems,1.00,7/7,R-DEC-ERA-SAME,same_program,,,,
6366|1109N|,6366,1109N,,2017,2023,A1,7,d21cc83971475a43141abdf54c42a88306f74908c62e47f9d852fb7758b491dd,104628,2017: Power Equipment Assorted; 2018: Power Equipment Assorted; 2019: Power Equipment Assorted; 2020: Power Equipment Assorted; 2021: Power Equipment Assorted; 2022: Power Equipment Assorted; 2023: Power Equipment Assorted,Power Equipment Assorted,1.00,7/7,R-DEC-ERA-SAME,same_program,,,,
6380AZ3110|2031A|,6380AZ3110,2031A,,2017,2023,A1,7,d2fbbda6576a57660c60eece95d4d15b6cb16c4ffd82f1f1c1d5f21bcdc15a4f,300975,2017: Aircrew Integrated Systems; 2018: Aircrew Integrated Systems; 2019: Aircrew Integrated Systems; 2020: Aircrew Integrated Systems; 2021: Aircrew Integrated Systems; 2022: Aircrew Integrated Systems; 2023: Aircrew Integrated Systems,Aircrew Integrated Systems,1.00,7/7,R-DEC-ERA-SAME,same_program,,,,
6406GA0700|2033A|,6406GA0700,2033A,,2017,2023,H,7,bcf53e4066c966bb61085915f128f7a417ea59ef493828eed22dac4c0c6ee9b4,3421472,2017: M1 Abrams Tank (MOD); 2018: M1 Abrams Tank (MOD); 2019: M1 Abrams Tank (MOD); 2020: M1 Abrams Tank (MOD); 2021: M1 Abrams Tank (MOD); 2022: M1 Abrams Tank (MOD); 2023: M1 Abrams Tank (MOD),,,6/6,R-DEC-ERA-HISTORY,history_only,,,,
6438|1109N|,6438,1109N,,2017,2023,A1,7,dc9db342400f5b5c3ab795c4e991e4c2fa49dae06ad0bac93d688a6b5a890758,172954,2017: Physical Security Equipment; 2018: Physical Security Equipment; 2019: Physical Security Equipment; 2020: Physical Security Equipment; 2021: Physical Security Equipment; 2022: Physical Security Equipment; 2023: Physical Security Equipment,Physical Security Equipment,1.00,7/7,R-DEC-ERA-SAME,same_program,,,,
6441|1109N|,6441,1109N,,2017,2018,H,2,15174505f3840146b07f768fea6086b15f5e777387c131299bd9eae3b1ed7e41,3644,2017: Garrison Mobile Engineer Equipment (GMEE); 2018: Garrison Mobile Engineer Equipment (GMEE),,,1/1,R-DEC-ERA-HISTORY,history_only,,,,
6445M08100|2035A|,6445M08100,2035A,,2017,2018,H,2,10efad9575598ae0e222bb2868046b640cb83436037a61881a8a024de6853b83,1651,"2017: Plant, Asphalt Mixing; 2018: Plant, Asphalt Mixing",,,1/1,R-DEC-ERA-HISTORY,history_only,,,,
6450B90000|2035A|,6450B90000,2035A,,2017,2019,H,3,ac73b4e1b55e0be0f0c09e563ae61285e140e2394fa1a579cdaa5d17c5ed8e22,95351,2017: Joint Tactical Radio System; 2018: Joint Tactical Radio System; 2019: Joint Tactical Radio System,,,2/2,R-DEC-ERA-HISTORY,history_only,,,,
6458B95004|2035A|,6458B95004,2035A,,2017,2023,A1,7,d2890b06a95b484c55411a0b931178980487d3d073f82472fc94b89a7f429491,1997122,2017: Handheld Manpack Small Form Fit (HMS); 2018: Handheld Manpack Small Form Fit (HMS); 2019: Handheld Manpack Small Form Fit (HMS); 2020: Handheld Manpack Small Form Fit (HMS); 2021: Handheld Manpack Small Form Fit (HMS); 2022: Handheld Manpack Small Form Fit (HMS); 2023: Handheld Manpack Small Form Fit (HMS),Handheld Manpack Small Form Fit (HMS),1.00,7/7,R-DEC-ERA-SAME,same_program,,,,
6462|1109N|,6462,1109N,,2017,2017,H,1,8986ca1d58fcf798d2a1e40275afbb2c28408bd227c5f36527e2310b808a579c,11746,2017: Material Handling Equip,,,0/0,R-DEC-ERA-HISTORY,history_only,,,,
6468|1109N|,6468,1109N,,2017,2017,H,1,2ac79233aa273d9723e12240238cf95c25db8146a06cd75b1042eb668370cd36,108,2017: First Destination Transportation,,,0/0,R-DEC-ERA-HISTORY,history_only,,,,
6472C98510|2032A|,6472C98510,2032A,,2020,2022,A1,3,ce7f036bb2d60544bdecc67ae0eebd8ba72bad0ab47f8bda61b66b0853423eaf,300783,2020: Army Tactical Msl Sys (ATACMS) - Sys Sum; 2021: ARMY TACTICAL MSL SYS (ATACMS) - SYS SUM; 2022: ARMY TACTICAL MSL SYS (ATACMS) - SYS SUM,ARMY TACTICAL MSL SYS (ATACMS) - SYS SUM,1.00,2/2,R-DEC-ERA-SAME,same_program,,,,
6500GA0750|2033A|,6500GA0750,2033A,,2017,2023,A1,7,f5b6c81e8912c9da93cf5d6fe4046117e167887dad27be14e65c29f04c5e9a43,5726473,2017: Abrams Upgrade Program; 2018: Abrams Upgrade Program; 2019: Abrams Upgrade Program; 2020: Abrams Upgrade Program; 2021: Abrams Upgrade Program; 2022: Abrams Upgrade Program; 2023: Abrams Upgrade Program,Abrams Upgrade Program,1.00,7/7,R-DEC-ERA-SAME,same_program,,,,
6506B51001|2035A|,6506B51001,2035A,,2017,2019,H,3,d4b2cea8d62f06ec783e7e21af3b3e243b01481e63e4e4f34ecb86841f86f275,57474,2017: Mid-Tier Networking Vehicular Radio (MNVR); 2018: Mid-Tier Networking Vehicular Radio (MNVR); 2019: Mid-Tier Networking Vehicular Radio (MNVR),,,2/2,R-DEC-ERA-HISTORY,history_only,,,,
6518|1109N|,6518,1109N,,2017,2023,A1,7,d8e70ebc2c8b274714f0edb5d3c0e784ebc3cbe742b81b91da61156f732bc59e,49680,2017: Amphibious Support Equipment; 2018: Amphibious Support Equipment; 2019: Amphibious Support Equipment; 2020: Amphibious Support Equipment; 2021: Amphibious Support Equipment; 2022: Amphibious Support Equipment; 2023: Amphibious Support Equipment,Amphibious Support Equipment,1.00,7/7,R-DEC-ERA-SAME,same_program,,,,
6520|1109N|,6520,1109N,,2017,2023,A1,7,3354e100228a9851ce69dd0b7da657ed0ec502412baa40dd96d4b77c805b9397,291748,2017: EOD Systems; 2018: EOD Systems; 2019: EOD Systems; 2020: EOD Systems; 2021: EOD Systems; 2022: EOD Systems; 2023: EOD Systems,EOD Systems,1.00,7/7,R-DEC-ERA-SAME,same_program,,,,
6522|1109N|,6522,1109N,,2019,2023,A1,5,77a0c4b2baaefacac1fff4fb3c32ccf2ece66506d999418a7cc47125b35e5154,40808,2019: Field Medical Equipment; 2020: Field Medical Equipment; 2021: Field Medical Equipment; 2022: Field Medical Equipment; 2023: Field Medical Equipment,Field Medical Equipment,1.00,5/5,R-DEC-ERA-SAME,same_program,,,,
6532|1109N|,6532,1109N,,2017,2023,A1,7,f18137c9adce40d9620616e2c79de1a2b168c0d62acc43fe557c1896528bed4f,420431,2017: Training Devices; 2018: Training Devices; 2019: Training Devices; 2020: Training Devices; 2021: Training Devices; 2022: Training Devices; 2023: Training Devices,Training Devices,1.00,7/7,R-DEC-ERA-SAME,same_program,,,,
6543|1109N|,6543,1109N,,2017,2018,H,2,c11dd269201a4e9bc47b3b3e1f94414ec09451ff7e14e89ebb71d8ee1cb7de57,3010,2017: Container Family; 2018: Container Family,,,1/1,R-DEC-ERA-HISTORY,history_only,,,,
6544|1109N|,6544,1109N,,2017,2023,A1,7,f92e2b23a43fd3086d67f219f147f9ae78d61c4d7ee5bebe8cde69ded5152427,214107,2017: Family of Construction Equipment; 2018: Family of Construction Equipment; 2019: Family of Construction Equipment; 2020: Family of Construction Equipment; 2021: Family of Construction Equipment; 2022: Family of Construction Equipment; 2023: Family of Construction Equipment,Family of Construction Equipment,1.00,7/7,R-DEC-ERA-SAME,same_program,,,,
6545|1109N|,6545,1109N,,2017,2023,A1+R1,7,140054b72f6b80cbf27ca2d739e689ca2748fd6a8370d27566d6090fb15e7c23,31117,2017: Family of Internally Transportable Veh (ITV); 2018: Family of Internally Transportable Veh (ITV); 2019: Family of Internally Transportable Veh (ITV); 2020: Ultra-Light Tactical Vehicle (ULTV); 2021: Ultra-Light Tactical Vehicle (ULTV); 2022: Ultra-Light Tactical Vehicle (ULTV); 2023: Ultra-Light Tactical Vehicle (ULTV),Ultra-Light Tactical Vehicle (ULTV),0.00,6/7,,,,,,
6552C67500|2032A|,6552C67500,2032A,,2017,2023,A1,7,2dddb7c3351b4b891fce9f1779a14a3560b6ac9f4c153af5fa002f70fa18a87c,1391604,2017: MLRS Mods; 2018: MLRS Mods; 2019: MLRS Mods; 2020: MLRS Mods; 2021: MLRS Mods; 2022: MLRS Mods; 2023: MLRS Mods,MLRS Mods,1.00,7/7,R-DEC-ERA-SAME,same_program,,,,
6580C67501|2032A|,6580C67501,2032A,,2017,2023,A1,7,b631357f2b9088b9126ccc9c450917b8f4b9fb91680a6ee1a5c52fff74c524c1,49329,2017: Himars Modifications; 2018: Himars Modifications; 2019: Himars Modifications; 2020: Himars Modifications; 2021: HIMARS Modifications; 2022: HIMARS Modifications; 2023: HIMARS Modifications,HIMARS Modifications,1.00,6/7,R-DEC-ERA-SAME,same_program,,,,
6580G02200|2033A|,6580G02200,2033A,,2017,2023,A1,7,4ebf633764db2b3c42358f659ee22940b92ab289f5dfb6cf1e3edab8e04afd4c,148313,2017: Mortar Systems; 2018: Mortar Systems; 2019: Mortar Systems; 2020: Mortar Systems; 2021: Mortar Systems; 2022: Mortar Systems; 2023: Mortar Systems,Mortar Systems,1.00,7/7,R-DEC-ERA-SAME,same_program,,,,
6600E80100|2034A|,6600E80100,2034A,,2017,2023,A1,7,9b3f0eaf82318a44cc2ca1900bfd56ae0b3bb3ef18bdbe43b7173297b7203372,835791,2017: Proj 155mm Extended Range M982; 2018: Proj 155mm Extended Range M982; 2019: Proj 155mm Extended Range M982; 2020: Proj 155mm Extended Range M982; 2021: Proj 155mm Extended Range M982; 2022: Proj 155mm Extended Range M982; 2023: Proj 155mm Extended Range M982,Proj 155mm Extended Range M982,1.00,5/7,R-DEC-ERA-SAME,same_program,,,,
6635F90100|2034A|,6635F90100,2034A,,2023,2023,A1,1,cfa0f5a502d2828b9c2568913eadce28fc560593eb166b4ef11edf2917df9719,0,2023: PRECISION ARTILLERY MUNITIONS,PRECISION ARTILLERY MUNITIONS,1.00,1/1,R-DEC-ERA-SAME,same_program,,,,
6650NA0170|2035A|,6650NA0170,2035A,,2017,2021,H,5,4f60e4cd126b99ec630dd87d8c2aa07236114d32735b81599e74c24af651c80b,173666,2017: Close Combat Tactical Trainer; 2018: Close Combat Tactical Trainer; 2019: Close Combat Tactical Trainer; 2020: Close Combat Tactical Trainer; 2021: Close Combat Tactical Trainer,,,4/4,R-DEC-ERA-HISTORY,history_only,,,,
6652GM1900|2033A|,6652GM1900,2033A,,2022,2023,A1,2,22315bd739f8e149fb7923ebcc206450c5c488c88f98f60a0a5678131ed647ae,0,2022: VEHICLE PROTECTION SYSTEMS (VPS); 2023: VEHICLE PROTECTION SYSTEMS (VPS),VEHICLE PROTECTION SYSTEMS (VPS),1.00,2/2,R-DEC-ERA-SAME,same_program,,,,
6659G08100|2033A|,6659G08100,2033A,,2023,2023,A1,1,edd872979517dfea3d6acd267a6d556b1f0300dd10423b2f517e2e87972ed3ec,0,2023: LOCATION & AZIMUTH DETERMINATION SYSTEM (LADS,LOCATION & AZIMUTH DETERMINATION SYSTEM (LADS,1.00,1/1,R-DEC-ERA-SAME,same_program,,,,
6670|1109N|,6670,1109N,,2017,2023,A1,7,49e5f0501386d8ec01ca4d0cfe1d88f399a38f41ac1c10b1cfcc4c5b666d1a51,58510,2017: Items Less Than $5 Million; 2018: Items Less Than $5 Million; 2019: Items Less Than $5 Million; 2020: Items Less Than $5 Million; 2021: Items Less Than $5 Million; 2022: Items Less Than $5 Million; 2023: Items Less Than $5 Million,Items Less Than $5 Million,1.00,7/7,R-DEC-ERA-SAME,same_program,,,,
6693|1109N|,6693,1109N,,2017,2019,H,3,578515c9b02ab330be67b1fb221d8f6ee1bb3808560e10c9ac834ef3835e8a04,700,2017: Cancelled Account Adjustment (M); 2018: Cancelled Account Adjustment (M); 2019: Cancelled Account Adjustment (M),,,2/2,R-DEC-ERA-HISTORY,history_only,,,,
6771AA0005|2031A|,6771AA0005,2031A,,2017,2023,A1,14,8026e680c908d0a556f5ce23feb6694a3f885714c48a9d65b52133ba50b53872,9307504,2017: UH-60 Blackhawk M Model (MYP); 2018: UH-60 Blackhawk M Model (MYP); 2019: UH-60 Blackhawk M Model (MYP); 2020: UH-60 Blackhawk M Model (MYP); 2021: UH-60 Blackhawk M Model (MYP); 2022: UH-60 Blackhawk M Model (MYP); 2023: UH-60 Blackhawk M Model (MYP),UH-60 Blackhawk M Model (MYP),1.00,7/7,R-DEC-ERA-SAME,same_program,,,,
6773A05009|2031A|,6773A05009,2031A,,2017,2023,A1+A2,7,d1e8d0d39382b425df8bde2a0fd8c5349d9d9ec0f6d8b2a64065a1743101f550,674185,2017: UH-60 Black Hawk A and L Models; 2018: UH-60 Black Hawk A and L Models; 2019: UH-60 Black Hawk A and L Models; 2020: UH-60 Black Hawk L and V Models; 2021: UH-60 Black Hawk L and V Models; 2022: UH-60 Black Hawk L and V Models; 2023: UH-60 Black Hawk L and V Models,UH-60 Black Hawk L and V Models,0.78,7/7,owner-batch,,,,,
6775A05101|2031A|,6775A05101,2031A,,2017,2023,A1,14,b3c92c0bd67489d05f4cd82c717c519a47ec16637b32d3d273a7e516931ff6fa,3878343,2017: CH-47 Helicopter; 2018: CH-47 Helicopter; 2019: CH-47 Helicopter; 2020: CH-47 Helicopter; 2021: CH-47 Helicopter; 2022: CH-47 Helicopter; 2023: CH-47 Helicopter,CH-47 Helicopter,1.00,6/7,R-DEC-ERA-SAME,same_program,,,,
6780E25500|2034A|,6780E25500,2034A,,2017,2023,A1,7,add5021ff9c63394f8c479007ffc98650e83f20eaa1d36b4bdfa8d879b2ec810,664748,"2017: 120MM Mortar, All Types; 2018: 120MM Mortar, All Types; 2019: 120MM Mortar, All Types; 2020: 120MM Mortar, All Types; 2021: 120MM Mortar, All Types; 2022: 120MM Mortar, All Types; 2023: 120MM Mortar, All Types","120MM Mortar, All Types",1.00,7/7,R-DEC-ERA-SAME,same_program,,,,
6800NA0173|2035A|,6800NA0173,2035A,,2017,2022,H,6,735972b9d9e5149dcbb4e711c5d36104b82477eaeeb1181c68816478f04ee636,146216,2017: Aviation Combined Arms Tactical Trainer; 2018: Aviation Combined Arms Tactical Trainer; 2019: Aviation Combined Arms Tactical Trainer; 2020: Aviation Combined Arms Tactical Trainer; 2021: Aviation Combined Arms Tactical Trainer; 2022: Aviation Combined Arms Tactical Trainer,,,5/5,R-DEC-ERA-HISTORY,history_only,,,,
6818AA0050|2031A|,6818AA0050,2031A,,2017,2023,A1,7,44a05e883ca8116116d5b3873fad8f991d972aff3c7c1b516fd39b1510745a52,473989,2017: Air Traffic Control; 2018: Air Traffic Control; 2019: Air Traffic Control; 2020: Air Traffic Control; 2021: Air Traffic Control; 2022: Air Traffic Control; 2023: Air Traffic Control,Air Traffic Control,1.00,7/7,R-DEC-ERA-SAME,same_program,,,,
6860NA0176|2035A|,6860NA0176,2035A,,2017,2023,A1,7,483f8f0e03f1709e0897dd862373289951541cd0b85a8d9360e3bf232138c7b6,80871,2017: Gaming Technology In Support of Army Training; 2018: Gaming Technology In Support of Army Training; 2019: Gaming Technology In Support of Army Training; 2020: Gaming Technology In Support of Army Training; 2021: Gaming Technology In Support of Army Training; 2022: Gaming Technology In Support of Army Training; 2023: Gaming Technology In Support of Army Training,Gaming Technology In Support of Army Training,1.00,7/7,R-DEC-ERA-SAME,same_program,,,,
6866D15500|2035A|,6866D15500,2035A,,2017,2023,A1,7,d5539ef0237b7fc53edf6c314b22f34f3ced4bfcab35b86dc56f6ebb2a63ed37,1561210,2017: Family of Medium Tactical Veh (FMTV); 2018: Family of Medium Tactical Veh (FMTV); 2019: Family of Medium Tactical Veh (FMTV); 2020: Family of Medium Tactical Veh (FMTV); 2021: Family Of Medium Tactical Veh (FMTV); 2022: Family Of Medium Tactical Veh (FMTV); 2023: Family Of Medium Tactical Veh (FMTV),Family Of Medium Tactical Veh (FMTV),1.00,5/7,R-DEC-ERA-SAME,same_program,,,,
6870C88001|2032A|,6870C88001,2032A,,2017,2023,A1,7,35d0d275fc9c4a088dd4423a03fc76f03d6d558db9ea99c8ea2a89a9d804a658,231758,2017: LETHAL MINIATURE AERIAL MISSILE SYSTEM (LMAMS; 2018: LETHAL MINIATURE AERIAL MISSILE SYSTEM (LMAMS; 2019: LETHAL MINIATURE AERIAL MISSILE SYSTEM (LMAMS; 2020: LETHAL MINIATURE AERIAL MISSILE SYSTEM (LMAMS; 2021: LETHAL MINIATURE AERIAL MISSILE SYSTEM (LMAMS; 2022: LETHAL MINIATURE AERIAL MISSILE SYSTEM (LMAMS; 2023: LETHAL MINIATURE AERIAL MISSILE SYSTEM (LMAMS,LETHAL MINIATURE AERIAL MISSILE SYSTEM (LMAMS,1.00,6/7,R-DEC-ERA-SAME,same_program,,,,
6880D15620|2035A|,6880D15620,2035A,,2021,2023,A1,3,9ea1a6becf05ab8f78630cd30b7d6b9c3b71a95c25ca4b2850db9d16b4eaff10,9249,2021: Family of Cold Weather All-Terrain Vehicle (C; 2022: Family of Cold Weather All-Terrain Vehicle (C; 2023: Family of Cold Weather All-Terrain Vehicle (C,Family of Cold Weather All-Terrain Vehicle (C,1.00,3/3,R-DEC-ERA-SAME,same_program,,,,
6948B22603|2035A|,6948B22603,2035A,,2017,2023,H,7,01dac90c8c58b5ff18bfa779ab23d93444d613ca4bfdfe1bc3eed9f6023f975c,87712,"2017: Radio Terminal Set, Mids Lvt(2); 2018: Radio Terminal Set, Mids Lvt(2); 2019: Radio Terminal Set, Mids Lvt(2); 2020: Radio Terminal Set, Mids Lvt(2); 2021: Radio Terminal Set, MIDS LVT(2); 2022: Radio Terminal Set, MIDS LVT(2); 2023: Radio Terminal Set, MIDS LVT(2)",,,6/6,R-DEC-ERA-HISTORY,history_only,,,,
6949AA0480|2031A|,6949AA0480,2031A,,2017,2023,A1,7,f332466def6e651fa6e0f2a45101cda824cd72ba4178a0493ab5017e632a12ab,250453,2017: Utility Helicopter Mods; 2018: Utility Helicopter Mods; 2019: Utility Helicopter Mods; 2020: Utility Helicopter Mods; 2021: Utility Helicopter Mods; 2022: Utility Helicopter Mods; 2023: Utility Helicopter Mods,Utility Helicopter Mods,1.00,6/7,R-DEC-ERA-SAME,same_program,,,,
7000D15800|2035A|,7000D15800,2035A,,2017,2023,A1,7,c76e4ec4020c9ad9213c1a63c8f255d923adce0f3d682bd30c322ff9121622fc,114300,2017: Firetrucks & Associated Firefighting Equip; 2018: Firetrucks & Associated Firefighting Equip; 2019: Firetrucks & Associated Firefighting Equip; 2020: Firetrucks & Associated Firefighting Equip; 2021: Firetrucks & Associated Firefighting Equip; 2022: Firetrucks & Associated Firefighting Equip; 2023: Firetrucks & Associated Firefighting Equip,Firetrucks & Associated Firefighting Equip,1.00,7/7,R-DEC-ERA-SAME,same_program,,,,
7000|1109N|,7000,1109N,,2017,2023,A1,7,7ccd8efe5f755641656884167780e40de4f8f1146ef6fbb6d5c62bded3443f70,170857,2017: Spares and Repair Parts; 2018: Spares and Repair Parts; 2019: Spares and Repair Parts; 2020: Spares and Repair Parts; 2021: Spares and Repair Parts; 2022: Spares and Repair Parts; 2023: Spares and Repair Parts,Spares and Repair Parts,1.00,7/7,R-DEC-ERA-SAME,same_program,,,,
7001SA1000|0300D|,7001SA1000,0300D,,2017,2023,A1,7,2ef4c597297fe7f680aed698749e7b76381ad1c81336d559f36429e7c3060653,1131125,2017: Chemical Biological Situational Awareness; 2018: Chemical Biological Situational Awareness; 2019: Chemical Biological Situational Awareness; 2020: Chemical Biological Situational Awareness; 2021: Chemical Biological Situational Awareness; 2022: Chemical Biological Situational Awareness; 2023: Chemical Biological Situational Awareness,Chemical Biological Situational Awareness,1.00,7/7,R-DEC-ERA-SAME,same_program,,,,
7015|1810N|,7015,1810N,,2017,2018,H,2,904af1ab12742b418412d4024d0d2665c0b176c817e0fd132d85fcfc9f82b427,30598,2017: Materials Handling Equipment; 2018: Materials Handling Equipment,,,1/1,R-DEC-ERA-HISTORY,history_only,,,,
7025|1810N|,7025,1810N,,2017,2023,A1,7,5e39e1e21975843ef42ca25f79140ee9581ec0ad2afa35c89bb38b998f0635d6,93078,2017: Supply Equipment; 2018: Supply Equipment; 2019: Supply Equipment; 2020: Supply Equipment; 2021: Supply Equipment; 2022: Supply Equipment; 2023: Supply Equipment,Supply Equipment,1.00,7/7,R-DEC-ERA-SAME,same_program,,,,
7050|1810N|,7050,1810N,,2017,2018,H,2,e83999e5b4a0d8d47770538d63165c19c080d2ac58a26e2d1205e404a3705314,17143,2017: Other Supply Support Equipment; 2018: Other Supply Support Equipment,,,1/1,R-DEC-ERA-HISTORY,history_only,,,,
7054G02100|2033A|,7054G02100,2033A,,2017,2023,A1,7,db00f6bc6897473f97d85b5e2ef93c87abb8ee3c33da795030236457efaab210,36866,2017: Mortar Modification; 2018: Mortar Modification; 2019: Mortar Modification; 2020: Mortar Modification; 2021: Mortar Modification; 2022: Mortar Modification; 2023: Mortar Modification,Mortar Modification,1.00,7/7,R-DEC-ERA-SAME,same_program,,,,
7066|1810N|,7066,1810N,,2017,2023,A1,7,6842c5b537360b04f796dace490e0d16f5bbdeee3bc64630a5462b84fea30403,40057,2017: First Destination Transportation; 2018: First Destination Transportation; 2019: First Destination Transportation; 2020: First Destination Transportation; 2021: First Destination Transportation; 2022: First Destination Transportation; 2023: First Destination Transportation,First Destination Transportation,1.00,7/7,R-DEC-ERA-SAME,same_program,,,,
7069|1810N|,7069,1810N,,2017,2023,A1,7,a9b87956e59cee5a9c54592ec866be66923cf26d660d6a88b2052b58f0499951,2924725,2017: Special Purpose Supply Systems; 2018: Special Purpose Supply Systems; 2019: Special Purpose Supply Systems; 2020: Special Purpose Supply Systems; 2021: Special Purpose Supply Systems; 2022: Special Purpose Supply Systems; 2023: Special Purpose Supply Systems,Special Purpose Supply Systems,1.00,7/7,R-DEC-ERA-SAME,same_program,,,,
7153C50016|2032A|,7153C50016,2032A,,2017,2022,H,6,4fbc32604e19366a0ce0810c0a70f257730f81f278fc4f78074656f898d6fad6,716176,2017: Lower Tier Air and Missile Defense (AMD); 2018: Lower Tier Air and Missile Defense (AMD); 2019: Lower Tier Air and Missile Defense (AMD); 2020: System Integration and Test Procurement; 2021: System Integration and Test Procurement; 2022: System Integration and Test Procurement,,,5/5,owner-batch,,,,,
7180G85100|2033A|,7180G85100,2033A,,2017,2019,H,3,df65c139bb3f9d212a83e93a4790c5c66b750bdfa7a3e5160d3c853840b33adc,682264,2017: Stryker Vehicle; 2018: Stryker Vehicle; 2019: Stryker Vehicle,,,2/2,R-DEC-ERA-HISTORY,history_only,,,,
7181G80820|2033A|,7181G80820,2033A,,2022,2023,A1,2,28754aa558a6d4896c339df8f8e88380335578046c8c425a63fea7bf43e3ea65,0,2022: Mobile Protected Firepower; 2023: Mobile Protected Firepower,M10 BOOKER,1.00,2/2,R-DEC-ERA-SAME,same_program,,,,
7264B24400|2035A|,7264B24400,2035A,,2022,2023,A1,2,67016e81f2018d291577b86a11b068c99402e7d0b133de571b1f97022f753f45,0,2022: ARMY LINK 16 SYSTEMS; 2023: ARMY LINK 16 SYSTEMS,ARMY LINK 16 SYSTEMS,1.00,2/2,R-DEC-ERA-SAME,same_program,,,,
7265C12000|2032A|,7265C12000,2032A,,2022,2023,A1,3,ef770ae1b631796ecd2d83aa402cf6f5c46d5ce768b4ab1832b0a58b9b797ad7,0,2022: Lower Tier Air and Missile Defense (AMD)  Sen; 2023: Lower Tier Air and Missile Defense (AMD)  Sen,Lower Tier Air and Missile Defense (AMD)  Sen,1.00,2/2,R-DEC-ERA-SAME,same_program,,,,
7495R05901|2035A|,7495R05901,2035A,,2017,2023,A1,7,c7877950456fbe61ef17e21bde135539dcba76caa68ca43f3fefec26764f2a45,204689,2017: High Mobility Engineer Excavator (HMEE); 2018: High Mobility Engineer Excavator (HMEE); 2019: High Mobility Engineer Excavator (HMEE); 2020: High Mobility Engineer Excavator (HMEE); 2021: High Mobility Engineer Excavator (HMEE); 2022: High Mobility Engineer Excavator (HMEE); 2023: High Mobility Engineer Excavator (HMEE),High Mobility Engineer Excavator (HMEE),1.00,6/7,R-DEC-ERA-SAME,same_program,,,,
7500K99300|2035A|,7500K99300,2035A,,2017,2023,A1,7,a9121ecb22bb40073051fc33d3838b5704c1af59a1cfc375108c32bc4c7ce560,185667,2017: Mortar Fire Control System; 2018: Mortar Fire Control System; 2019: Mortar Fire Control System; 2020: Mortar Fire Control System; 2021: Mortar Fire Control System; 2022: Mortar Fire Control System; 2023: Mortar Fire Control System,Mortar Fire Control System,1.00,7/7,R-DEC-ERA-SAME,same_program,,,,
7500MN1000|2035A|,7500MN1000,2035A,,2017,2023,A1,7,8f2f0996fb8797ba1b4de82dfb3fdc29d486e8eeff9631db692cc8055a820112,637891,2017: Combat Support Medical; 2018: Combat Support Medical; 2019: Combat Support Medical; 2020: Combat Support Medical; 2021: Combat Support Medical; 2022: Combat Support Medical; 2023: Combat Support Medical,Combat Support Medical,1.00,7/7,R-DEC-ERA-SAME,same_program,,,,
7563AD9300|2035A|,7563AD9300,2035A,,2020,2023,A1,4,2b2ecb2322e9d56a7c9d324271aa55d4036de08a697848df1a4cae38bbf3e57c,17292,2020: Mortar Fire Control Systems Modifications; 2021: Mortar Fire Control Systems Modifications; 2022: Mortar Fire Control Systems Modifications; 2023: Mortar Fire Control Systems Modifications,Mortar Fire Control Systems Modifications,1.00,4/4,R-DEC-ERA-SAME,same_program,,,,
7667B19920|2035A|,7667B19920,2035A,,2017,2018,H,2,c977c72c9ffcd674c5adc0fbbee461c71ddf69147fa69776e389f969bf072dfa,33742,2017: AMC Critical Items - OPA2; 2018: AMC Critical Items - OPA2,,,0/1,R-DEC-ERA-HISTORY,history_only,,,,
8001PH1000|0300D|,8001PH1000,0300D,,2017,2023,A1,7,8ef1c1d71ad4de7a1a93534fa0fd53c2a743df7de0510c8734d9a6e41cbe2148,1020581,2017: CB Protection & Hazard Mitigation; 2018: CB Protection & Hazard Mitigation; 2019: CB Protection & Hazard Mitigation; 2020: CB Protection & Hazard Mitigation; 2021: CB Protection & Hazard Mitigation; 2022: CB Protection & Hazard Mitigation; 2023: CB Protection & Hazard Mitigation,CB Protection & Hazard Mitigation,1.00,7/7,R-DEC-ERA-SAME,same_program,,,,
8081|1810N|,8081,1810N,,2017,2023,A1,7,061f149fc3cec65e436d65252714c37abc5163f9ea6d5f05c963178d19a3ba00,41398,2017: Training Support Equipment; 2018: Training Support Equipment; 2019: Training Support Equipment; 2020: Training Support Equipment; 2021: Training Support Equipment; 2022: Training Support Equipment; 2023: Training Support Equipment,Training Support Equipment,1.00,7/7,R-DEC-ERA-SAME,same_program,,,,
8082C14300|2032A|,8082C14300,2032A,,2020,2023,A1,4,eff1dff6e3ea393131ef35f384c49e783326cb6c1d9e84408b5897e6ef426a9e,750587,2020: M-SHORAD - Procurement; 2021: M-SHORAD - Procurement; 2022: M-SHORAD - Procurement; 2023: M-SHORAD - Procurement,M-SHORAD - Procurement,1.00,4/4,R-DEC-ERA-SAME,same_program,,,,
80|0300D|,80,0300D,,2018,2021,H,4,d3ab3adfb005a01855ad2d87bf850bf610a58835ac9bfda471b0cff70be58866,1262,"2018: Major Equipment, TJS - CE2T2; 2019: Major Equipment, TJS - CE2T2; 2020: Major Equipment, TJS - CE2T2; 2021: Major Equipment, TJS - CE2T2",,,3/3,R-DEC-ERA-HISTORY,history_only,,,,
8101|1810N|,8101,1810N,,2017,2023,A1,7,e24a1613076314b889d939baf885fca810bd4d7424003d491b1a1e88a23f4628,217954,2017: Training and Education Equipment; 2018: Training and Education Equipment; 2019: Training and Education Equipment; 2020: Training and Education Equipment; 2021: Training and Education Equipment; 2022: Training and Education Equipment; 2023: Training and Education Equipment,Training and Education Equipment,1.00,7/7,R-DEC-ERA-SAME,same_program,,,,
8104BC3000|2035A|,8104BC3000,2035A,,2017,2021,H,5,9bdeef814f8e249bc80baf9808ecdd13993a16a04aa32af8e9e32aacd744444b,13059,2017: Tractor Desk; 2018: Tractor Desk; 2019: Tractor Desk; 2020: Tractor Desk; 2021: TRACTOR DESK,,,4/4,R-DEC-ERA-HISTORY,history_only,,,,
8106|1810N|,8106,1810N,,2017,2023,A1,7,00ca8ed05107776144c1a45ab29880a4eb87c56ee44ec09bd2586fe3e86fa099,366279,2017: Command Support Equipment; 2018: Command Support Equipment; 2019: Command Support Equipment; 2020: Command Support Equipment; 2021: Command Support Equipment; 2022: Command Support Equipment; 2023: Command Support Equipment,Command Support Equipment,1.00,7/7,R-DEC-ERA-SAME,same_program,,,,
8108|1810N|,8108,1810N,,2017,2018,H,2,f1d9130e2c19006673cf2441d7c171ae04e8d211ad9ff23dd7213336b5c99e8c,4054,2017: Education Support Equipment; 2018: Education Support Equipment,,,1/1,R-DEC-ERA-HISTORY,history_only,,,,
8109|1810N|,8109,1810N,,2017,2023,A1,7,3f4febf22f1104f1c7c019984e5171e4be0b6faf06926b64bda91d2e6cc45eb0,114181,2017: Medical Support Equipment; 2018: Medical Support Equipment; 2019: Medical Support Equipment; 2020: Medical Support Equipment; 2021: Medical Support Equipment; 2022: Medical Support Equipment; 2023: Medical Support Equipment,Medical Support Equipment,1.00,5/7,R-DEC-ERA-SAME,same_program,,,,
8114|1810N|,8114,1810N,,2017,2023,A1,7,179fe9e57c6f6da59d44b8eb6a711ad603af7491d7bcc372b109713227ab98bc,28123,2017: Naval MIP Support Equipment; 2018: Naval MIP Support Equipment; 2019: Naval MIP Support Equipment; 2020: Naval MIP Support Equipment; 2021: Naval MIP Support Equipment; 2022: Naval MIP Support Equipment; 2023: Naval MIP Support Equipment,Naval MIP Support Equipment,1.00,6/7,R-DEC-ERA-SAME,same_program,,,,
8118|1810N|,8118,1810N,,2017,2023,A1,7,46d04a200689b1fbc8300f2863c6e6537be2cfef91522530d07068245ed2f6b5,83693,2017: Operating Forces Support Equipment; 2018: Operating Forces Support Equipment; 2019: Operating Forces Support Equipment; 2020: Operating Forces Support Equipment; 2021: Operating Forces Support Equipment; 2022: Operating Forces Support Equipment; 2023: Operating Forces Support Equipment,Operating Forces Support Equipment,1.00,6/7,R-DEC-ERA-SAME,same_program,,,,
8120|1810N|,8120,1810N,,2017,2023,A1,7,891890ab1183daffac6bebcc80765cc97c629db2e8259960bf46fa0bb447b7a8,83575,2017: C4ISR Equipment; 2018: C4ISR Equipment; 2019: C4ISR Equipment; 2020: C4ISR Equipment; 2021: C4ISR Equipment; 2022: C4ISR Equipment; 2023: C4ISR Equipment,C4ISR Equipment,1.00,7/7,R-DEC-ERA-SAME,same_program,,,,
8126|1810N|,8126,1810N,,2017,2023,A1,7,0f9c1bcba6f0eae7d501bda0ea25e67983420657358f84581f169c669d7e8c23,174604,2017: Environmental Support Equipment; 2018: Environmental Support Equipment; 2019: Environmental Support Equipment; 2020: Environmental Support Equipment; 2021: Environmental Support Equipment; 2022: Environmental Support Equipment; 2023: Environmental Support Equipment,Environmental Support Equipment,1.00,7/7,R-DEC-ERA-SAME,same_program,,,,
8128B03001|2035A|,8128B03001,2035A,,2017,2021,H,5,817733a4b23db96f27dcb2a2ccc2aa7a75f5ece4dce2ead477258b87baff2ece,66079,2017: Tractor Ride; 2018: Tractor Ride; 2019: Tractor Ride; 2020: Tractor Ride; 2021: Tractor Ride,,,3/4,R-DEC-ERA-HISTORY,history_only,,,,
8128|1810N|,8128,1810N,,2017,2023,A1,7,255a669125426724f40fc5044e01ebbf7564740f92ceaf8ca6c38d7317499e4f,941439,2017: Physical Security Equipment; 2018: Physical Security Equipment; 2019: Physical Security Equipment; 2020: Physical Security Equipment; 2021: Physical Security Equipment; 2022: Physical Security Equipment; 2023: Physical Security Equipment,Physical Security Equipment,1.00,7/7,R-DEC-ERA-SAME,same_program,,,,
8132AZ3300|2031A|,8132AZ3300,2031A,,2017,2021,H,5,7144d56aab1712ac7329f4e528d3d1ccf1bdad773997eee70139777f7f861582,6441,2017: Industrial Facilities; 2018: Industrial Facilities; 2019: Industrial Facilities; 2020: Industrial Facilities; 2021: Industrial Facilities,,,4/4,R-DEC-ERA-HISTORY,history_only,,,,
8148BA8250|2035A|,8148BA8250,2035A,,2017,2020,H,4,b74ac3be0de307ece49a76576783c21106c22e586abfe5af7c53ca02ae65313f,13479,2017: Army Global Cmd & Control Sys (AGCCS); 2018: Army Global Cmd & Control Sys (AGCCS); 2019: Army Global Cmd & Control Sys (AGCCS); 2020: Army Global Cmd & Control Sys (AGCCS),,,3/3,R-DEC-ERA-HISTORY,history_only,,,,
8150|1810N|,8150,1810N,,2017,2023,A1,4,ab74fe57755281590c3d9862716b2a40345b8d1cd223a0955368059f6c151b11,192,2017: Cancelled Account Adjustments; 2018: Cancelled Account Adjustments; 2022: Cancelled Account Adjustments; 2023: Cancelled Account Adjustments,Cancelled Account Adjustments,1.00,3/3,R-DEC-ERA-SAME,same_program,,,,
8151B70000|2035A|,8151B70000,2035A,,2019,2023,A1,5,d6b05f3ae5834d2489a6faa98b46548a32016f1e2ca14057ebbf575f18991fbb,174231,2019: COE Tactical Server Infrastructure (TSI); 2020: COE Tactical Server Infrastructure (TSI); 2021: COE Tactical Server Infrastructure (TSI); 2022: COE Tactical Server Infrastructure (TSI); 2023: COE Tactical Server Infrastructure (TSI),COE Tactical Server Infrastructure (TSI),1.00,5/5,R-DEC-ERA-SAME,same_program,,,,
8161|1810N|,8161,1810N,,2017,2023,A1,7,240831b4b8b60d446b1be29a96cd3d57cf9e96bd8e78b22aae72be93d2befc31,408030,2017: Enterprise Information Technology; 2018: Enterprise Information Technology; 2019: Enterprise Information Technology; 2020: Enterprise Information Technology; 2021: Enterprise Information Technology; 2022: Enterprise Information Technology; 2023: Enterprise Information Technology,Enterprise Information Technology,1.00,7/7,R-DEC-ERA-SAME,same_program,,,,
8164|1810N|,8164,1810N,,2017,2023,A1,7,849c78eeea4e303df5a83f3f48dd250229f27a12ba6f426b8ed45974d08e1ae7,876055,2017: Next Generation Enterprise Service; 2018: Next Generation Enterprise Service; 2019: Next Generation Enterprise Service; 2020: Next Generation Enterprise Service; 2021: Next Generation Enterprise Service; 2022: Next Generation Enterprise Service; 2023: Next Generation Enterprise Service,Next Generation Enterprise Service,1.00,7/7,R-DEC-ERA-SAME,same_program,,,,
8181G01501|2033A|,8181G01501,2033A,,2017,2023,A1,7,6c143c808c802c30f3438bbfcddb36e26e7dbeed1287ea6ecde152d52793c12a,87877,2017: XM320 Grenade Launcher Module (GLM); 2018: XM320 Grenade Launcher Module (GLM); 2019: XM320 Grenade Launcher Module (GLM); 2020: XM320 Grenade Launcher Module (GLM); 2021: XM320 Grenade Launcher Module (GLM); 2022: XM320 Grenade Launcher Module (GLM); 2023: XM320 Grenade Launcher Module (GLM),XM320 Grenade Launcher Module (GLM),1.00,6/7,R-DEC-ERA-SAME,same_program,,,,
8190G01506|2033A|,8190G01506,2033A,,2020,2023,A1,4,3c949378992d0710b86e29b3243e76aa70bbb639d827efcc1e02e16d404fcd60,14642,2020: Precision Sniper Rifle; 2021: Precision Sniper Rifle; 2022: Precision Sniper Rifle; 2023: Precision Sniper Rifle,Precision Sniper Rifle,1.00,4/4,R-DEC-ERA-SAME,same_program,,,,
8194G01507|2033A|,8194G01507,2033A,,2017,2023,H,7,1b8a738397d8d3436cf85135b971401b83558e7283abfb9a0854f03f8798d262,57095,2017: Compact Semi-Automatic Sniper System; 2018: Compact Semi-Automatic Sniper System; 2019: Compact Semi-Automatic Sniper System; 2020: Compact Semi-Automatic Sniper System; 2021: COMPACT SEMI-AUTOMATIC SNIPER SYSTEM; 2022: COMPACT SEMI-AUTOMATIC SNIPER SYSTEM; 2023: COMPACT SEMI-AUTOMATIC SNIPER SYSTEM,,,6/6,R-DEC-ERA-HISTORY,history_only,,,,
8201G13501|2033A|,8201G13501,2033A,,2017,2023,A1,7,a05982efc52ee37c7f4fc103ec9da22029ff8a1c9fa87b0c34437755cd82e882,242050,2017: Carbine; 2018: Carbine; 2019: Carbine; 2020: Carbine; 2021: Carbine; 2022: Carbine; 2023: Carbine,Carbine,1.00,7/7,R-DEC-ERA-SAME,same_program,,,,
8205G14510|2033A|,8205G14510,2033A,,2021,2023,A1,3,21868ee3813ce87a1e469a06f8e55ea59191eb3a2f48c0cf7cb54b059faa3123,35822,2021: Next Generation Squad Weapon; 2022: Next Generation Squad Weapon; 2023: Next Generation Squad Weapon,Next Generation Squad Weapon,1.00,3/3,R-DEC-ERA-SAME,same_program,,,,
8211R01001|2035A|,8211R01001,2035A,,2020,2023,A1,4,609a1752d15f2214ad35d6527ec2c4331ea544d4382ad33f7c0d1d5895e6209b,80771,2020: Maneuver Support Vessel (MSV); 2021: Maneuver Support Vessel (MSV); 2022: Maneuver Support Vessel (MSV); 2023: Maneuver Support Vessel (MSV),Maneuver Support Vessel (MSV),1.00,4/4,R-DEC-ERA-SAME,same_program,,,,
8212G17200|2033A|,8212G17200,2033A,,2019,2020,H,2,79aff9e3bc11d915ace379e4fa97710db76396dd401a702bbb492d716b2e72ae,0,2019: Small Arms - Fire Control; 2020: Small Arms - Fire Control,,,1/1,R-DEC-ERA-HISTORY,history_only,,,,
821800|3080F|,821800,3080F,,2017,2023,A1,7,4eaf54b4753bdfe96a1dd4514de980979b905aa1eaebe8f73d646f3b334d11e7,84816,2017: Passenger Carrying Vehicles; 2018: Passenger Carrying Vehicles; 2019: Passenger Carrying Vehicles; 2020: Passenger Carrying Vehicles; 2021: Passenger Carrying Vehicles; 2022: Passenger Carrying Vehicles; 2023: Passenger Carrying Vehicles,Passenger Carrying Vehicles,1.00,6/7,R-DEC-ERA-SAME,same_program,,,,
822230|3080F|,822230,3080F,,2017,2023,A1,7,6906a80f02f6a01c009e4c636b5a81d53003a78641d4acd33e15476dc9ec1f67,199267,2017: Medium Tactical Vehicle; 2018: Medium Tactical Vehicle; 2019: Medium Tactical Vehicle; 2020: Medium Tactical Vehicle; 2021: Medium Tactical Vehicle; 2022: Medium Tactical Vehicle; 2023: Medium Tactical Vehicle,Medium Tactical Vehicle,1.00,5/7,R-DEC-ERA-SAME,same_program,,,,
822910|3080F|,822910,3080F,,2017,2023,A1,7,9fb8d1b0abf1b6755cebc5ebb59ab46522db73ade9245b928fcac5abd9c141d4,11984,2017: Cap Vehicles; 2018: Cap Vehicles; 2019: Cap Vehicles; 2020: Cap Vehicles; 2021: Cap Vehicles; 2022: Cap Vehicles; 2023: Cap Vehicles,Cap Vehicles,1.00,7/7,R-DEC-ERA-SAME,same_program,,,,
822990|3080F|,822990,3080F,,2017,2023,A1+R1,7,2364764d902964ad7fbaa5ae963cf3ad75a4397771f1e9a31bb65226c436bcbe,233489,2017: Items Less Than $5 Million; 2018: Cargo and Utility Vehicles; 2019: Cargo and Utility Vehicles; 2020: Cargo and Utility Vehicles; 2021: Cargo and Utility Vehicles; 2022: Cargo and Utility Vehicles; 2023: Cargo and Utility Vehicles,Cargo and Utility Vehicles,0.00,6/7,owner-batch,,,,,
823210|3080F|,823210,3080F,,2019,2023,A1,5,1c4357c94e1e8f1999300f52a5989805b81080f83a0ee5fe37e8f54018db59bb,175897,2019: Joint Light Tactical Vehicle; 2020: Joint Light Tactical Vehicle; 2021: Joint Light Tactical Vehicle; 2022: Joint Light Tactical Vehicle; 2023: Joint Light Tactical Vehicle,Joint Light Tactical Vehicle,1.00,5/5,R-DEC-ERA-SAME,same_program,,,,
823230|3080F|,823230,3080F,,2017,2023,A1,7,c502edd87b30862eadcfab7cbd0fdc89b29b15f69e38d0110c19585485705274,72171,2017: Security And Tactical Vehicles; 2018: Security And Tactical Vehicles; 2019: Security And Tactical Vehicles; 2020: Security And Tactical Vehicles; 2021: Security And Tactical Vehicles; 2022: Security And Tactical Vehicles; 2023: Security And Tactical Vehicles,Security And Tactical Vehicles,1.00,5/7,R-DEC-ERA-SAME,same_program,,,,
823990|3080F|,823990,3080F,,2017,2023,A1+R1,7,8e8e2f6c14aae393e02c947f23228adbeb7fe4a2efd6d781b1c22fc2ebba2ebb,367326,2017: Items Less Than $5 Million; 2018: Special Purpose Vehicles; 2019: Special Purpose Vehicles; 2020: Special Purpose Vehicles; 2021: Special Purpose Vehicles; 2022: Special Purpose Vehicles; 2023: Special Purpose Vehicles,Special Purpose Vehicles,0.00,7/7,owner-batch,,,,,
824010|3080F|,824010,3080F,,2017,2023,A1,7,6590e05d55010fecbe953b9053541f34b2e8138bfe001c00eb78f5259e5c176c,299807,2017: Fire Fighting/Crash Rescue Vehicles; 2018: Fire Fighting/Crash Rescue Vehicles; 2019: Fire Fighting/Crash Rescue Vehicles; 2020: Fire Fighting/Crash Rescue Vehicles; 2021: Fire Fighting/Crash Rescue Vehicles; 2022: Fire Fighting/Crash Rescue Vehicles; 2023: Fire Fighting/Crash Rescue Vehicles,Fire Fighting/Crash Rescue Vehicles,1.00,7/7,R-DEC-ERA-SAME,same_program,,,,
825990|3080F|,825990,3080F,,2017,2023,A1+R1,7,0af9d92d99e8cbd805637ccec5d0f18e357a358140ac0db10ec336d167f25e98,180181,2017: Items Less Than $5 Million; 2018: Materials Handling Vehicles; 2019: Materials Handling Vehicles; 2020: Materials Handling Vehicles; 2021: Materials Handling Vehicles; 2022: Materials Handling Vehicles; 2023: Materials Handling Vehicles,Materials Handling Vehicles,0.00,6/7,owner-batch,,,,,
8260C53101|2032A|,8260C53101,2032A,,2017,2023,A1,7,08b2942988b317f01f49716ce1adb5260f584ec48cfe1f47a9fb1ba0a30d8684,5471653,2017: MSE Missile; 2018: MSE Missile; 2019: MSE Missile; 2020: MSE Missile; 2021: MSE Missile; 2022: MSE Missile; 2023: MSE Missile,MSE Missile,1.00,7/7,R-DEC-ERA-SAME,same_program,,,,
826210|3080F|,826210,3080F,,2017,2023,A1+A2,7,13e2580a1ce31f156b8a82203f9af7765f13101a285d80322e5261e0ea8aa3c7,163271,2017: Runway Snow Remov & Cleaning Equip; 2018: Runway Snow Remov & Cleaning Equip; 2019: Runway Snow Remov And Cleaning Equ; 2020: Runway Snow Remov And Cleaning Equ; 2021: Runway Snow Remov And Cleaning Equ; 2022: Runway Snow Remov And Cleaning Equ; 2023: Runway Snow Remov And Cleaning Equ,Runway Snow Remov And Cleaning Equ,0.57,7/7,owner-batch,,,,,
826990|3080F|,826990,3080F,,2017,2023,A1+R1,7,c95efc6fcfaa210ed4e903b2efe489e30069f271e503adf8f70089c3a4f068e3,640364,2017: Items Less Than $5 Million; 2018: Base Maintenance Support Vehicles; 2019: Base Maintenance Support Vehicles; 2020: Base Maintenance Support Vehicles; 2021: Base Maintenance Support Vehicles; 2022: Base Maintenance Support Vehicles; 2023: Base Maintenance Support Vehicles,Base Maintenance Support Vehicles,0.00,7/7,owner-batch,,,,,
8278E51200|2034A|,8278E51200,2034A,,2017,2023,A1,7,5d194f250b4dd03d996a28539b0b4dd53d8d5ebc9c29e44b7d149ab19aa6eb15,75427,"2017: Simulators, All Types; 2018: Simulators, All Types; 2019: Simulators, All Types; 2020: Simulators, All Types; 2021: Simulators, All Types; 2022: Simulators, All Types; 2023: Simulators, All Types","Simulators, All Types",1.00,7/7,R-DEC-ERA-SAME,same_program,,,,
829100|3080F|,829100,3080F,,2017,2023,A1+A2,5,02e2c481a453f2d4423863102128ae0e415afec8670f1b424463962f6cca6e56,1995,2017: Cancelled Account Adjustments; 2020: Cancelled Account Adjustments; 2021: Cancelled Account Adjustments; 2022: Cancelled Account Adjustments (Bpa; 2023: Cancelled Account Adjustments (Bpa,Cancelled Account Adjustments (Bpa,0.75,3/4,,,,,,
8309DA0500|2035A|,8309DA0500,2035A,,2017,2023,A1,7,a97788d6152421f6e5108e9c49e2b46fc17fd85132072453a9f8541263c7632b,465300,2017: Family of Heavy Tactical Vehicles (FHTV); 2018: Family of Heavy Tactical Vehicles (FHTV); 2019: Family of Heavy Tactical Vehicles (FHTV); 2020: Family of Heavy Tactical Vehicles (FHTV); 2021: Family Of Heavy Tactical Vehicles (FHTV); 2022: Family Of Heavy Tactical Vehicles (FHTV); 2023: Family Of Heavy Tactical Vehicles (FHTV),Family Of Heavy Tactical Vehicles (FHTV),1.00,7/7,R-DEC-ERA-SAME,same_program,,,,
831010|3080F|,831010,3080F,,2017,2023,A1,7,72f9d17d74f17358341847cc767468296c44eb41b80fab1c92991fb9d546800c,661155,2017: Comsec Equipment; 2018: Comsec Equipment; 2019: Comsec Equipment; 2020: Comsec Equipment; 2021: Comsec Equipment; 2022: Comsec Equipment; 2023: Comsec Equipment,Comsec Equipment,1.00,7/7,R-DEC-ERA-SAME,same_program,,,,
831020|3080F|,831020,3080F,,2022,2023,A1,2,0f5713c4ba53d63863501811dcc25de2574774066f69f240b450da85ebc88f25,35000,2022: Strategic Microelectronic Supply System; 2023: Strategic Microelectronic Supply System,STRATEGIC MICROELECTRONIC SUPPLY SYSTEM,1.00,1/2,R-DEC-ERA-SAME,same_program,,,,
8310G04700|2033A|,8310G04700,2033A,,2017,2023,A1,7,d4987f112d90b06cd3c3876bb275ac6cc9b2d1aad5f2d73c4b40ed319fc1a437,176390,2017: Common Remotely Operated Weapons Station; 2018: Common Remotely Operated Weapons Station; 2019: Common Remotely Operated Weapons Station; 2020: Common Remotely Operated Weapons Station; 2021: Common Remotely Operated Weapons Station; 2022: Common Remotely Operated Weapons Station; 2023: Common Remotely Operated Weapons Station,Common Remotely Operated Weapons Station,1.00,5/6,R-DEC-ERA-SAME,same_program,,,,
831970|3080F|,831970,3080F,,2017,2018,H,2,c01acf87f8c514990a5c859396d74d2bf673200ef56f5849ba1f9ba220dd7879,2040,2017: Modifications (COMSEC); 2018: Modifications (COMSEC),,,1/1,R-DEC-ERA-HISTORY,history_only,,,,
832050|3080F|,832050,3080F,,2018,2023,A1,6,48fa46a6ddbaf1ea5c6bd0642a0ebbb3df44f51e3c44106f7198ffc0de838b1e,55667,2018: International Intel Tech & Architectures; 2019: International Intel Tech & Architectures; 2020: International Intel Tech & Architectures; 2021: International Intel Tech & Architectures; 2022: International Intel Tech & Architectures; 2023: International Intel Tech & Architectures,International Intel Tech & Architectures,1.00,6/6,R-DEC-ERA-SAME,same_program,,,,
832060|3080F|,832060,3080F,,2017,2023,A1,7,a96c8f35a28424b52004314e66c86038b79354e5857c5593a38764ce5e8cf517,35314,2017: Intelligence Training Equipment; 2018: Intelligence Training Equipment; 2019: Intelligence Training Equipment; 2020: Intelligence Training Equipment; 2021: Intelligence Training Equipment; 2022: Intelligence Training Equipment; 2023: Intelligence Training Equipment,Intelligence Training Equipment,1.00,7/7,R-DEC-ERA-SAME,same_program,,,,
832070|3080F|,832070,3080F,,2017,2023,A1,7,ee78bb44016467a1aec33aac455ea47b0fe52636f85083b1af753e0da1959b72,221323,2017: Intelligence Comm Equipment; 2018: Intelligence Comm Equipment; 2019: Intelligence Comm Equipment; 2020: Intelligence Comm Equipment; 2021: Intelligence Comm Equipment; 2022: Intelligence Comm Equipment; 2023: Intelligence Comm Equipment,Intelligence Comm Equipment,1.00,7/7,R-DEC-ERA-SAME,same_program,,,,
833010|3080F|,833010,3080F,,2017,2023,A1,7,07af776a157a2b636ab210f567cb2576ae360978292f803289fddb32ee657563,312781,2017: Air Traffic Control & Landing Sys; 2018: Air Traffic Control & Landing Sys; 2019: Air Traffic Control & Landing Sys; 2020: Air Traffic Control & Landing Sys; 2021: Air Traffic Control & Landing Sys; 2022: Air Traffic Control & Landing Sys; 2023: Air Traffic Control & Landing Sys,Air Traffic Control & Landing Sys,1.00,6/7,R-DEC-ERA-SAME,same_program,,,,
833020|3080F|,833020,3080F,,2017,2020,A1,4,c74f907e32dc5c6b366f4c83dc1dd60e878309926fcdb65eac771ae47c106dd9,29953,2017: National Airspace System; 2018: National Airspace System; 2019: National Airspace System; 2020: National Airspace System,National Airspace System,1.00,3/3,R-DEC-ERA-SAME,same_program,,,,
833030|3080F|,833030,3080F,,2017,2023,A1,7,00c2ce679eb9543718285b24a321c84e736b3f30a20ca2f66150ca3ca3003f5e,29895,2017: Battle Control System - Fixed; 2018: Battle Control System - Fixed; 2019: Battle Control System - Fixed; 2020: Battle Control System - Fixed; 2021: Battle Control System - Fixed; 2022: Battle Control System - Fixed; 2023: Battle Control System - Fixed,Battle Control System - Fixed,1.00,7/7,R-DEC-ERA-SAME,same_program,,,,
833040|3080F|,833040,3080F,,2017,2023,A1+A2,7,5cc5bbce88839d4d2cc9b40a6daee5c11d63559168237286a93593eeb102b669,133038,2017: Theater Air Control Sys Improvements; 2018: Theater Air Control Sys Improvements; 2019: Theater Air Control Sys Improvemen; 2020: Theater Air Control Sys Improvemen; 2021: Theater Air Control Sys Improvemen; 2022: Theater Air Control Sys Improvemen; 2023: Theater Air Control Sys Improvemen,Theater Air Control Sys Improvemen,0.67,6/7,owner-batch,,,,,
833060|3080F|,833060,3080F,,2022,2023,A1,2,8252909613369727821a2f68bc55c30d1b9df5b6e72839f17afa7e1140d307a9,0,2022: 3D Expeditionary Long-Range Radar; 2023: 3D Expeditionary Long-Range Radar,3D Expeditionary Long-Range Radar,1.00,2/2,R-DEC-ERA-SAME,same_program,,,,
833070|3080F|,833070,3080F,,2017,2023,A1,7,1e9fc95e91499c4762c3fa14717f8a9bbd0e8a5a8e3aa3f6f5f27af1c3e89eaa,212922,2017: Weather Observation Forecast; 2018: Weather Observation Forecast; 2019: Weather Observation Forecast; 2020: Weather Observation Forecast; 2021: Weather Observation Forecast; 2022: Weather Observation Forecast; 2023: Weather Observation Forecast,Weather Observation Forecast,1.00,7/7,R-DEC-ERA-SAME,same_program,,,,
833140|3080F|,833140,3080F,,2017,2023,A1,7,3864e39de09578cf72e6043e0b3111fb587e9cabe4e2d61547557d88c93a3035,611359,2017: Strategic Command And Control; 2018: Strategic Command And Control; 2019: Strategic Command And Control; 2020: Strategic Command And Control; 2021: Strategic Command And Control; 2022: Strategic Command And Control; 2023: Strategic Command And Control,Strategic Command And Control,1.00,7/7,R-DEC-ERA-SAME,same_program,,,,
833160|3080F|,833160,3080F,,2017,2023,A1,7,faf2fac95f97c1f95c61ffe0e2b111dd466eb0b02a9f38113b94217262e46ecc,129916,2017: Cheyenne Mountain Complex; 2018: Cheyenne Mountain Complex; 2019: Cheyenne Mountain Complex; 2020: Cheyenne Mountain Complex; 2021: Cheyenne Mountain Complex; 2022: Cheyenne Mountain Complex; 2023: Cheyenne Mountain Complex,Cheyenne Mountain Complex,1.00,7/7,R-DEC-ERA-SAME,same_program,,,,
833170|3080F|,833170,3080F,,2017,2023,A1,7,8d5c943333a9b94b93103fcef7d6a89c883cf8b1620f059f9764c655699b7cd4,99432,2017: Mission Planning Systems; 2018: Mission Planning Systems; 2019: Mission Planning Systems; 2020: Mission Planning Systems; 2021: Mission Planning Systems; 2022: Mission Planning Systems; 2023: Mission Planning Systems,Mission Planning Systems,1.00,7/7,R-DEC-ERA-SAME,same_program,,,,
8331D16506|2035A|,8331D16506,2035A,,2017,2023,A1,7,5c0b8b3dbfdb52c6afb564ea49b241174b5f690bb967a8b77e58ecf965724a63,513297,2017: Pls Esp; 2018: Pls Esp; 2019: Pls Esp; 2020: Pls Esp; 2021: PLS ESP; 2022: PLS ESP; 2023: PLS ESP,PLS ESP,1.00,6/7,R-DEC-ERA-SAME,same_program,,,,
833440|3080F|,833440,3080F,,2017,2023,A1,6,b707ec3ac43307c6ab303918205523e544f50ec81ccb2fbba3f4c1837e22d32e,67817,2017: Drug Interdiction Spt; 2018: Drug Interdiction Spt; 2019: Drug Interdiction Spt; 2020: Drug Interdiction Spt; 2021: Drug Interdiction Spt; 2023: Drug Interdiction Spt,Drug Interdiction Spt,1.00,1/5,R-DEC-ERA-SAME,same_program,,,,
833560|3080F|,833560,3080F,,2017,2023,A1,7,5e5c82013ce3d63dbb6f91d795d6c265aa7223286866e97cddde89034f6d07f9,52591,2017: Integrated Strat Plan & Analy Network (ISPAN); 2018: Integrated Strat Plan & Analy Network (ISPAN); 2019: Integrated Strat Plan & Analy Network (ISPAN); 2020: Integrated Strat Plan & Analy Network (ISPAN); 2021: Integrated Strat Plan & Analy Network (ISPAN); 2022: Integrated Strat Plan & Analy Network (ISPAN); 2023: Integrated Strat Plan & Analy Network (ISPAN),Integrated Strat Plan & Analy Network (ISPAN),1.00,5/7,R-DEC-ERA-SAME,same_program,,,,
834010|3080F|,834010,3080F,,2017,2023,A1,7,7b49bb5122b46ccb822029276b4cddb04ca94a5bc6324cfb47ac0a243ca0d777,282011,2017: General Information Technology; 2018: General Information Technology; 2019: General Information Technology; 2020: General Information Technology; 2021: General Information Technology; 2022: General Information Technology; 2023: General Information Technology,General Information Technology,1.00,7/7,R-DEC-ERA-SAME,same_program,,,,
834040|3080F|,834040,3080F,,2017,2023,A1,7,1e7fbe07dbb0fe5258155308e841e3fdb06589cbf39af88a20a6fe74e56bc899,45351,2017: AF Global Command & Control Sys; 2018: AF Global Command & Control Sys; 2019: Af Global Command & Control Sys; 2020: Af Global Command & Control Sys; 2021: Af Global Command & Control Sys; 2022: Af Global Command & Control Sys; 2023: Af Global Command & Control Sys,Af Global Command & Control Sys,1.00,7/7,R-DEC-ERA-SAME,same_program,,,,
834050|3080F|,834050,3080F,,2020,2023,A1,4,b12fa0bf9f93ea134e1e36fe97dff7ba75a7d7f45f062916f6a7c7b7408c32da,48478,2020: Battlefield Airborne Control Node (BACN); 2021: Battlefield Airborne Control Node (BACN); 2022: Battlefield Airborne Control Node (BACN); 2023: Battlefield Airborne Control Node (BACN),Battlefield Airborne Control Node (BACN),1.00,4/4,R-DEC-ERA-SAME,same_program,,,,
834070|3080F|,834070,3080F,,2017,2023,A1,7,e7291e0fcd4e4673a948e8e5cc97a7b377aa76ccfefa3a0d54dc8f6d524b348b,86340,2017: Mobility Command and Control; 2018: Mobility Command and Control; 2019: Mobility Command And Control; 2020: Mobility Command And Control; 2021: Mobility Command And Control; 2022: Mobility Command And Control; 2023: Mobility Command And Control,Mobility Command And Control,1.00,7/7,R-DEC-ERA-SAME,same_program,,,,
834130|3080F|,834130,3080F,,2017,2023,A1,7,973636378671e4855d360374c1efd442d1f9d53a042474f7137d49e885617688,1304915,2017: Air Force Physical Security System; 2018: Air Force Physical Security System; 2019: Air Force Physical Security System; 2020: Air Force Physical Security System; 2021: Air Force Physical Security System; 2022: Air Force Physical Security System; 2023: Air Force Physical Security System,Air Force Physical Security System,1.00,7/7,R-DEC-ERA-SAME,same_program,,,,
834190|3080F|,834190,3080F,,2017,2023,A1,8,b183fb04f6b61034af85d8c807b7d816f1bd5afe134b30df4e7eab30a09e01a4,897631,2017: Combat Training Ranges; 2018: Combat Training Ranges; 2019: Combat Training Ranges; 2020: Combat Training Ranges; 2021: Combat Training Ranges; 2022: Combat Training Ranges; 2023: Combat Training Ranges,Combat Training Ranges,1.00,7/7,R-DEC-ERA-SAME,same_program,,,,
834210|3080F|,834210,3080F,,2017,2023,A1,7,893b274c578352616c13fce34e3692d6c610be40d61402cafed8310af082e45a,501093,2017: Minimum Essential Emergency Comm N; 2018: Minimum Essential Emergency Comm N; 2019: Minimum Essential Emergency Comm N; 2020: Minimum Essential Emergency Comm N; 2021: Minimum Essential Emergency Comm N; 2022: Minimum Essential Emergency Comm N; 2023: Minimum Essential Emergency Comm N,Minimum Essential Emergency Comm N,1.00,7/7,R-DEC-ERA-SAME,same_program,,,,
834240|3080F|,834240,3080F,,2017,2023,A1,7,c8c8cb84422199250e7116f278fdf63614487a5b56b57bd78f20c4b709483400,245618,2017: Wide Area Surveillance (WAS); 2018: Wide Area Surveillance (WAS); 2019: Wide Area Surveillance (WAS); 2020: Wide Area Surveillance (WAS); 2021: Wide Area Surveillance (WAS); 2022: Wide Area Surveillance (WAS); 2023: Wide Area Surveillance (WAS),Wide Area Surveillance (WAS),1.00,7/7,R-DEC-ERA-SAME,same_program,,,,
834320|3080F|,834320,3080F,,2017,2023,A1,7,5b867d74952202fd7779409cb0ecab1b985110fbdb4533c0cfae4241567877c2,217768,2017: C3 Countermeasures; 2018: C3 Countermeasures; 2019: C3 Countermeasures; 2020: C3 Countermeasures; 2021: C3 Countermeasures; 2022: C3 Countermeasures; 2023: C3 Countermeasures,C3 Countermeasures,1.00,7/7,R-DEC-ERA-SAME,same_program,,,,
834410|3080F|,834410,3080F,,2020,2023,A1,3,2a6c8b9b9239030d146e7074ad377db24dd85f61d7efd554c209d1979638194e,0,2020: Integrated Personnel and Pay System; 2022: Integrated Personnel and Pay System; 2023: Integrated Personnel and Pay System,Integrated Personnel and Pay System,1.00,2/2,R-DEC-ERA-SAME,same_program,,,,
834430|3080F|,834430,3080F,,2017,2023,A1,7,a1a1830dc080fbc0fda4a13fc6eed4f0fffeb65c886f04a43638831e964fd216,23844,2017: GCSS-AF Fos; 2018: GCSS-AF Fos; 2019: GCSS-AF Fos; 2020: GCSS-AF Fos; 2021: GCSS-AF Fos; 2022: GCSS-AF Fos; 2023: GCSS-AF Fos,GCSS-AF Fos,1.00,6/7,R-DEC-ERA-SAME,same_program,,,,
834470|3080F|,834470,3080F,,2017,2023,A1+R1,7,ec53ab2b63fd2c8013aca3d11a08100e60c6402bdc5b4ed595d71acbb5e147e7,14378,2017: Defense Enterprise Accounting and Mgmt System; 2018: Defense Enterprise Accounting and Mgmt System; 2019: Defense Enterprise Accounting & Mgt Sys; 2020: Defense Enterprise Accounting & Mgt Sys; 2021: Defense Enterprise Accounting & Mgt Sys; 2022: Defense Enterprise Accounting & Mgt Sys; 2023: Defense Enterprise Accounting & Mgt Sys,Defense Enterprise Accounting & Mgt Sys,0.38,7/7,,,,,,
834480|3080F|,834480,3080F,,2019,2023,A1,5,a3ce383fda7b481e6d0f0c4004ac9fc3f35343c7699953d0984b212893d4d2cd,12207,2019: Maintenance Repair & Overhaul Initiative; 2020: Maintenance Repair & Overhaul Initiative; 2021: Maintenance Repair & Overhaul Initiative; 2022: Maintenance Repair & Overhaul Initiative; 2023: Maintenance Repair & Overhaul Initiative,Maintenance Repair & Overhaul Initiative,1.00,3/5,R-DEC-ERA-SAME,same_program,,,,
834520|3080F|,834520,3080F,,2017,2023,A1,7,be38d70203a24ea8a565455a1467c21c2e14a5b47c38cfc8897db8313c0acb38,50326,2017: Theater Battle Mgt C2 System; 2018: Theater Battle Mgt C2 System; 2019: Theater Battle Mgt C2 System; 2020: Theater Battle Mgt C2 System; 2021: Theater Battle Mgt C2 System; 2022: Theater Battle Mgt C2 System; 2023: Theater Battle Mgt C2 System,Theater Battle Mgt C2 System,1.00,7/7,R-DEC-ERA-SAME,same_program,,,,
834530|3080F|,834530,3080F,,2017,2023,A1+R1,7,d0d3b41179a47659a032c72039a1c37b75ba3e2103bb69e0a5a139010c47b04d,163732,2017: Air & Space Operations Ctr-WPN SYS; 2018: Air & Space Operations Ctr-WPN SYS; 2019: Air & Space Operations Center (AOC); 2020: Air & Space Operations Center (AOC); 2021: Air & Space Operations Center (AOC); 2022: Air & Space Operations Center (AOC); 2023: Air & Space Operations Center (AOC),Air & Space Operations Center (AOC),0.38,7/7,owner-batch,,,,,
834560|3080F|,834560,3080F,,2017,2019,H,3,05f7e7053ef267474c7f388528ae529a7e5984be432db7cd927a57690fe021f1,23026,2017: Air Operations Center (AOC) 10.2; 2018: Air Operations Center (AOC) 10.2; 2019: Air Operations Center (AOC) 10.2,,,1/2,R-DEC-ERA-HISTORY,history_only,,,,
834880|3080F|,834880,3080F,,2018,2023,A1,5,74af5d9f85410c085d6b730236400ba556ab947e01192e163a313b9a18ad014c,30356,2018: Spectrum Relocation Fund; 2019: Spectrum Relocation Fund; 2020: Spectrum Relocation Fund; 2021: Spectrum Relocation Fund; 2023: Spectrum Relocation Fund,Spectrum Relocation Fund,1.00,2/4,R-DEC-ERA-SAME,same_program,,,,
835060|3080F|,835060,3080F,,2017,2023,A1+R1,7,ed52c9108b1df0eec091ec6b597a8f2f762fdf4454a7fd8358d37b7c40690181,315091,2017: Information Transport Systems; 2018: Base Information Transpt Infrast (BITI) Wired; 2019: Base Information Transpt Infrast (BITI) Wired; 2020: Base Information Transpt Infrast (BITI) Wired; 2021: Base Information Transpt Infrast (BITI) Wired; 2022: Base Information Transpt Infrast (BITI) Wired; 2023: Base Information Transpt Infrast (BITI) Wired,Base Information Transpt Infrast (BITI) Wired,0.12,7/7,owner-batch,,,,,
835080|3080F|,835080,3080F,,2017,2023,A1,7,1e72c04162357ac1e28e09c1528a0a7c779bbfb314db2dd13af4d505160811d2,779155,2017: AFNET; 2018: AFNET; 2019: AFNET; 2020: AFNET; 2021: AFNET; 2022: AFNET; 2023: AFNET,AFNET,1.00,7/7,R-DEC-ERA-SAME,same_program,,,,
835110|3080F|,835110,3080F,,2017,2023,A1,7,3e66d7468fdf06ae047910433afaf12d39b23eb992b07ed73e74e991cc64c8ce,31351,2017: Joint Communications Support Element (JCSE); 2018: Joint Communications Support Element (JCSE); 2019: Joint Communications Support Element (JCSE); 2020: Joint Communications Support Element (JCSE); 2021: Joint Communications Support Element (JCSE); 2022: Joint Communications Support Element (JCSE); 2023: Joint Communications Support Element (JCSE),Joint Communications Support Element (JCSE),1.00,7/7,R-DEC-ERA-SAME,same_program,,,,
835140|3080F|,835140,3080F,,2017,2023,A1,7,23570151460e33a6488cb81838675e1b199634f3cbd8edf1c7315792b0b0af81,122292,2017: USCENTCOM; 2018: USCENTCOM; 2019: USCENTCOM; 2020: USCENTCOM; 2021: USCENTCOM; 2022: USCENTCOM; 2023: USCENTCOM,USCENTCOM,1.00,7/7,R-DEC-ERA-SAME,same_program,,,,
835160|3080F|,835160,3080F,,2020,2023,A1,4,2846e79f8e0cf42a632a9d8f6fb77af15947cd336b91dd58b3356b3ba243daf5,15664,2020: USSTRATCOM; 2021: USSTRATCOM; 2022: USSTRATCOM; 2023: USSTRATCOM,USSTRATCOM,1.00,4/4,R-DEC-ERA-SAME,same_program,,,,
836700|3080F|,836700,3080F,,2017,2017,H,1,30ca02769e5f9269407c453d56d3666df54011ffef92fd649ca3dcae7b49d583,52278,2017: Family of Beyond Line-of-Sight Terminals,,,0/0,R-DEC-ERA-HISTORY,history_only,,,,
836720|3080F|,836720,3080F,,2017,2017,H,1,741f70240a2293f4b67dc336a7f70f38fdf39cee2dcc078f079e66e9cd0e2693,31293,2017: Space Based Ir Sensor Pgm Space,,,0/0,R-DEC-ERA-HISTORY,history_only,,,,
836730|3080F|,836730,3080F,,2017,2017,H,1,4f8d68a8b1338fb746729f11eeede317e4ad7cfcb869d906f29c352955cfa45f,2065,2017: Navstar GPS Space,,,0/0,R-DEC-ERA-HISTORY,history_only,,,,
836750|3080F|,836750,3080F,,2017,2017,H,1,98eb418811be14f9372c1c90b6e443e301d56710a17222469a39c80fdef8dd96,4656,2017: Nudet Detection Sys Space,,,0/0,R-DEC-ERA-HISTORY,history_only,,,,
836760|3080F|,836760,3080F,,2017,2017,H,1,39a575c7521a95f9c1285c35f9e4f196f93aa9a61f8bc5b79d4f06c2dab98247,54436,2017: AF Satellite Control Network Space,,,0/0,R-DEC-ERA-HISTORY,history_only,,,,
836770|3080F|,836770,3080F,,2017,2017,H,1,120e6de519db8f5867e9dda5a57f1c3ff6e128c93c87752de4c72d9a6062e149,62525,2017: Spacelift Range System Space,,,0/0,R-DEC-ERA-HISTORY,history_only,,,,
836780|3080F|,836780,3080F,,2017,2017,H,1,5dd11ff5cb48549b6263ccf04ace9878adab685f6ae1ff484112683daf4c53a0,65002,2017: Milsatcom Space,,,0/0,R-DEC-ERA-HISTORY,history_only,,,,
836790|3080F|,836790,3080F,,2017,2017,H,1,cec451e11c6fc1a979808d8e5d6f0ecf9f3e6922843ca5301f2050f783d51eae,31706,2017: Space Mods Space,,,0/0,R-DEC-ERA-HISTORY,history_only,,,,
836810|3080F|,836810,3080F,,2017,2017,H,1,ea568bc3a1a1780f613e572b2a506ce5ef47951e59bdbdc91ea31bb71878f64f,59439,2017: Counterspace System,,,0/0,R-DEC-ERA-HISTORY,history_only,,,,
837100|3080F|,837100,3080F,,2017,2023,A1,7,5e1d5cff904f4d304f192dd75a46f8d041f9d96bd1e73249db284efad57d123c,886028,2017: Tactical C-E Equipment; 2018: Tactical C-E Equipment; 2019: Tactical C-E Equipment; 2020: Tactical C-E Equipment; 2021: Tactical C-E Equipment; 2022: Tactical C-E Equipment; 2023: Tactical C-E Equipment,Tactical C-E Equipment,1.00,7/7,R-DEC-ERA-SAME,same_program,,,,
837170|3080F|,837170,3080F,,2018,2020,A1,3,8c34dcdde918154a70569f3eec2039601c57e63d5b5753fe24c04c109f2f66d4,3004,2018: Combat Survivor Evader Locater; 2019: Combat Survivor Evader Locater; 2020: Combat Survivor Evader Locater,Combat Survivor Evader Locater,1.00,2/2,R-DEC-ERA-SAME,same_program,,,,
837190|3080F|,837190,3080F,,2017,2023,A1,7,6e09b4cb4a4f4bdd2413c843b38e39e426fbb9d94c30dfb95b53868dde5a7ed5,96451,2017: Radio Equipment; 2018: Radio Equipment; 2019: Radio Equipment; 2020: Radio Equipment; 2021: Radio Equipment; 2022: Radio Equipment; 2023: Radio Equipment,Radio Equipment,1.00,7/7,R-DEC-ERA-SAME,same_program,,,,
837240|3080F|,837240,3080F,,2017,2023,H,7,7b272ccf4b9ba557faff9aa0108f2e0d5c77edbe7a7697f5b63ad8ec1bdd681e,31524,2017: CCTV/Audiovisual Equipment; 2018: CCTV/Audiovisual Equipment; 2019: CCTV/Audiovisual Equipment; 2020: CCTV/Audiovisual Equipment; 2021: CCTV/Audiovisual Equipment; 2022: CCTV/Audiovisual Equipment; 2023: CCTV/Audiovisual Equipment,,,5/6,R-DEC-ERA-HISTORY,history_only,,,,
837300|3080F|,837300,3080F,,2017,2023,A1,7,84bb667d5d8e9c2090972a9fc0c50e239cb98b87952a58cc4467bc9c7cee8c7e,876997,2017: Base Comm Infrastructure; 2018: Base Comm Infrastructure; 2019: Base Comm Infrastructure; 2020: Base Comm Infrastructure; 2021: Base Comm Infrastructure; 2022: Base Comm Infrastructure; 2023: Base Comm Infrastructure,Base Comm Infrastructure,1.00,7/7,R-DEC-ERA-SAME,same_program,,,,
838010|3080F|,838010,3080F,,2017,2023,A1,7,82fee9c52772872536a9731961faffe5874f5c5c714508097cf02ab96e960ddb,323482,2017: Comm Elect Mods; 2018: Comm Elect Mods; 2019: Comm Elect Mods; 2020: Comm Elect Mods; 2021: Comm Elect Mods; 2022: Comm Elect Mods; 2023: Comm Elect Mods,Comm Elect Mods,1.00,7/7,R-DEC-ERA-SAME,same_program,,,,
8386BA5500|2035A|,8386BA5500,2035A,,2017,2023,A1,7,bc5fb171cc321ef7623268610defcd9039136ab65567e876a3083a8fb191d925,1462908,2017: Counterfire Radars; 2018: Counterfire Radars; 2019: Counterfire Radars; 2020: Counterfire Radars; 2021: Counterfire Radars; 2022: Counterfire Radars; 2023: Counterfire Radars,Counterfire Radars,1.00,6/7,R-DEC-ERA-SAME,same_program,,,,
8387B05201|2035A|,8387B05201,2035A,,2017,2023,H,7,4f0c93325b6949686c186024df8c9897ea9b8191da2417faba57cabc7874de0c,251894,2017: Lightweight Counter Mortar Radar; 2018: Lightweight Counter Mortar Radar; 2019: Lightweight Counter Mortar Radar; 2020: Lightweight Counter Mortar Radar; 2021: Lightweight Counter Mortar Radar; 2022: Lightweight Counter Mortar Radar; 2023: Lightweight Counter Mortar Radar,,,6/6,R-DEC-ERA-HISTORY,history_only,,,,
842140|3080F|,842140,3080F,,2017,2018,H,2,baf38cbb926fbd74aed541757e917c76e82cd2f4f36545157939fbe03eaab9d1,19292,2017: Night Vision Goggles; 2018: Night Vision Goggles,,,1/1,R-DEC-ERA-HISTORY,history_only,,,,
842990|3080F|,842990,3080F,,2017,2023,A1+R1,7,b9405285798856eddbdd31ae700a045f7efb9d62e5f0ba92097abee913a40e0c,467785,2017: Items Less Than $5 Million; 2018: Items Less Than $5 Million; 2019: Personal Safety and Rescue Equipment; 2020: Personal Safety and Rescue Equipment; 2021: Personal Safety and Rescue Equipment; 2022: Personal Safety and Rescue Equipment; 2023: Personal Safety and Rescue Equipment,Personal Safety and Rescue Equipment,0.00,7/7,owner-batch,,,,,
843040|3080F|,843040,3080F,,2020,2023,A1,4,663946130213b7ec862b797b057fb351a779a04da7df8fb367f4647f07e0cddf,22704,2020: Power Conditioning Equipment; 2021: Power Conditioning Equipment; 2022: Power Conditioning Equipment; 2023: Power Conditioning Equipment,POWER CONDITIONING EQUIPMENT,1.00,4/4,R-DEC-ERA-SAME,same_program,,,,
843050|3080F|,843050,3080F,,2017,2023,A1,7,3e0af21cc469dd86eff8b53099b9b022627a36b3d2988f262fa7b3624b1e5809,140628,2017: Mechanized Material Handling Equip; 2018: Mechanized Material Handling Equip; 2019: Mechanized Material Handling Equip; 2020: Mechanized Material Handling Equip; 2021: Mechanized Material Handling Equip; 2022: Mechanized Material Handling Equip; 2023: Mechanized Material Handling Equip,Mechanized Material Handling Equip,1.00,7/7,R-DEC-ERA-SAME,same_program,,,,
845010|3080F|,845010,3080F,,2017,2023,A1,7,696dfb71f4732dac5527e4e254ad490f5f1ba59e29b17a2591bef6d5864d3f31,157437,2017: Base Procured Equipment; 2018: Base Procured Equipment; 2019: Base Procured Equipment; 2020: Base Procured Equipment; 2021: Base Procured Equipment; 2022: Base Procured Equipment; 2023: Base Procured Equipment,Base Procured Equipment,1.00,7/7,R-DEC-ERA-SAME,same_program,,,,
845100|3080F|,845100,3080F,,2017,2023,A1,7,de2406d294bede2d0525cf523aef34ce3b49f41d8ab51537411f95753dc91a88,716306,2017: Engineering and EOD Equipment; 2018: Engineering and EOD Equipment; 2019: Engineering and EOD Equipment; 2020: Engineering and EOD Equipment; 2021: Engineering and EOD Equipment; 2022: Engineering and EOD Equipment; 2023: Engineering and EOD Equipment,Engineering and EOD Equipment,1.00,7/7,R-DEC-ERA-SAME,same_program,,,,
845380|3080F|,845380,3080F,,2017,2017,H,1,b0cc86ff8deddca3f4917164837d6b69c1bcaa5207a8782a58e6a1d1368a3dcf,2495,2017: Productivity Capital Investment,,,0/0,R-DEC-ERA-HISTORY,history_only,,,,
845420|3080F|,845420,3080F,,2017,2023,A1,7,1d16083b8085dc1c488e0218fb3ca130dd41cc7d0e16fc87077da561071e5e5b,506950,2017: Mobility Equipment; 2018: Mobility Equipment; 2019: Mobility Equipment; 2020: Mobility Equipment; 2021: Mobility Equipment; 2022: Mobility Equipment; 2023: Mobility Equipment,Mobility Equipment,1.00,6/7,R-DEC-ERA-SAME,same_program,,,,
845550|3080F|,845550,3080F,,2020,2023,A1,4,5e1ab34f907162669b408ec2dbbf9df9abccba06a4ae79950ee5c9b9d71f2276,39673,2020: Fuels Support Equipment (FSE); 2021: Fuels Support Equipment (FSE); 2022: Fuels Support Equipment (FSE); 2023: Fuels Support Equipment (FSE),Fuels Support Equipment (FSE),1.00,4/4,R-DEC-ERA-SAME,same_program,,,,
845990|3080F|,845990,3080F,,2017,2023,A1+R1,7,9dcdcd4e5e32d553f7c82e072edaa6c9072aa7449a42a24d683fb2e02ce8babb,342919,2017: Items Less Than $5 Million; 2018: Items Less Than $5 Million; 2019: Base Maintenance and Support Equipment; 2020: Base Maintenance and Support Equipment; 2021: Base Maintenance and Support Equipment; 2022: Base Maintenance and Support Equipment; 2023: Base Maintenance and Support Equipment,Base Maintenance and Support Equipment,0.00,7/7,owner-batch,,,,,
846070|3080F|,846070,3080F,,2017,2023,A1,7,f6e6b7a29273110247b7ce93d80a6d1cb526cf62c02f35c5d75d93a92737f963,205860,2017: DARP RC135; 2018: DARP RC135; 2019: DARP RC135; 2020: DARP RC135; 2021: DARP RC135; 2022: DARP RC135; 2023: DARP RC135,DARP RC135,1.00,7/7,R-DEC-ERA-SAME,same_program,,,,
846080|3080F|,846080,3080F,,2017,2023,A1,7,95bbf4a6bfa40fdb9c1e05ef479ee8030c5eb3f5047efed804f2f13de15d1e57,1541923,2017: DCGS-AF; 2018: DCGS-AF; 2019: DCGS-AF; 2020: DCGS-AF; 2021: DCGS-AF; 2022: DCGS-AF; 2023: DCGS-AF,DCGS-AF,1.00,7/7,R-DEC-ERA-SAME,same_program,,,,
846510|3080F|,846510,3080F,,2017,2023,A1,7,2041846dff6ac1e03cbc7e18d22a6d187ae3042540046a2f7f84b5ab86e9fd29,5296535,2017: Special Update Program; 2018: Special Update Program; 2019: Special Update Program; 2020: Special Update Program; 2021: Special Update Program; 2022: Special Update Program; 2023: Special Update Program,Special Update Program,1.00,7/7,R-DEC-ERA-SAME,same_program,,,,
846570|3080F|,846570,3080F,,2017,2018,H,2,9e4a0f81675188b62663dcd092abf6fff6bae452218ec979419ba59acd459398,212722,2017: Defense Space Reconnaissance Prog.; 2018: Defense Space Reconnaissance Prog.,,,1/1,R-DEC-ERA-HISTORY,history_only,,,,
8488K00002|2035A|,8488K00002,2035A,,2017,2023,A1,7,a0c3f26139b88975738d93f8219237a8eb53d43665f5afd9dae5bdf8f8ca2e07,35809,2017: EW Planning & Management Tools (EWPMT); 2018: EW Planning & Management Tools (EWPMT); 2019: EW Planning & Management Tools (EWPMT); 2020: EW Planning & Management Tools (EWPMT); 2021: EW Planning & Management Tools (EWPMT); 2022: EW Planning & Management Tools (EWPMT); 2023: EW Planning & Management Tools (EWPMT),EW Planning & Management Tools (EWPMT),1.00,6/7,R-DEC-ERA-SAME,same_program,,,,
8489W60001|2035A|,8489W60001,2035A,,2017,2023,A1,7,19deba97371583cbe354e6affaac2d9aed49f9c13ffdc78cf9dd649b1eab8c40,46915,2017: Air Vigilance (AV); 2018: Air Vigilance (AV); 2019: Air Vigilance (AV) (MIP); 2020: Air Vigilance (AV) (MIP); 2021: Air Vigilance (AV) (MIP); 2022: AIR VIGILANCE (AV); 2023: AIR VIGILANCE (AV),AIR VIGILANCE (AV),1.00,7/7,R-DEC-ERA-SAME,same_program,,,,
8490VA8000|2035A|,8490VA8000,2035A,,2017,2021,H,5,618e0c2ec092ecaea86f64f024a055aa3f7295561240718d2c8a604b3d8b79e9,71211,2017: Crew; 2018: Crew; 2019: Crew; 2020: Crew; 2021: CREW,,,3/4,R-DEC-ERA-HISTORY,history_only,,,,
8491B05000|2035A|,8491B05000,2035A,,2020,2023,A1,4,70b24a145566f47a15ec44fcec9ad4b7898d0ac4294c63f433ce08997726eb3d,8669,2020: Multi-Function Electronic Warfare (MFEW) Syst; 2021: Multi-Function Electronic Warfare (MFEW) Syst; 2022: Multi-Function Electronic Warfare (MFEW) Syst; 2023: Multi-Function Electronic Warfare (MFEW) Syst,Multi-Function Electronic Warfare (MFEW) Syst,1.00,4/4,R-DEC-ERA-SAME,same_program,,,,
8500R12001|2035A|,8500R12001,2035A,,2017,2023,A1,7,d60814d6d3f328e1302a74ddf1891fb09c478d27ea47430261cf82ee2ec4b6b9,36396,2017: Family of Boats and Motors; 2018: Family of Boats and Motors; 2019: Family of Boats and Motors; 2020: Family of Boats and Motors; 2021: Family of Boats and Motors; 2022: Family of Boats and Motors; 2023: Family of Boats and Motors,Family of Boats and Motors,1.00,7/7,R-DEC-ERA-SAME,same_program,,,,
8540C29600|2032A|,8540C29600,2032A,,2021,2023,A1,3,487ee620df2bb25ccc1060f90ced42aae5ef90bd7c328db1b116d2d6e730669c,59929,2021: PRECISION STRIKE MISSILE (PRSM); 2022: PRECISION STRIKE MISSILE (PRSM); 2023: PRECISION STRIKE MISSILE (PRSM),PRECISION STRIKE MISSILE (PRSM),1.00,3/3,R-DEC-ERA-SAME,same_program,,,,
8554B55501|2035A|,8554B55501,2035A,,2017,2020,H,4,7d8952c7a4139d5409255fd43211fc2f7b36c5b4616b9e265929a242f9ec2765,5076,2017: Spider Apla Remote Control Unit; 2018: Spider Apla Remote Control Unit; 2019: Spider Apla Remote Control Unit; 2020: Spider Apla Remote Control Unit,,,3/3,R-DEC-ERA-HISTORY,history_only,,,,
8558B54020|2035A|,8558B54020,2035A,,2017,2022,H,6,2c7fd8dc5f595325d893e9423bcee38a141b14d7e65979a5fa1996a3881c42ce,46770,2017: Spider Family of Networked Munitions Incr; 2018: Spider Family of Networked Munitions Incr; 2019: Spider Family of Networked Munitions Incr; 2020: Spider Family of Networked Munitions Incr; 2021: Spider Family of Networked Munitions Incr; 2022: Spider Family of Networked Munitions Incr,,,5/5,R-DEC-ERA-HISTORY,history_only,,,,
8560BA5300|2035A|,8560BA5300,2035A,,2017,2018,H,2,6add5229e5d3e3da4ba0a670407b27bc828028ac253fdb47410266ea09265f17,643,2017: Soldier Enhancement Program Comm/Electronics; 2018: Soldier Enhancement Program Comm/Electronics,,,1/1,R-DEC-ERA-HISTORY,history_only,,,,
8562B55510|2035A|,8562B55510,2035A,,2017,2023,A1,6,795c57657509ec20410f2ddfaf6a707adfab2460888188f5cf1a2212d6b7c2f0,66637,2017: Tactical Communications and Protective System; 2018: Tactical Communications and Protective System; 2019: Tactical Communications and Protective System; 2020: Tactical Communications and Protective System; 2021: Tactical Communications And Protective System; 2023: Tactical Communications And Protective System,Tactical Communications And Protective System,1.00,5/5,R-DEC-ERA-SAME,same_program,,,,
8563B58601|2035A|,8563B58601,2035A,,2017,2023,A1,7,504e493f44e49ff9f8adea27462954fa903c1bb661eb1c1ef74ee28a9a494df6,123009,2017: Unified Command Suite; 2018: Unified Command Suite; 2019: Unified Command Suite; 2020: Unified Command Suite; 2021: Unified Command Suite; 2022: Unified Command Suite; 2023: Unified Command Suite,Unified Command Suite,1.00,7/7,R-DEC-ERA-SAME,same_program,,,,
861350|3080F|,861350,3080F,,2021,2023,A1,3,7eb12df532e21206350c99de1a14e0cd7465d36bbe06ddafaa030170be7cc864,1664,2021: Spares and Repair Parts (Cyber); 2022: Spares and Repair Parts (Cyber); 2023: Spares and Repair Parts (Cyber),Spares and Repair Parts (Cyber),1.00,3/3,R-DEC-ERA-SAME,same_program,,,,
861900|3080F|,861900,3080F,,2017,2023,A1,7,d1109026a664361cd8d14e472521f7359bc4c512a1ad7ef40476abf46a309306,252096,2017: Spares and Repair Parts; 2018: Spares and Repair Parts; 2019: Spares And Repair Parts; 2020: Spares And Repair Parts; 2021: Spares And Repair Parts; 2022: Spares And Repair Parts; 2023: Spares And Repair Parts,Spares And Repair Parts,1.00,7/7,R-DEC-ERA-SAME,same_program,,,,
86190A|3080F|,86190A,3080F,,2017,2018,H,2,a692bd7423a14cccc4c1820585a0081f1d666e10fe3ca8977d8d23a5775f9601,92676,2017: Spares And Repair Parts; 2018: Spares And Repair Parts,,,1/1,R-DEC-ERA-HISTORY,history_only,,,,
8635G15325|2033A|,8635G15325,2033A,,2018,2023,A1,6,25cc6f937242789716b92cee53df247303e871ef11970b64c311ef6609f144de,69661,2018: Handgun; 2019: Handgun; 2020: Handgun; 2021: Handgun; 2022: Handgun; 2023: Handgun,Handgun,1.00,6/6,R-DEC-ERA-SAME,same_program,,,,
8645|1810N|,8645,1810N,,2021,2023,A1,3,ab2367029e93887b9d890c7331b23f258f0ae98fb2443213f779c1c6da1618f2,16221,2021: Cyberspace Activities; 2022: Cyberspace Activities; 2023: Cyberspace Activities,Cyberspace Activities,1.00,3/3,R-DEC-ERA-SAME,same_program,,,,
8646|1810N|,8646,1810N,,2023,2023,A1,1,3816946e3f0e6eb86b83f52506137b2364226a73a9f45e80d0b6392fdae01802,0,2023: Cyber Mission Forces,Cyber Mission Forces,1.00,1/1,R-DEC-ERA-SAME,same_program,,,,
8658AA0712|2031A|,8658AA0712,2031A,,2017,2023,A1,7,631b5b8286ca0b5e89bfd0483ca98265020a95e0f3794ca750cd93d89b08b35a,713173,2017: Network and Mission Plan; 2018: Network and Mission Plan; 2019: Network and Mission Plan; 2020: Network and Mission Plan; 2021: Network And Mission Plan; 2022: Network And Mission Plan; 2023: Network And Mission Plan,Network And Mission Plan,1.00,7/7,R-DEC-ERA-SAME,same_program,,,,
8659AA0723|2031A|,8659AA0723,2031A,,2017,2023,A1,7,e12006403c022a81a1ea17ad8d43425e47c1a3ae390039440e23f8b4df9bccd6,860937,"2017: Comms, Nav Surveillance; 2018: Comms, Nav Surveillance; 2019: Comms, Nav Surveillance; 2020: Comms, Nav Surveillance; 2021: Comms, Nav Surveillance; 2022: Comms, Nav Surveillance; 2023: Comms, Nav Surveillance","Comms, Nav Surveillance",1.00,7/7,R-DEC-ERA-SAME,same_program,,,,
8660A00713|2031A|,8660A00713,2031A,,2019,2023,A1,5,f97f93db4a54ed16a2fdc95d56c11901283f9adda558b3aa42c926ae0c8b19a6,81366,2019: Degraded Visual Environment; 2020: Degraded Visual Environment; 2021: Degraded Visual Environment; 2022: Degraded Visual Environment; 2023: Degraded Visual Environment,Degraded Visual Environment,1.00,5/5,R-DEC-ERA-SAME,same_program,,,,
8662A01006|2031A|,8662A01006,2031A,,2021,2023,A1,3,2c7bdef02115e08ee08d03cd13fe464dbf9d47e0c0f0ed696d21d75d71a5ab5e,53509,2021: Aviation ASSURED PNT; 2022: Aviation ASSURED PNT; 2023: Aviation ASSURED PNT,Aviation ASSURED PNT,1.00,3/3,R-DEC-ERA-SAME,same_program,,,,
8750E27501|2034A|,8750E27501,2034A,,2017,2023,A1,7,b3ca08ef3ed7396f5ef73b7848f92d16771f703446973bc7227c39dbe76530c8,1315425,"2017: Artillery Propellants, Fuzes and Primers, All; 2018: Artillery Propellants, Fuzes and Primers, All; 2019: Artillery Propellants, Fuzes and Primers, All; 2020: Artillery Propellants, Fuzes and Primers, All; 2021: Artillery Propellants, Fuzes and Primers, All; 2022: Artillery Propellants, Fuzes and Primers, All; 2023: Artillery Propellants, Fuzes and Primers, All","Artillery Propellants, Fuzes and Primers, All",1.00,6/7,R-DEC-ERA-SAME,same_program,,,,
8796MA6800|2035A|,8796MA6800,2035A,,2017,2023,A1,7,2c94fd86e0174dbaa9675f910aad2e1b09c348de1e6d2d162306e7fe50f15d41,8274,2017: Soldier Enhancement; 2018: Soldier Enhancement; 2019: Soldier Enhancement; 2020: Soldier Enhancement; 2021: Soldier Enhancement; 2022: Soldier Enhancement; 2023: Soldier Enhancement,Soldier Enhancement,1.00,7/7,R-DEC-ERA-SAME,same_program,,,,
8822G01101|2035A|,8822G01101,2035A,,2017,2023,A1,7,beb7a08df5862dc868bb268f0ce2f58546acb00c57700b28a4aa71181fd067f8,62610,2017: Personnel Recovery Support System (PRSS); 2018: Personnel Recovery Support System (PRSS); 2019: Personnel Recovery Support System (PRSS); 2020: Personnel Recovery Support System (PRSS); 2021: Personnel Recovery Support System (PRSS); 2022: Personnel Recovery Support System (PRSS); 2023: Personnel Recovery Support System (PRSS),Personnel Recovery Support System (PRSS),1.00,7/7,R-DEC-ERA-SAME,same_program,,,,
8825R80501|2035A|,8825R80501,2035A,,2017,2023,A1,7,990b9bfd8d895ce924ba6ed86cf3fd1284f3c77ebd2130b7ed699cf4b8747d74,586133,2017: Ground Soldier System; 2018: Ground Soldier System; 2019: Ground Soldier System; 2020: Ground Soldier System; 2021: Ground Soldier System; 2022: Ground Soldier System; 2023: Ground Soldier System,Ground Soldier System,1.00,6/7,R-DEC-ERA-SAME,same_program,,,,
8827R80800|2035A|,8827R80800,2035A,,2017,2023,A1,7,0bebf4e266de8dbf15de684cf807917125bb48329f9f47bdf92c9585df9a282d,148186,2017: Mobile Soldier Power; 2018: Mobile Soldier Power; 2019: Mobile Soldier Power; 2020: Mobile Soldier Power; 2021: Mobile Soldier Power; 2022: Mobile Soldier Power; 2023: Mobile Soldier Power,Mobile Soldier Power,1.00,7/7,R-DEC-ERA-SAME,same_program,,,,
8859AA0711|2031A|,8859AA0711,2031A,,2017,2023,A1,7,018a54840f337e16b853049173433dbd176b32fa41e8d1cc0ce9b2a2f0240871,240866,2017: GATM Rollup; 2018: GATM Rollup; 2019: GATM Rollup; 2020: GATM Rollup; 2021: GATM Rollup; 2022: GATM Rollup; 2023: GATM Rollup,GATM Rollup,1.00,7/7,R-DEC-ERA-SAME,same_program,,,,
8860M80200|2035A|,8860M80200,2035A,,2017,2023,A1,7,892a30aa97c2eaa289dfbc6b20c89b9ff7d8da581d67ecdae63def76fb08be52,329516,2017: Force Provider; 2018: Force Provider; 2019: Force Provider; 2020: Force Provider; 2021: Force Provider; 2022: Force Provider; 2023: Force Provider,Force Provider,1.00,6/7,R-DEC-ERA-SAME,same_program,,,,
8930C61001|2032A|,8930C61001,2032A,,2017,2023,A1,10,52f25b0b4c2c1582e60aeae8b91cf8d74e023fe75120c3f4f9bee141124b18be,338995,2017: INDIRECT FIRE PROTECTION CAPABILITY INC 2-I; 2018: INDIRECT FIRE PROTECTION CAPABILITY INC 2-I; 2019: INDIRECT FIRE PROTECTION CAPABILITY INC 2-I; 2020: INDIRECT FIRE PROTECTION CAPABILITY INC 2-I; 2021: INDIRECT FIRE PROTECTION CAPABILITY INC 2-I; 2022: INDIRECT FIRE PROTECTION CAPABILITY INC 2-I; 2023: INDIRECT FIRE PROTECTION CAPABILITY INC 2-I,INDIRECT FIRE PROTECTION CAPABILITY INC 2-I,1.00,7/7,R-DEC-ERA-SAME,same_program,,,,
8948DV0021|2035A|,8948DV0021,2035A,,2017,2023,A1,7,feed481e957ab415bb7a093ce1f0a1aee2f88fc1941f20c2004ffd144ffcd9ed,1068606,2017: Hvy Expanded Mobile Tactical Truck Ext Serv; 2018: Hvy Expanded Mobile Tactical Truck Ext Serv; 2019: Hvy Expanded Mobile Tactical Truck Ext Serv; 2020: Hvy Expanded Mobile Tactical Truck Ext Serv; 2021: Hvy Expanded Mobile Tactical Truck Ext Serv; 2022: Hvy Expanded Mobile Tactical Truck Ext Serv; 2023: Hvy Expanded Mobile Tactical Truck Ext Serv,Hvy Expanded Mobile Tactical Truck Ext Serv,1.00,5/7,R-DEC-ERA-SAME,same_program,,,,
8953DV0230|2035A|,8953DV0230,2035A,,2020,2022,H,3,bcdc93064ae8e2f9230818399cea81117d602207b673769a9218fe7980d0f061,36734,2020: HMMWV Recapitalization Program; 2021: HMMWV Recapitalization Program; 2022: HMMWV Recapitalization Program,,,2/2,R-DEC-ERA-HISTORY,history_only,,,,
8980D04003|2035A|,8980D04003,2035A,,2017,2023,A1,7,090e091b776e3215ce2029473edfc3c4c0e8f09d0484c146bb633e4615badb0e,494731,2017: Tactical Wheeled Vehicle Protection Kits; 2018: Tactical Wheeled Vehicle Protection Kits; 2019: Tactical Wheeled Vehicle Protection Kits; 2020: Tactical Wheeled Vehicle Protection Kits; 2021: Tactical Wheeled Vehicle Protection Kits; 2022: Tactical Wheeled Vehicle Protection Kits; 2023: Tactical Wheeled Vehicle Protection Kits,Tactical Wheeled Vehicle Protection Kits,1.00,7/7,R-DEC-ERA-SAME,same_program,,,,
8992DA0924|2035A|,8992DA0924,2035A,,2017,2023,A1,7,7359654c830d707ef0c5fe4f863bf829c4c229d0339d9a83547b90a61b3061c1,1016390,2017: Modification of In Svc Equip; 2018: Modification of In Svc Equip; 2019: Modification of In Svc Equip; 2020: Modification of In Svc Equip; 2021: Modification Of In Svc Equip; 2022: Modification Of In Svc Equip; 2023: Modification Of In Svc Equip,Modification Of In Svc Equip,1.00,7/7,R-DEC-ERA-SAME,same_program,,,,
8995D03002|2035A|,8995D03002,2035A,,2017,2020,H,4,fa2b91b97bf5e49e0ae083cc3415be617be97acc76b5de0b25dfc8bd7a491673,652095,2017: Mine-Resistant Ambush-Protected (MRAP) Mods; 2018: Mine-Resistant Ambush-Protected (MRAP) Mods; 2019: Mine-Resistant Ambush-Protected (MRAP) Mods; 2020: Mine-Resistant Ambush-Protected (MRAP) Mods,,,3/3,R-DEC-ERA-HISTORY,history_only,,,,
89|0300D|,89,0300D,,2017,2020,H,4,2582d4b8d391570dac3a33b17281db6e18979d980b3db2aac580fb4e5e43970f,28453,2017: Cyber Security Initiative; 2018: Cyber Security Initiative; 2019: Cyber Security Initiative; 2020: Cyber Security Initiative,,,3/3,R-DEC-ERA-HISTORY,history_only,,,,
9012R42501|2035A|,9012R42501,2035A,,2017,2023,A1,7,982bed5b6631130502e31aecf110c0d991d51116ce32c08f05609c29d79ccdab,74972,2017: Tactical Electric Power Recapitalization; 2018: Tactical Electric Power Recapitalization; 2019: Tactical Electric Power Recapitalization; 2020: Tactical Electric Power Recapitalization; 2021: Tactical Electric Power Recapitalization; 2022: Tactical Electric Power Recapitalization; 2023: Tactical Electric Power Recapitalization,Tactical Electric Power Recapitalization,1.00,7/7,R-DEC-ERA-SAME,same_program,,,,
9020|1810N|,9020,1810N,,2017,2023,A1,7,ff3a2f247b198353fc0f8b58601feebc9d15ed94c24d20741ed9fa22e08e819a,2096870,2017: Spares and Repair Parts; 2018: Spares and Repair Parts; 2019: Spares and Repair Parts; 2020: Spares and Repair Parts; 2021: Spares and Repair Parts; 2022: Spares and Repair Parts; 2023: Spares and Repair Parts,Spares and Repair Parts,1.00,7/7,R-DEC-ERA-SAME,same_program,,,,
9042B29810|2035A|,9042B29810,2035A,,2019,2023,A1,5,b66c0e126a5682e983e5ffb10bc96ade8700b00d65a54672482a7294f7b59162,25284,2019: Army Command Post Integrated Infrastructure (; 2020: Army Command Post Integrated Infrastructure (; 2021: Army Command Post Integrated Infrastructure (; 2022: Army Command Post Integrated Infrastructure (; 2023: Army Command Post Integrated Infrastructure (,Army Command Post Integrated Infrastructure (,1.00,5/5,R-DEC-ERA-SAME,same_program,,,,
9060B28501|2035A|,9060B28501,2035A,,2017,2023,A1,7,a56f1f5c674dcb66ba3f99cba05b97b5b0b93b48e8d7f22bb19e1a264c3a74d5,74979,2017: Fire Support C2 Family; 2018: Fire Support C2 Family; 2019: Fire Support C2 Family; 2020: Fire Support C2 Family; 2021: Fire Support C2 Family; 2022: Fire Support C2 Family; 2023: Fire Support C2 Family,Fire Support C2 Family,1.00,7/7,R-DEC-ERA-SAME,same_program,,,,
9090R07001|2035A|,9090R07001,2035A,,2017,2021,H,5,19ef332b0581a02bc7a81fbba1d2f881c586cfc1fb6a60ea7010b1e9f22d64c6,31277,2017: Enhanced Rapid Airfield Construction Capap; 2018: Enhanced Rapid Airfield Construction Capap; 2019: Enhanced Rapid Airfield Construction Capap; 2020: Enhanced Rapid Airfield Construction Capap; 2021: Enhanced Rapid Airfield Construction Capap,,,4/4,R-DEC-ERA-HISTORY,history_only,,,,
9091B85010|2035A|,9091B85010,2035A,,2021,2023,H,3,a159479a9554f9d654c0d649f3b5dda8c7014922fa3fde23fb15b72d6f68b0f6,260,2021: Items Less Than $5M (Info Security); 2022: Items Less Than $5M (Info Security); 2023: Items Less Than $5M (Info Security),,,2/2,R-DEC-ERA-HISTORY,history_only,,,,
90|0300D|,90,0300D,,2017,2023,A1,7,08b980572ed5ecd706911cad1efa99184776d402feb6add79b6e97970ddd671f,411872,2017: White House Communication Agency; 2018: White House Communication Agency; 2019: White House Communication Agency; 2020: White House Communication Agency; 2021: White House Communication Agency; 2022: White House Communication Agency; 2023: White House Communication Agency,White House Communication Agency,1.00,7/7,R-DEC-ERA-SAME,same_program,,,,
9113R07005|2035A|,9113R07005,2035A,,2017,2023,A1,3,bbcec57064f7f0cda3a12f5e5fd30f0e376adc426f259f9e723e4c94990fb652,446,2017: Family of Diver Support Equipment; 2018: Family of Diver Support Equipment; 2023: Family of Diver Support Equipment,Family of Diver Support Equipment,1.00,2/2,R-DEC-ERA-SAME,same_program,,,,
9120M05500|2035A|,9120M05500,2035A,,2017,2023,A1,7,c73847f8e776ef1c1294eeecf2ec106018deaa35e348870c40cb9ebb943a4498,150974,2017: Const Equip Esp; 2018: Const Equip Esp; 2019: Const Equip Esp; 2020: Const Equip Esp; 2021: Const Equip ESP; 2022: Const Equip ESP; 2023: Const Equip ESP,Const Equip ESP,1.00,7/7,R-DEC-ERA-SAME,same_program,,,,
9120M65800|2035A|,9120M65800,2035A,,2017,2023,A1,7,31648b2f24559b03e4fd69484636bb59babeedd4e386060960303a66cc1127e5,96999,2017: Field Feeding Equipment; 2018: Field Feeding Equipment; 2019: Field Feeding Equipment; 2020: Field Feeding Equipment; 2021: Field Feeding Equipment; 2022: Field Feeding Equipment; 2023: Field Feeding Equipment,Field Feeding Equipment,1.00,7/7,R-DEC-ERA-SAME,same_program,,,,
9140MA7804|2035A|,9140MA7804,2035A,,2017,2023,A1,7,71da6512358110c21669e57361726faf8d040e8f5b53fb92146f7a9756040ed7,268996,2017: Cargo Aerial Del & Personnel Parachute System; 2018: Cargo Aerial Del & Personnel Parachute System; 2019: Cargo Aerial Del & Personnel Parachute System; 2020: Cargo Aerial Del & Personnel Parachute System; 2021: Cargo Aerial Del & Personnel Parachute System; 2022: Cargo Aerial Del & Personnel Parachute System; 2023: Cargo Aerial Del & Personnel Parachute System,Cargo Aerial Del & Personnel Parachute System,1.00,7/7,R-DEC-ERA-SAME,same_program,,,,
9154A50100|2031A|,9154A50100,2031A,,2017,2023,A1,7,58ff3c02fbb0b31e6831fd35e6cba6ea490f5f21197f6c720ebf6151e69ec74e,17267,"2017: Launcher, 2.75 Rocket; 2018: Launcher, 2.75 Rocket; 2019: Launcher, 2.75 Rocket; 2020: Launcher, 2.75 Rocket; 2021: Launcher, 2.75 Rocket; 2022: Launcher, 2.75 Rocket; 2023: Launcher, 2.75 Rocket","Launcher, 2.75 Rocket",1.00,7/7,R-DEC-ERA-SAME,same_program,,,,
9157J01200|2031A|,9157J01200,2031A,,2019,2023,A1,5,1bb433689f86c75b9f8b1917a3f036802ce6fd02fc32a7e8bb2d277609c69f4a,12964,2019: Launcher Guided Missile: Longbow Hellfire XM2; 2020: Launcher Guided Missile: Longbow Hellfire XM2; 2021: Launcher Guided Missile: Longbow Hellfire XM2; 2022: Launcher Guided Missile: Longbow Hellfire XM2; 2023: Launcher Guided Missile: Longbow Hellfire XM2,Launcher Guided Missile: Longbow Hellfire XM2,1.00,4/4,R-DEC-ERA-SAME,same_program,,,,
9164BU8100|2035A|,9164BU8100,2035A,,2017,2023,A1+R1,6,532a1fa18c5c4ca25ae6173be4230eb47f2a490d31ff91709dc92b5eb7b59965,271449,"2017: Radio, Improved HF (COTS) Family; 2019: COTS Communications Equipment; 2020: COTS Communications Equipment; 2021: COTS Communications Equipment; 2022: COTS Communications Equipment; 2023: COTS Communications Equipment",COTS Communications Equipment,0.14,5/5,owner-batch,,,,,
9200BB8650|2035A|,9200BB8650,2035A,,2017,2023,A1,7,b78b2660a5371588694cc795c1d872a22d68cdf909d26846bdba7af508f9e09a,813018,2017: Information Systems; 2018: Information Systems; 2019: Information Systems; 2020: Information Systems; 2021: Information Systems; 2022: Information Systems; 2023: Information Systems,Information Systems,1.00,7/7,R-DEC-ERA-SAME,same_program,,,,
9219MA8975|2035A|,9219MA8975,2035A,,2017,2021,H,5,c143e1008d59fbea950b3d585e08e879feec661e9bee8beda1ab2dd43f4b1b9e,28070,2017: Tractor Yard; 2018: Tractor Yard; 2019: Tractor Yard; 2020: Tractor Yard; 2021: TRACTOR YARD,,,4/4,R-DEC-ERA-HISTORY,history_only,,,,
9266AD5070|2035A|,9266AD5070,2035A,,2017,2023,A1,7,435998cdcb3b3e93f4418fc288afec35f342438c5d1a00272a063b8ab5f287bb,446293,2017: AIR & MSL Defense Planning & Control Sys; 2018: AIR & MSL Defense Planning & Control Sys; 2019: AIR & MSL Defense Planning & Control Sys; 2020: AIR & MSL Defense Planning & Control Sys; 2021: AIR & MSL Defense Planning & Control Sys; 2022: AIR & MSL Defense Planning & Control Sys; 2023: AIR & MSL Defense Planning & Control Sys,AIR & MSL Defense Planning & Control Sys,1.00,6/7,R-DEC-ERA-SAME,same_program,,,,
9280BZ5075|2035A|,9280BZ5075,2035A,,2017,2023,A1,6,0576506d274e5c5a1e01bf429e0cd9a4bde24fe295fb48bd3576a5286fed66e8,249133,2017: IAMD Battle Command System; 2018: IAMD Battle Command System; 2020: IAMD Battle Command System; 2021: IAMD Battle Command System; 2022: IAMD Battle Command System; 2023: IAMD Battle Command System,IAMD Battle Command System,1.00,5/5,R-DEC-ERA-SAME,same_program,,,,
9280GC0925|2033A|,9280GC0925,2033A,,2017,2023,H,7,c2955d25fe4f3866c2b2704a0aa081c06a329c164613b95c8a915ac8042f4103,25355,2017: Modifications Less Than $5.0m (WOCV-WTCV); 2018: Modifications Less Than $5.0m (WOCV-WTCV); 2019: Modifications Less Than $5.0m (WOCV-WTCV); 2020: Modifications Less Than $5.0m (WOCV-WTCV); 2021: Modifications Less Than $5.0m (WOCV-WTCV); 2022: Modifications Less Than $5.0m (WOCV-WTCV); 2023: Modifications Less Than $5.0m (WOCV-WTCV),,,6/6,R-DEC-ERA-HISTORY,history_only,,,,
92|0300D|,92,0300D,,2017,2023,A1,7,72e7336c7bcefc1f8ae456643090d5f128eafc611014fe08d4bd10082dd2fe57,1733952,2017: Senior Leadership Enterprise; 2018: Senior Leadership Enterprise; 2019: Senior Leadership Enterprise; 2020: Senior Leadership Enterprise; 2021: Senior Leadership Enterprise; 2022: Senior Leadership Enterprise; 2023: Senior Leadership Enterprise,Senior Leadership Enterprise,1.00,7/7,R-DEC-ERA-SAME,same_program,,,,
9398K57300|2035A|,9398K57300,2035A,,2023,2023,A1,1,7729c4ae2a775133392fe4196f47ac1cb359a57e6d110797cd282a28e785f717,0,2023: TITAN,TITAN,1.00,0/0,R-DEC-ERA-SAME,same_program,,,,
9440A11300|2031A|,9440A11300,2031A,,2017,2023,A1,7,28c457a4dce555a1eedb05073e8f4195de5ecc7fcb017597fc6c270672f58e89,228767,2017: Utility F/W Aircraft; 2018: Utility F/W Aircraft; 2019: Utility F/W Aircraft; 2020: Utility F/W Aircraft; 2021: Utility F/W Aircraft; 2022: Utility F/W Aircraft; 2023: Utility F/W Aircraft,Utility F/W Aircraft,1.00,7/7,R-DEC-ERA-SAME,same_program,,,,
9442BD3955|2035A|,9442BD3955,2035A,,2017,2023,A1,7,8339c0e5e79c19401b3264cb5a6a4f8526530a47b64808382f13bd22e1d0ece4,29146,2017: Life Cycle Software Support (LCSS); 2018: Life Cycle Software Support (LCSS); 2019: Life Cycle Software Support (LCSS); 2020: Life Cycle Software Support (LCSS); 2021: Life Cycle Software Support (LCSS); 2022: Life Cycle Software Support (LCSS); 2023: Life Cycle Software Support (LCSS),Life Cycle Software Support (LCSS),1.00,7/7,R-DEC-ERA-SAME,same_program,,,,
9462ML5350|2035A|,9462ML5350,2035A,,2017,2022,H,6,db60d645341808ee9a2cef6c47645f40d14de7172ceb00a4edf3882cb5fb1b7a,39594,2017: Items Less Than $5.0M (Const Equip); 2018: Items Less Than $5.0M (Const Equip); 2019: Items Less Than $5.0M (Const Equip); 2020: Items Less Than $5.0M (Const Equip); 2021: Items Less Than $5.0M (Const Equip); 2022: Items Less Than $5.0M (Const Equip),,,5/5,R-DEC-ERA-HISTORY,history_only,,,,
9462R70001|2035A|,9462R70001,2035A,,2017,2023,A1,7,ae75aa4e81d84fde769ba4e326fdfb01c817302d67b6819483d9fbc64523f544,175493,2017: Family of Engr Combat and Construction Sets; 2018: Family of Engr Combat and Construction Sets; 2019: Family of Engr Combat and Construction Sets; 2020: Family of Engr Combat and Construction Sets; 2021: Family Of Engr Combat and Construction Sets; 2022: Family Of Engr Combat and Construction Sets; 2023: Family Of Engr Combat and Construction Sets,Family Of Engr Combat and Construction Sets,1.00,7/7,R-DEC-ERA-SAME,same_program,,,,
94|0300D|,94,0300D,,2017,2018,H,2,60755f02b95eebe828abff40b6de5dc0eb02bc88fb5fc7ca6c17c841433d4cbd,97686,2017: Joint Information Environment; 2018: Joint Information Environment,,,1/1,R-DEC-ERA-HISTORY,history_only,,,,
9522V29600|2035A|,9522V29600,2035A,,2017,2023,A1,7,7c14d6a62323f300d75f6f0c9360ce6ab46eeba43281d74b28509fef93c0f036,41259,2017: JTT/CIBS-M; 2018: JTT/CIBS-M; 2019: JTT/CIBS-M (MIP); 2020: JTT/CIBS-M (MIP); 2021: JTT/CIBS-M (MIP); 2022: JTT/CIBS-M; 2023: JTT/CIBS-M,JTT/CIBS-M,1.00,7/7,R-DEC-ERA-SAME,same_program,,,,
9530ML5301|2035A|,9530ML5301,2035A,,2017,2023,A1,7,2c57b6a6090affc6d0181ce1f269a5c38da20a75972939c44453ad54ebe7c284,31109,2017: Items Less Than $5M (Eng Spt); 2018: Items Less Than $5M (Eng Spt); 2019: Items Less Than $5M (Eng Spt); 2020: Items Less Than $5M (Eng Spt); 2021: Items Less Than $5M (Eng Spt); 2022: Items Less Than $5M (Eng Spt); 2023: Items Less Than $5M (Eng Spt),Items Less Than $5M (Eng Spt),1.00,7/7,R-DEC-ERA-SAME,same_program,,,,
9544BZ7326|2035A|,9544BZ7326,2035A,,2017,2018,H,2,0b0591e8759bda975ac6c320755f94c10be39b0ccaabdfdb6be3d548b06f69b1,109546,2017: Prophet Ground; 2018: Prophet Ground,,,1/1,R-DEC-ERA-HISTORY,history_only,,,,
9546B97600|2035A|,9546B97600,2035A,,2021,2023,A1,3,6dc1d14dcf75ada2ac5b6ee0dd5c2bea5d9269c5fcfb53ded0f40023bd8fb7f6,8081,2021: TERRESTRIAL LAYER SYSTEMS (TLS) (MIP); 2022: TERRESTRIAL LAYER SYSTEMS (TLS); 2023: TERRESTRIAL LAYER SYSTEMS (TLS),TERRESTRIAL LAYER SYSTEMS (TLS),1.00,3/3,R-DEC-ERA-SAME,same_program,,,,
9552ML5355|2035A|,9552ML5355,2035A,,2017,2023,A1,7,a2e258660cb0ff878307309491846b481d99fa0523d3773a17eea24ef612a139,30994,2017: Items Less Than $5.0M (Float/Rail); 2018: Items Less Than $5.0M (Float/Rail); 2019: Items Less Than $5.0M (Float/Rail); 2020: Items Less Than $5.0M (Float/Rail); 2021: Items Less Than $5.0M (Float/Rail); 2022: Items Less Than $5.0M (Float/Rail); 2023: Items Less Than $5.0M (Float/Rail),Items Less Than $5.0M (Float/Rail),1.00,7/7,R-DEC-ERA-SAME,same_program,,,,
9555A00018|2031A|,9555A00018,2031A,,2017,2023,A1,7,55331d20ac17176f6edf2d378b1b6cd81991ac5d1eed6608957d68e89a480e0f,794281,2017: RQ-7 UAV MODS; 2018: RQ-7 UAV MODS; 2019: RQ-7 UAV MODS; 2020: RQ-7 UAV MODS; 2021: RQ-7 UAV MODS; 2022: RQ-7 UAV MODS; 2023: RQ-7 UAV MODS,RQ-7 UAV MODS,1.00,5/7,R-DEC-ERA-SAME,same_program,,,,
9556A01002|2031A|,9556A01002,2031A,,2017,2023,A1,7,3b677f8754a999dbec32ffced43fd9b087b5ba7caa8909df7601145db69d4a3c,89308,2017: UAS MODS; 2018: UAS MODS; 2019: UAS MODS; 2020: UAS MODS; 2021: UAS MODS; 2022: UAS MODS; 2023: UAS MODS,UAS MODS,1.00,7/7,R-DEC-ERA-SAME,same_program,,,,
9562ML5345|2035A|,9562ML5345,2035A,,2017,2023,A1,7,c76a895e8928a6e35aa12697e9842c4686bebfc21143549329a3472dc4856d0c,28112,2017: Items Less Than $5.0M (Maint Eq); 2018: Items Less Than $5.0M (Maint Eq); 2019: Items Less Than $5.0M (Maint Eq); 2020: Items Less Than $5.0M (Maint Eq); 2021: Items Less Than $5.0M (Maint Eq); 2022: Items Less Than $5.0M (Maint Eq); 2023: Items Less Than $5.0M (Maint Eq),Items Less Than $5.0M (Maint Eq),1.00,7/7,R-DEC-ERA-SAME,same_program,,,,
9582G01700|2033A|,9582G01700,2033A,,2020,2020,H,1,97225aae2d173627609a6a710f716ce35154c147364064bacd142d74c4c4025e,61100,2020: Howitzer Lt Wt 155mm (T),,,0/0,R-DEC-ERA-HISTORY,history_only,,,,
9615EA8500|2034A|,9615EA8500,2034A,,2017,2023,A1,6,68cfcf00e34e61e08743cf10a7028ad5a9d17061adbf732998590cadf1e770c5,290,2017: Closeout Liabilities; 2019: Closeout Liabilities; 2020: Closeout Liabilities; 2021: Closeout Liabilities; 2022: Closeout Liabilities; 2023: Closeout Liabilities,Closeout Liabilities,1.00,5/5,R-DEC-ERA-SAME,same_program,,,,
9654BU4050|2035A|,9654BU4050,2035A,,2017,2023,A1,7,8e88f8a053b5b42060e4ed155a24551432ba9d29892c64cb5af81ffbc8e2fed3,183835,2017: Drug Interdiction Program (Dip) (TIARA); 2018: Drug Interdiction Program (Dip) (TIARA); 2019: Drug Interdiction Program (Dip) (TIARA); 2020: Drug Interdiction Program (Dip) (TIARA); 2021: DRUG INTERDICTION PROGRAM (DIP) (TIARA); 2022: DRUG INTERDICTION PROGRAM (DIP) (TIARA); 2023: DRUG INTERDICTION PROGRAM (DIP) (TIARA),DRUG INTERDICTION PROGRAM (DIP) (TIARA),1.00,0/7,R-DEC-ERA-SAME,same_program,,,,
9662A02005|2031A|,9662A02005,2031A,,2017,2018,H,2,9422d29819b0ef0d8a14890fe9eff6060f98229d9eba1dcff50ef9d620b6300e,262390,2017: Aerial Common Sensor (ACS) (MIP); 2018: Aerial Common Sensor (ACS) (MIP),,,1/1,R-DEC-ERA-HISTORY,history_only,,,,
9666BU8000|2035A|,9666BU8000,2035A,,2017,2023,A1,7,6b692aec88b23f41f162a922afe31371b9fda68dae0c0787a0b1ebfe1af8ccee,31331,2017: Emergency Management Modernization Program; 2018: Emergency Management Modernization Program; 2019: Emergency Management Modernization Program; 2020: Emergency Management Modernization Program; 2021: Emergency Management Modernization Program; 2022: Emergency Management Modernization Program; 2023: Emergency Management Modernization Program,Emergency Management Modernization Program,1.00,7/7,R-DEC-ERA-SAME,same_program,,,,
9670A00005|2031A|,9670A00005,2031A,,2017,2023,A1,7,9b9bf12c9e50dae6807e8b4b75ef83d0dea578c583f429e4e07604b5f9d6ce32,1537774,2017: MQ-1 UAV; 2018: MQ-1 UAV; 2019: MQ-1 UAV; 2020: MQ-1 UAV; 2021: MQ-1 UAV; 2022: MQ-1 UAV; 2023: MQ-1 UAV,MQ-1 UAV,1.00,6/7,R-DEC-ERA-SAME,same_program,,,,
9672A00510|2031A|,9672A00510,2031A,,2021,2023,A1,3,01b9ecab539d0c411ecb72c658f4a2e63d767dc2e8fc17a73f81628fb31d2d0b,13200,2021: Future UAS Family; 2022: Future UAS Family; 2023: Future UAS Family,Future UAS Family,1.00,3/3,R-DEC-ERA-SAME,same_program,,,,
9674B33000|2035A|,9674B33000,2035A,,2018,2023,H,6,1e27da270602d4bd2ed983531a48a0d04026002d40ac2d9f925db5b03657bfa8,106930,2018: Home Station Mission Command Centers (HSMCC); 2019: Home Station Mission Command Centers (HSMCC); 2020: Home Station Mission Command Centers (HSMCC); 2021: Home Station Mission Command Centers (HSMCC); 2022: Home Station Mission Command Centers (HSMCC); 2023: Home Station Mission Command Centers (HSMCC),,,5/5,R-DEC-ERA-HISTORY,history_only,,,,
9675A00010|2031A|,9675A00010,2031A,,2017,2023,A1+R1,6,8039001c6c5de64c2db22e9f56075a6c8d44b541d1d73cb21569669c264a9a97,88373,2017: RQ-11 (RAVEN); 2019: RQ-11 (RAVEN); 2020: RQ-11 (RAVEN); 2021: RQ-11 (RAVEN); 2022: SMALL UNMANNED AIRCRAFT SYSTEM; 2023: SMALL UNMANNED AIRCRAFT SYSTEM,SMALL UNMANNED AIRCRAFT SYSTEM,0.00,5/5,,,,,,
9678A12500|2031A|,9678A12500,2031A,,2023,2023,A1,1,d7478906cd28cbfe040919629d294293154f7a5cc5ae44a3ef3207f644e48845,0,2023: SMALL UNMANNED AIRCRAFT SYSTEMS,SMALL UNMANNED AIRCRAFT SYSTEMS,1.00,1/1,R-DEC-ERA-SAME,same_program,,,,
9680E95900|2034A|,9680E95900,2034A,,2017,2018,H,2,ec2870dcec8c0d8247f6b7adcf6dfcae3956e6ac0675fea2f9792024a3753d23,0,"2017: Spider Network Munitions, All Types; 2018: Spider Network Munitions, All Types",,,1/1,R-DEC-ERA-HISTORY,history_only,,,,
9683B80000|2035A|,9683B80000,2035A,,2021,2023,H,3,ff83ba4f209dfc980e580756ac71d06a0c04238c6e5e35926ff4676b2f0013db,3177,2021: Joint Information Environment (JIE); 2022: Joint Information Environment (JIE); 2023: Joint Information Environment (JIE),,,2/2,R-DEC-ERA-HISTORY,history_only,,,,
9690BZ7316|2035A|,9690BZ7316,2035A,,2017,2023,A1+A2,7,785637d984a0ea405694781b9125d5b955a304e96fd84d2d0cd5526673cb173e,1813609,2017: DCGS-A (MIP); 2018: DCGS-A (MIP); 2019: DCGS-A (MIP); 2020: DCGS-A (MIP); 2021: DCGS-A (MIP); 2022: DCGS-A-INTEL; 2023: DCGS-A-INTEL,DCGS-A-INTEL,0.67,7/7,owner-batch,,,,,
9692BZ8401|2035A|,9692BZ8401,2035A,,2017,2023,A1+A2,7,49a704dc2b5aba32eaadd57a610a49add7395b681ada62cd80aaa3e6a088f9ec,24462,2017: Joint Tactical Ground Station (JTAGS); 2018: Joint Tactical Ground Station (JTAGS); 2019: Joint Tactical Ground Station (JTAGS) (MIP); 2020: Joint Tactical Ground Station (JTAGS) (MIP); 2021: Joint Tactical Ground Station (JTAGS) (MIP); 2022: JOINT TACTICAL GROUND STATION (JTAGS)-INTEL; 2023: JOINT TACTICAL GROUND STATION (JTAGS)-INTEL,JOINT TACTICAL GROUND STATION (JTAGS)-INTEL,0.83,6/7,,,,,,
96|0300D|,96,0300D,,2017,2023,A1,7,504c0344bcd7cf379a4087f99e345b968989a41cc218b6ed7adada865a74018d,592144,2017: Joint Regional Security Stacks (JRSS); 2018: Joint Regional Security Stacks (JRSS); 2019: Joint Regional Security Stacks (JRSS); 2020: Joint Regional Security Stacks (JRSS); 2021: Joint Regional Security Stacks (JRSS); 2022: Joint Regional Security Stacks (JRSS); 2023: Joint Regional Security Stacks (JRSS),Joint Regional Security Stacks (JRSS),1.00,7/7,R-DEC-ERA-SAME,same_program,,,,
9700BU0500|2035A|,9700BU0500,2035A,,2017,2023,A1,7,886d25f990145d089dbb6b3f63e4bc54df8ff5e8444ad94e53e32dd8a11cf766,1529635,2017: Installation Info Infrastructure Mod Program; 2018: Installation Info Infrastructure Mod Program; 2019: Installation Info Infrastructure Mod Program; 2020: Installation Info Infrastructure Mod Program; 2021: Installation Info Infrastructure Mod Program; 2022: Installation Info Infrastructure Mod Program; 2023: Installation Info Infrastructure Mod Program,Installation Info Infrastructure Mod Program,1.00,6/7,R-DEC-ERA-SAME,same_program,,,,
9704BA0326|2035A|,9704BA0326,2035A,,2017,2023,A1,7,d10aac17912821eb84da65da0a2467c072f153b28a49e96f3f62650447c94314,175875,2017: Trojan (MIP); 2018: Trojan (MIP); 2019: Trojan (MIP); 2020: Trojan (MIP); 2021: TROJAN (MIP); 2022: TROJAN; 2023: TROJAN,TROJAN,1.00,7/7,R-DEC-ERA-SAME,same_program,,,,
9705BA9301|2035A|,9705BA9301,2035A,,2017,2023,A1,7,f77a846304d6217f0c04b6ac8cdaec738aa26654d6c76d53803b842ed1f4f865,119832,2017: Network Management Initialization and Service; 2018: Network Management Initialization and Service; 2019: Network Management Initialization and Service; 2020: Network Management Initialization and Service; 2021: Network Management Initialization and Service; 2022: Network Management Initialization and Service; 2023: Network Management Initialization and Service,Network Management Initialization and Service,1.00,7/7,R-DEC-ERA-SAME,same_program,,,,
9716BU4160|2035A|,9716BU4160,2035A,,2017,2023,A1,7,2b84d3ec07aac79ef1ec9ed751c50c5a25003f438cb7ff93d5e56bfbde5aaa79,260658,2017: Base Support Communications; 2018: Base Support Communications; 2019: Base Support Communications; 2020: Base Support Communications; 2021: Base Support Communications; 2022: Base Support Communications; 2023: Base Support Communications,Base Support Communications,1.00,7/7,R-DEC-ERA-SAME,same_program,,,,
9742BA9320|2035A|,9742BA9320,2035A,,2017,2022,H,6,262699234a277139dfe3ed4aa31129d3a4eea71334f95d0b5ef5e60b5723161d,482038,2017: Maneuver Control System (MCS); 2018: Maneuver Control System (MCS); 2019: Maneuver Control System (MCS); 2020: Maneuver Control System (MCS); 2021: Maneuver Control System (MCS); 2022: Maneuver Control System (MCS),,,5/5,R-DEC-ERA-HISTORY,history_only,,,,
97|0300D|,97,0300D,,2018,2023,A1,6,bf2615f7240cfc4116e4597b86d9059a174c00513fe8f121dc96677d8980f8bf,435227,2018: Joint Service Provider; 2019: Joint Service Provider; 2020: Joint Service Provider; 2021: Joint Service Provider; 2022: Joint Service Provider; 2023: Joint Service Provider,Joint Service Provider,1.00,6/6,R-DEC-ERA-SAME,same_program,,,,
9810BA9350|2035A|,9810BA9350,2035A,,2017,2023,A1,7,2f8595713cb79f9d914f19af42feb90ec62d56d5c818fee2a475fad4eec494fa,92731,2017: SHF Term; 2018: SHF Term; 2019: SHF Term; 2020: SHF Term; 2021: SHF Term; 2022: SHF Term; 2023: SHF Term,SHF Term,1.00,7/7,R-DEC-ERA-SAME,same_program,,,,
9847E97900|2034A|,9847E97900,2034A,,2022,2023,A1,2,641fcbbeeca1f7b9e39a679e22ffa93af55173a30c56579164c27482530ebff4,0,2022: REACTIVE ARMOR TILES; 2023: REACTIVE ARMOR TILES,REACTIVE ARMOR TILES,1.00,2/2,R-DEC-ERA-SAME,same_program,,,,
9875W30001|2035A|,9875W30001,2035A,,2017,2023,A1,7,9c88b3a6e86a652bf2f9dae25b374eb1abd92998156094940b1eab17dec4d808,461065,2017: Global Combat Support System-Army (GCSS-A); 2018: Global Combat Support System-Army (GCSS-A); 2019: Global Combat Support System-Army (GCSS-A); 2020: Global Combat Support System-Army (GCSS-A); 2021: Global Combat Support System-Army (GCSS-A); 2022: Global Combat Support System-Army (GCSS-A); 2023: Global Combat Support System-Army (GCSS-A),Global Combat Support System-Army (GCSS-A),1.00,7/7,R-DEC-ERA-SAME,same_program,,,,
9885MA8000|2035A|,9885MA8000,2035A,,2017,2023,A1,7,b2ce2dfede13d0617fe5bc20e8b7d6ec7c6c2e4271d0ede3f6bbf2ede0810eca,143876,2017: Family of Med Comm for Combat Casualty Care; 2018: Family of Med Comm for Combat Casualty Care; 2019: Family of Med Comm for Combat Casualty Care; 2020: Family of Med Comm for Combat Casualty Care; 2021: Family of Med Comm for Combat Casualty Care; 2022: Family of Med Comm for Combat Casualty Care; 2023: Family of Med Comm for Combat Casualty Care,Family of Med Comm for Combat Casualty Care,1.00,7/7,R-DEC-ERA-SAME,same_program,,,,
9887B88810|2035A|,9887B88810,2035A,,2020,2023,A1,4,0ab7d5e8a2bea41a8138d433afea50f03a3ceb94a604b31b8baa37a54791f2c5,89336,2020: Army Communications & Electronics; 2021: Army Communications & Electronics; 2022: Army Communications & Electronics; 2023: Army Communications & Electronics,Army Communications & Electronics,1.00,4/4,R-DEC-ERA-SAME,same_program,,,,
9894K47800|2035A|,9894K47800,2035A,,2017,2018,H,2,ba6f300e9384ac2023e6c964a3ab859f6f73a79542846c2ee0bb13e8d87c6634,15662,2017: Navstar Global Positioning System (SPACE); 2018: Navstar Global Positioning System (SPACE),,,1/1,R-DEC-ERA-HISTORY,history_only,,,,
9897K49000|2035A|,9897K49000,2035A,,2020,2023,A1,4,ac997c608fe08a34a7d9afe347a81fcae434d7c7da00f1e8bb484149a52863f2,184405,"2020: Assured Positioning, Navigation and Timing; 2021: Assured Positioning, Navigation and Timing; 2022: Assured Positioning, Navigation and Timing; 2023: Assured Positioning, Navigation and Timing","Assured Positioning, Navigation and Timing",1.00,4/4,R-DEC-ERA-SAME,same_program,,,,
98|0300D|,98,0300D,,2021,2023,A1,3,620555e4cb9cbf2b6b380569a72176b09e2cef96bf9c4f7fed800a1fa521da33,37531,2021: Fourth Estate Network Optimization (4ENO); 2022: Fourth Estate Network Optimization (4ENO); 2023: Fourth Estate Network Optimization (4ENO),Fourth Estate Network Optimization (4ENO),1.00,3/3,R-DEC-ERA-SAME,same_program,,,,
9900CX9999|2032A|,9900CX9999,2032A,,2019,2019,A1,1,bb8b39b70a18e1b0b3fb7b9b1250bc27e9eb1971a020324704f6b64d907ec9a5,92,2019: Closed Account Adjustments,CLOSED ACCOUNT ADJUSTMENTS,1.00,0/0,R-DEC-ERA-SAME,same_program,,,,
9900EA0004|2034A|,9900EA0004,2034A,,2018,2022,H,3,e10fcc988f0d796ea57b4a91df0dff661ad19720bce3ccdd6e42812bedd98ca8,29,2018: Closed Account Adjustments; 2019: Closed Account Adjustments; 2022: CLOSED ACCOUNT ADJUSTMENTS,,,1/1,R-DEC-ERA-HISTORY,history_only,,,,
9900GC9500|2033A|,9900GC9500,2033A,,2018,2018,A1,1,1dbd8febe6f4a3396c88eea0a96ae1c4b55b79136f99f03ef85b511d2c3f3036,1878,2018: Closed Account Adjustments,CLOSED ACCOUNT ADJUSTMENTS,1.00,0/0,R-DEC-ERA-SAME,same_program,,,,
9900MA9999|2035A|,9900MA9999,2035A,,2017,2023,A1,3,614e86d2c480f36e6408f34fc2508bf55e732135e7e9450ab424fe10217d0280,535,2017: Closed Account Adjustments; 2018: Closed Account Adjustments; 2023: Closed Account Adjustments,Closed Account Adjustments,1.00,2/2,R-DEC-ERA-SAME,same_program,,,,
9903BC4000|2035A|,9903BC4000,2035A,,2023,2023,A1,1,8220f34558167b25086f89a79d57c1e2c9a4a2fa14db24ccaba904c8061c32b5,0,2023: EHF SATELLITE COMMUNICATION,EHF SATELLITE COMMUNICATION,1.00,1/1,R-DEC-ERA-SAME,same_program,,,,
9910BC4002|2035A|,9910BC4002,2035A,,2017,2023,A1,7,dcd7a56d0cd2324101e97ae5e1c2feb077c676b84db6991b51fe63b02f869e7e,79875,2017: Smart-T (SPACE); 2018: Smart-T (SPACE); 2019: Smart-T (SPACE); 2020: Smart-T (SPACE); 2021: SMART-T (SPACE); 2022: SMART-T (SPACE); 2023: SMART-T (SPACE),SMART-T (SPACE),1.00,7/7,R-DEC-ERA-SAME,same_program,,,,
9912BZ9750|2035A|,9912BZ9750,2035A,,2017,2023,A1,7,39f969fd7a80c6b92e25c1429d2e719e4c3b58f1b57cd371ef58ada0d1ba625c,349409,2017: Mod of In-Svc Equip (Intel Spt) (MIP); 2018: Mod of In-Svc Equip (Intel Spt) (MIP); 2019: Mod of In-Svc Equip (Intel Spt) (MIP); 2020: Mod of In-Svc Equip (Intel Spt) (MIP); 2021: Mod of In-Svc Equip (INTEL SPT) (MIP); 2022: MOD OF IN-SVC EQUIP (INTEL SPT); 2023: MOD OF IN-SVC EQUIP (INTEL SPT),MOD OF IN-SVC EQUIP (INTEL SPT),1.00,7/7,R-DEC-ERA-SAME,same_program,,,,
9915BC4120|2035A|,9915BC4120,2035A,,2017,2023,A1,7,bad23c471c9e7192bb6c5a43613046fdce4306f4a0bfefe5c4eb20223b5ee7e5,65821,2017: Global Brdcst Svc - GBS; 2018: Global Brdcst Svc - GBS; 2019: Global Brdcst Svc - GBS; 2020: Global Brdcst Svc - GBS; 2021: Global Brdcst Svc - GBS; 2022: Global Brdcst Svc - GBS; 2023: Global Brdcst Svc - GBS,Global Brdcst Svc - GBS,1.00,6/7,R-DEC-ERA-SAME,same_program,,,,
9920BB8417|2035A|,9920BB8417,2035A,,2017,2018,H,2,60c68467ceabdbac18ee50a63155f88e7673e62cbbeef96ba7d0cac39a66427c,3891,2017: Mod of In-Svc Equip (TAC SAT); 2018: Mod of In-Svc Equip (TAC SAT),,,1/1,R-DEC-ERA-HISTORY,history_only,,,,
9921B66701|2035A|,9921B66701,2035A,,2017,2023,A1,7,f7d37d06ac747245f7d9df678ae19322256682e562d23a6cf3641fd5a258c571,81741,2017: Integrated Personnel and Pay System-Army (IPP; 2018: Integrated Personnel and Pay System-Army (IPP; 2019: Integrated Personnel and Pay System-Army (IPP; 2020: Integrated Personnel and Pay System-Army (IPP; 2021: Integrated Personnel and Pay System-Army (IPP; 2022: Integrated Personnel and Pay System-Army (IPP; 2023: Integrated Personnel and Pay System-Army (IPP,Integrated Personnel and Pay System-Army (IPP,1.00,7/7,R-DEC-ERA-SAME,same_program,,,,
9922B08400|2035A|,9922B08400,2035A,,2017,2022,H,6,5b94e6847bbe9aaea73dbe87e608124337438887a068af90002691b58f1b5966,174193,2017: Enroute Mission Command (EMC); 2018: Enroute Mission Command (EMC); 2019: Enroute Mission Command (EMC); 2020: Enroute Mission Command (EMC); 2021: ENROUTE MISSION COMMAND (EMC); 2022: ENROUTE MISSION COMMAND (EMC),,,5/5,R-DEC-ERA-HISTORY,history_only,,,,
9923B09900|2035A|,9923B09900,2035A,,2018,2023,A1,5,404f71728b5eb02e534d026a6747f6f7bb224ca53b37a83c5b6624069769fb4e,49294,2018: Spectrum Microwave; 2019: Spectrum Microwave; 2020: Spectrum Microwave; 2022: Spectrum Microwave; 2023: Spectrum Microwave,Spectrum Microwave,1.00,0/3,R-DEC-ERA-SAME,same_program,,,,
9925BK5275|2035A|,9925BK5275,2035A,,2017,2021,H,5,7946fb5c2266c9184d6310d96fc91c326d31e2dc226ef38b935bb3e5a0ce0bc9,63166,2017: CI HUMINT Auto Reprting and Coll(CHARCS); 2018: CI HUMINT Auto Reprting and Coll(CHARCS); 2019: CI HUMINT Auto Reprting & Coll(CHARCS)(MIP); 2020: CI HUMINT Auto Reprting & Coll(CHARCS)(MIP); 2021: CI HUMINT Auto Reprting & Coll(CHARCS)(MIP),,,4/4,,,,,,
9926BL5287|2035A|,9926BL5287,2035A,,2017,2023,A1+A2,7,efe7127a93b61cf0553e3bb9fc6117e0d180f444aab8afca1be0934550d89229,196714,2017: Family Of Persistent Surveillance Capabilitie; 2018: Family Of Persistent Surveillance Capabilitie; 2019: Family of Persistent Surveillance Cap. (MIP); 2020: Family of Persistent Surveillance Cap. (MIP); 2021: Family of Persistent Surveillance Cap. (MIP); 2022: FAMILY OF PERSISTENT SURVEILLANCE CAP.; 2023: FAMILY OF PERSISTENT SURVEILLANCE CAP.,FAMILY OF PERSISTENT SURVEILLANCE CAP.,0.67,7/7,owner-batch,,,,,
9928B10001|2035A|,9928B10001,2035A,,2017,2020,H,4,b49a0eb6988e7f02c86f2988dd1629d17107a7f3fffae533561186d379445c90,19422,2017: Close Access Target Reconnaissance (CATR); 2018: Close Access Target Reconnaissance (CATR); 2019: Close Access Target Reconnaissance (CATR); 2020: Close Access Target Reconnaissance (CATR),,,3/3,R-DEC-ERA-HISTORY,history_only,,,,
9931B88605|2035A|,9931B88605,2035A,,2017,2020,H,4,5325dc7dff6772123d295ecc318648674c921ef554f6375ab102d65c92e8fc0a,9237,2017: Machine Foreign Language Translation System-M; 2018: Machine Foreign Language Translation System-M; 2019: Machine Foreign Language Translation System-M; 2020: Machine Foreign Language Translation System-M,,,3/3,R-DEC-ERA-HISTORY,history_only,,,,
9934W60002|2035A|,9934W60002,2035A,,2019,2019,H,1,18ed02dbee53f1c118583946e2cc07df9982f6fce7e372eed365807ba2fac45f,23821,2019: Logistics Automation,,,0/0,R-DEC-ERA-HISTORY,history_only,,,,
9956BE4167|2035A|,9956BE4167,2035A,,2017,2023,A1,7,92d44d43d97774976c6e782d447a0f98b407f69b837667d3d090c51ae7cc1935,156159,2017: Reserve Component Automation Sys (RCAS); 2018: Reserve Component Automation Sys (RCAS); 2019: Reserve Component Automation Sys (RCAS); 2020: Reserve Component Automation Sys (RCAS); 2021: Reserve Component Automation Sys (RCAS); 2022: Reserve Component Automation Sys (RCAS); 2023: Reserve Component Automation Sys (RCAS),Reserve Component Automation Sys (RCAS),1.00,7/7,R-DEC-ERA-SAME,same_program,,,,
9966BZ9966|2035A|,9966BZ9966,2035A,,2017,2023,H,7,574dec12abb2f767c0006ec607a526c4ec5da954c9b3f873b13e38e198e784b8,78549,2017: Reconnaissance and Surveying Instrument Set; 2018: Reconnaissance and Surveying Instrument Set; 2019: Reconnaissance and Surveying Instrument Set; 2020: Reconnaissance and Surveying Instrument Set; 2021: Reconnaissance and Surveying Instrument Set; 2022: Reconnaissance and Surveying Instrument Set; 2023: Reconnaissance and Surveying Instrument Set,,,6/6,R-DEC-ERA-HISTORY,history_only,,,,
9971B99901|2035A|,9971B99901,2035A,,2017,2023,A1,7,5e5440a5b67cdad1ece37207f40a92240bf533c9dedf737c87f1d58e9f1703a4,34335,2017: Mod of In-Svc Equipment (ENFIRE); 2018: Mod of In-Svc Equipment (ENFIRE); 2019: Mod of In-Svc Equipment (ENFIRE); 2020: Mod of In-Svc Equipment (ENFIRE); 2021: MOD of In-Svc Equipment (ENFIRE); 2022: MOD of In-Svc Equipment (ENFIRE); 2023: MOD of In-Svc Equipment (ENFIRE),MOD of In-Svc Equipment (ENFIRE),1.00,7/7,R-DEC-ERA-SAME,same_program,,,,
9988BK5300|2035A|,9988BK5300,2035A,,2017,2023,A1,7,6b7277735775e44c9d408be4d089a3481423aee257431513ea3a777e02fbd970,24163,2017: Biometric Tactical Collection Devices (MIP); 2018: Biometric Tactical Collection Devices (MIP); 2019: Biometric Tactical Collection Devices (MIP); 2020: Biometric Tactical Collection Devices (MIP); 2021: Biometric Tactical Collection Devices (MIP); 2022: BIOMETRIC TACTICAL COLLECTION DEVICES; 2023: BIOMETRIC TACTICAL COLLECTION DEVICES,BIOMETRIC TACTICAL COLLECTION DEVICES,1.00,4/7,R-DEC-ERA-SAME,same_program,,,,
9990A19900|2031A|,9990A19900,2031A,,2019,2023,A1,5,94806497f887c62de3e511f6ffde187192a648004332d989566851793148a042,375226,2019: Spectrum Army SUAS; 2020: Spectrum Army SUAS; 2021: Spectrum Army SUAS; 2022: Spectrum Army SUAS; 2023: Spectrum Army SUAS,Spectrum Army SUAS,1.00,0/4,R-DEC-ERA-SAME,same_program,,,,
9990BK5278|2035A|,9990BK5278,2035A,,2019,2021,H,3,8f38e46019f11791397342b5580176bbf26c392d5facbfe7885f157dd3d21b88,410,2019: Items Less Than $5.0M (MIP); 2020: Items Less Than $5.0M (MIP); 2021: Items Less Than $5.0M (MIP),,,2/2,R-DEC-ERA-HISTORY,history_only,,,,
9993B68501|2035A|,9993B68501,2035A,,2017,2021,H,5,daac2b3719f4fe62ca3e211bda77048113c57299576d10b601b64788cbd6e73b,10224,2017: Tactical Digital Media; 2018: Tactical Digital Media; 2019: Tactical Digital Media; 2020: Tactical Digital Media; 2021: TACTICAL DIGITAL MEDIA,,,4/4,R-DEC-ERA-HISTORY,history_only,,,,
9996BL5283|2035A|,9996BL5283,2035A,,2017,2023,A1,7,1730b0cd4e86be0cde539160be16f57b7d185d26e01c7062ea1ffbdf20ce95a6,184225,2017: Counterintelligence/Security Countermeasures; 2018: Counterintelligence/Security Countermeasures; 2019: Counterintelligence/Security Countermeasures; 2020: Counterintelligence/Security Countermeasures; 2021: Counterintelligence/Security Countermeasures; 2022: COUNTERINTELLIGENCE/SECURITY COUNTERMEASURES; 2023: COUNTERINTELLIGENCE/SECURITY COUNTERMEASURES,COUNTERINTELLIGENCE/SECURITY COUNTERMEASURES,1.00,6/7,R-DEC-ERA-SAME,same_program,,,,
9997BL5285|2035A|,9997BL5285,2035A,,2017,2023,A1,7,54587a4726fcc51ab0eb1abe5cc311e64224bfa90b17aa12de243d8e050d5789,1596,2017: CI Modernization; 2018: CI Modernization; 2019: CI Modernization (MIP); 2020: CI Modernization (MIP); 2021: CI Modernization (MIP); 2022: CI MODERNIZATION; 2023: CI MODERNIZATION,CI MODERNIZATION,1.00,7/7,R-DEC-ERA-SAME,same_program,,,,
9998BL5300|2035A|,9998BL5300,2035A,,2017,2023,H,7,5b8b8f021ec5ccc95bc9147041e3cf1c2fb5c8e68c9130a29d231b9711b012a2,28415,2017: Items Less Than $5M (Surveying Equipment); 2018: Items Less Than $5M (Surveying Equipment); 2019: Items Less Than $5M (Surveying Equipment); 2020: Items Less Than $5M (Surveying Equipment); 2021: Items Less Than $5M (Surveying Equipment); 2022: Items Less Than $5M (Surveying Equipment); 2023: Items Less Than $5M (Surveying Equipment),,,6/6,R-DEC-ERA-HISTORY,history_only,,,,
A01000|3010F|,A01000,3010F,,2017,2023,A1,7,3eaaf2cbc91d593e9684ee714a800908178f639c9218ed9ca8ad709c7506c5e6,621440,2017: A-10; 2018: A-10; 2019: A-10; 2020: A-10; 2021: A-10; 2022: A-10; 2023: A-10,A-10,1.00,6/7,R-DEC-ERA-SAME,same_program,,,,
ADV555|3020F|,ADV555,3020F,,2017,2017,H,1,3de605c42565349d60fee40af89e550d9d31b4d383c9f3b64e70ea210d91850f,298462,2017: Advanced EHF,,,0/0,R-DEC-ERA-HISTORY,history_only,,,,
ADV555|3021F|,ADV555,3021F,,2017,2022,H,6,c2a3c208cce54e5a4031f0bb519dc0aa9cc8e974a618858efb76e938cf3d3211,1075446,2017: Advanced EHF; 2018: Advanced EHF; 2019: Advanced EHF; 2020: Advanced EHF; 2021: Advanced EHF; 2022: Advanced EHF,,,5/5,R-DEC-ERA-HISTORY,history_only,,,,
ADV555|3022F|,ADV555,3022F,,2021,2023,H,3,871416a427ae3e38642c5c313c5c9aa59668e43e40d2bcb2e9d86ee454d3be1f,2823,2021: Advanced EHF; 2022: Advanced EHF; 2023: Advanced EHF,,,1/2,R-DEC-ERA-HISTORY,history_only,,,,
AFSCOM|3021F|,AFSCOM,3021F,,2017,2022,R2,6,44b2f36a5de11cf85a0c20470f8822d5fe86e4d8507bcef5106aa71cc22ebad4,265376,2017: AF Satellite Comm System; 2018: AF Satellite Comm System; 2019: AF Satellite Comm System; 2020: AF Satellite Comm System; 2021: AF Satellite Comm System; 2022: AF Satellite Comm System,3022F: AF Satellite Comm System,,5/5,owner-batch,,,,,
AFSCOM|3022F|,AFSCOM,3022F,,2021,2023,R3+A1,3,4682f1dad24cbb5828f513fa8c831325ad422816d243095bb48a210cf65303a2,53326,2021: AF Satellite Comm System; 2022: AF Satellite Comm System; 2023: AF Satellite Comm System,3022F: AF Satellite Comm System,1.00,3/3,,,,,,
APT000|3010F|,APT000,3010F,,2022,2023,R1,2,5af730fa883756a80ebbbd8a690edadb9af3fbadaaebbdb63ed9fd3adaa71bf5,0,2022: Advanced Trainer Replacement T-X; 2023: Advanced Trainer Replacement T-X,Advanced Pilot Training T-7A,0.25,2/2,,,,,,
ARRW00|3020F|,ARRW00,3020F,,2022,2023,A1,2,47be66f1949fa81a5a6aafdac55bd4d36556294f801d41057f92bd750c78a4ec,0,2022: AGM-183A Air-Launched Rapid Response Weapon; 2023: AGM-183A Air-Launched Rapid Response Weapon,AGM-183A Air-Launched Rapid Response Weapon,1.00,1/1,R-DEC-ERA-SAME,same_program,,,,
ATA000|3010F|,ATA000,3010F,,2017,2023,A1,14,ed13e2b682510124320a8cb6c00d7134a39a5bbe745fd9aa78b6ffd0c5c504a4,38760352,2017: F-35; 2018: F-35; 2019: F-35; 2020: F-35; 2021: F-35; 2022: F-35; 2023: F-35,F-35,1.00,7/7,R-DEC-ERA-SAME,same_program,,,,
B00100|3010F|,B00100,3010F,,2021,2021,H,1,548e99771bbf34a277309b4c71107fcfa6d43258f5c54b2afbafb3c64653a9e4,0,2021: B-1,,,0/0,R-DEC-ERA-HISTORY,history_only,,,,
B00200|3010F|,B00200,3010F,,2017,2023,A1,14,9f22d42b173420f67383bddd438fbede61bf1988bdf7b2963975acced63f6f83,289464,2017: B-2A; 2018: B-2A; 2019: B-2A; 2020: B-2A; 2021: B-2A; 2022: B-2A; 2023: B-2A,B-2A,1.00,7/7,R-DEC-ERA-SAME,same_program,,,,
B002B0|3010F|,B002B0,3010F,,2017,2023,A1+R1,7,bf93d47a0c2935e7881117cf387477dea7ebf06636727905c0e33236bae32798,275582,2017: B-2a; 2018: B-2a; 2019: B-2B; 2020: B-2B; 2021: B-2B; 2022: B-2B; 2023: B-2B,B-2B,0.33,7/7,owner-batch,,,,,
B01B00|3010F|,B01B00,3010F,,2017,2023,A1,7,4c691afa763e6e88555252d2ea7781e436260bf4d99a13f93e48bf97400a0c78,676115,2017: B-1B; 2018: B-1B; 2019: B-1B; 2020: B-1B; 2021: B-1B; 2022: B-1B; 2023: B-1B,B-1B,1.00,7/7,R-DEC-ERA-SAME,same_program,,,,
B02100|3010F|,B02100,3010F,,2022,2023,A1,3,b2f4b205eddf78d7eb22f854e696e6f4631797f6cc2150d8c97337bd27387df3,0,2022: B-21 Raider; 2023: B-21 Raider,B-21 Raider,1.00,2/2,R-DEC-ERA-SAME,same_program,,,,
B05200|3010F|,B05200,3010F,,2017,2023,A1,14,c2981284445f764a92d3901a9be5176eb7ab59139dbef785fa582e5b3a1d371b,731074,2017: B-52; 2018: B-52; 2019: B-52; 2020: B-52; 2021: B-52; 2022: B-52; 2023: B-52,B-52,1.00,7/7,R-DEC-ERA-SAME,same_program,,,,
C00500|3010F|,C00500,3010F,,2017,2023,A1,7,1998966e3c22dce7328b94bbf5c74373eedb94a96629363fd6d487e36eda7bfc,227049,2017: C-5; 2018: C-5; 2019: C-5; 2020: C-5; 2021: C-5; 2022: C-5; 2023: C-5,C-5,1.00,6/7,R-DEC-ERA-SAME,same_program,,,,
C005M0|3010F|,C005M0,3010F,,2017,2020,H,4,d10195f02a1fd13be316ed4b080b338bbbe9b825e85a9570916553b31eb1eb54,320771,2017: C-5M; 2018: C-5M; 2019: C-5M; 2020: C-5M,,,2/3,R-DEC-ERA-HISTORY,history_only,,,,
C01000|3010F|,C01000,3010F,,2017,2023,A1,7,4396219ec50d422b1e03c830f5d881f235d75d5f82d527eed0d3c2249bb9aff2,105266,2017: KC-10A (ATCA); 2018: KC-10A (ATCA); 2019: KC-10A (ATCA); 2020: KC-10A (ATCA); 2021: KC-10A (ATCA); 2022: KC-10A (ATCA); 2023: KC-10A (ATCA),KC-10A (ATCA),1.00,7/7,R-DEC-ERA-SAME,same_program,,,,
C01200|3010F|,C01200,3010F,,2017,2022,A1,6,6473e7fe3ff33c5190d05f9f95449218a3b4a5165e40a1bd4747b8bea47269d5,20105,2017: C-12; 2018: C-12; 2019: C-12; 2020: C-12; 2021: C-12; 2022: C-12,C-12,1.00,5/5,R-DEC-ERA-SAME,same_program,,,,
C01700|3010F|,C01700,3010F,,2017,2023,A1,13,dfa48dd21ea92dcb1268c75d571836015e4bb52587a5da51e5ef2b1f03c1db84,695632,2017: C-17A; 2018: C-17A; 2019: C-17A; 2020: C-17A; 2021: C-17A; 2022: C-17A; 2023: C-17A,C-17A,1.00,6/7,R-DEC-ERA-SAME,same_program,,,,
C02100|3010F|,C02100,3010F,,2017,2023,A1,7,7c4e3d03485d242e85dbf754b20ec5b3d7657ed15acb8e60565e6a4de5ec9ed2,41548,2017: C-21; 2018: C-21; 2019: C-21; 2020: C-21; 2021: C-21; 2022: C-21; 2023: C-21,C-21,1.00,6/7,R-DEC-ERA-SAME,same_program,,,,
C02500|3010F|,C02500,3010F,,2017,2023,A1,7,1abc7d1ef2a177b53d29d0d3c5c36d0357c714f88d277aa96cd10369dbb1a0d9,347707,2017: VC-25A Mod; 2018: VC-25A Mod; 2019: VC-25A Mod; 2020: VC-25A Mod; 2021: VC-25A Mod; 2022: VC-25A Mod; 2023: VC-25A Mod,VC-25A Mod,1.00,7/7,R-DEC-ERA-SAME,same_program,,,,
C03200|3010F|,C03200,3010F,,2017,2023,A1,7,2f6da5dd5a8cafaa6c799e520291864d23fe56d8c01e3d22cb34c4468f3d9f44,176910,2017: C-32A; 2018: C-32A; 2019: C-32A; 2020: C-32A; 2021: C-32A; 2022: C-32A; 2023: C-32A,C-32A,1.00,7/7,R-DEC-ERA-SAME,same_program,,,,
C03700|3010F|,C03700,3010F,,2017,2023,A1,10,e688e5fff694672a58d140c5b5d651cd0ca6ccc43f4d7f1136c08dacaecf507f,354224,2017: C-37A; 2018: C-37A; 2019: C-37A; 2020: C-37A; 2021: C-37A; 2022: C-37A; 2023: C-37A,C-37A,1.00,6/7,R-DEC-ERA-SAME,same_program,,,,
C04000|3010F|,C04000,3010F,,2017,2023,A1,7,514d6083dc39837c838de18d9fa9b2b8efcde254709d8370b044beb160179f46,69974,2017: C-40; 2018: C-40; 2019: C-40; 2020: C-40; 2021: C-40; 2022: C-40; 2023: C-40,C-40,1.00,7/7,R-DEC-ERA-SAME,same_program,,,,
C0V220|3010F|,C0V220,3010F,,2017,2020,A1,3,4a577fe61f9eceec132de62c08ce43858c96937e4622400ad1a5e7895cb2669a,24784,2017: CV-22 Post Production Support; 2018: CV-22 Post Production Support; 2020: CV-22 Post Production Support,CV-22 Post Production Support,1.00,1/1,R-DEC-ERA-SAME,same_program,,,,
C13000|3010F|,C13000,3010F,,2017,2023,A1,7,f03e1cc7e8a3acf8b4a1231618ecdc45a1d46f99c1a9cc8ba9f96f108f18f3f4,1449875,2017: C-130; 2018: C-130; 2019: C-130; 2020: C-130; 2021: C-130; 2022: C-130; 2023: C-130,C-130,1.00,6/7,R-DEC-ERA-SAME,same_program,,,,
C1300J|3010F|,C1300J,3010F,,2017,2023,A1,7,2b38ad1f129dabc3dcbc205ab2f94e06bf35032c7025eb0344be2abb0238c0d0,681836,2017: C-130J Mods; 2018: C-130J Mods; 2019: C-130J Mods; 2020: C-130J Mods; 2021: C-130J Mods; 2022: C-130J Mods; 2023: C-130J Mods,C-130J Mods,1.00,7/7,R-DEC-ERA-SAME,same_program,,,,
C130J0|3010F|,C130J0,3010F,,2017,2023,A1,14,26a141f0d0ebb42901391f59f1598bb77031abcdff99f9df7f604d46bbd1f955,4409699,2017: C-130J; 2018: C-130J; 2019: C-130J; 2020: C-130J; 2021: C-130J; 2022: C-130J; 2023: C-130J,C-130J,1.00,6/7,R-DEC-ERA-SAME,same_program,,,,
C130JH|3010F|,C130JH,3010F,,2017,2021,H,8,76bcaa3442f5fcf61ae45073d4ff762ad83db53cedd60ff72034bcf0fcb60228,1642973,2017: HC-130J; 2018: HC-130J; 2019: HC-130J; 2020: HC-130J; 2021: HC-130J,,,4/4,R-DEC-ERA-HISTORY,history_only,,,,
C130JM|3010F|,C130JM,3010F,,2017,2023,A1,14,5623b0bda4b53ed7b729cdb60d77690de3962fb87958aabed1743ae59e15bc09,4945096,2017: MC-130J; 2018: MC-130J; 2019: MC-130J; 2020: MC-130J; 2021: MC-130J; 2022: MC-130J; 2023: MC-130J,MC-130J,1.00,6/7,R-DEC-ERA-SAME,same_program,,,,
C13500|3010F|,C13500,3010F,,2017,2023,A1,9,75c24f4c4609da911b1b6e0886f78cfc522d690a942c88c3010e23184ef4efdd,525200,2017: C-135; 2018: C-135; 2019: C-135; 2020: C-135; 2021: C-135; 2022: C-135; 2023: C-135,C-135,1.00,7/7,R-DEC-ERA-SAME,same_program,,,,
C135B0|3010F|,C135B0,3010F,,2019,2021,H,3,01d514dc514a0cfff420b6bf6d41df95890ff2b8de196b05d4aa5f8f21fd7cd9,125000,2019: C-135B; 2020: C-135B; 2021: C-135B,,,2/2,R-DEC-ERA-HISTORY,history_only,,,,
C135BO|3010F|,C135BO,3010F,,2018,2021,H,5,5649161136610c42fae0782107f7d98ec026528e8d68ac075b9b8f07d8446461,29004,2018: OC-135B; 2019: OC-135B; 2020: OC-135B; 2021: OC-135B,,,3/3,R-DEC-ERA-HISTORY,history_only,,,,
CAADJS|3020F|,CAADJS,3020F,,2017,2022,R3+A1+R1,4,ef44ed5980eeeae325010597e81c62677bac9e65499f3c19ace4eb32fc84a090,997,2017: Cancelled Account; 2018: Cancelled Account; 2021: Cancelled Account; 2022: Cancelled Accounts,3020F: Cancelled Accounts,0.33,2/2,,,,,,
CAADJS|3021F|,CAADJS,3021F,,2020,2021,R2,2,dd942fe6d84be0e9832c422436c44504c5a04ece2b46653b4fd9c0f91c2c34cb,3099,2020: Cancelled Account; 2021: Cancelled Account,3020F: Cancelled Accounts,,0/1,,,,,,
CALL00|3010F|,CALL00,3010F,,2017,2023,A1+A2,12,f31aad62cad0fa15d8fed5a74542ba15dd9edbde8ff5739ba40ab1de981f5d0b,1671494,2017: Compass Call Mods; 2018: Compass Call Mods; 2019: Compass Call Mods; 2020: Compass Call; 2021: Compass Call; 2022: Compass Call; 2023: Compass Call,Compass Call,0.67,7/7,owner-batch,,,,,
CAPAC0|3010F|,CAPAC0,3010F,,2017,2023,A1,7,2ccba77a800790a4d130fcbcaaabb49c0d9a172eaee34d719889a8c2c6ddaf8c,74737,2017: Civil Air Patrol A/C; 2018: Civil Air Patrol A/C; 2019: Civil Air Patrol A/C; 2020: Civil Air Patrol A/C; 2021: Civil Air Patrol A/C; 2022: Civil Air Patrol A/C; 2023: Civil Air Patrol A/C,Civil Air Patrol A/C,1.00,5/7,R-DEC-ERA-SAME,same_program,,,,
CFIN00|3010F|,CFIN00,3010F,,2018,2022,A1,5,482a91b582f47fe0aed852455189668c79c1563bb15e433667e4a8fd1a58a9cd,1502,2018: combat flight inspection  (CFIN); 2019: combat flight inspection  (CFIN); 2020: combat flight inspection - CFIN; 2021: combat flight inspection - CFIN; 2022: combat flight inspection - CFIN,combat flight inspection - CFIN,1.00,4/4,R-DEC-ERA-SAME,same_program,,,,
COVID19971|0300D|,COVID19971,0300D,,2022,2022,H,1,9e6e532823fdeda2b6297a471a4e59f95ced2d4ea5641e61e3c92ed7d2a96215,1169,2022: COVID19 Joint Service Provider,,,0/0,R-DEC-ERA-HISTORY,history_only,,,,
COVID19|0360D|,COVID19,0360D,,2022,2022,H,1,741fd765b67cee70f7066560075e10e3e8034f85d3d4fb3631a671b632165b29,900000,2022: COVID19,,,0/0,R-DEC-ERA-HISTORY,history_only,,,,
CTRSPC|3021F|,CTRSPC,3021F,,2017,2022,R2,6,788db0196a39f14da75e48eedc215bd0677976e5bd16b7816b9d75bf59332704,125520,2017: Counterspace Systems; 2018: Counterspace Systems; 2019: Counterspace Systems; 2020: Counterspace Systems; 2021: Counterspace Systems; 2022: Counterspace Systems,3022F: Counterspace Systems,,5/5,owner-batch,,,,,
CTRSPC|3022F|,CTRSPC,3022F,,2021,2023,R3+A1,3,4bd93f88cbfd85d6355952e70d0e3d9d1a4a8809df7b09dce17acc1f2cb440e8,49155,2021: Counterspace Systems; 2022: Counterspace Systems; 2023: Counterspace Systems,3022F: Counterspace Systems,1.00,3/3,,,,,,
DARP01|3010F|,DARP01,3010F,,2017,2023,A1,12,05485efc1a5e937facc02840bf3c0e56e2f652401ec30e793287464afa937678,1764170,2017: RC-135; 2018: RC-135; 2019: RC-135; 2020: RC-135; 2021: RC-135; 2022: RC-135; 2023: RC-135,RC-135,1.00,7/7,R-DEC-ERA-SAME,same_program,,,,
DISN|0300D|,DISN,0300D,,2017,2023,H,6,d576a3227786914355d992322141d18a857120a8cb71195c36a35723da69671d,67948,2017: Defense Information Systems Network; 2018: Defense Information Systems Network; 2019: Defense Information Systems Network; 2020: Defense Information Systems Network; 2021: Defense Information Systems Network OCO; 2023: Defense Information Systems Network OCO,,,2/4,,,,,,
E00300|3010F|,E00300,3010F,,2017,2023,A1,7,c9b90d3ef4377ba2745ef2dfb1afa18602be034cf3f4b13c95a63c205bbfa407,496398,2017: E-3; 2018: E-3; 2019: E-3; 2020: E-3; 2021: E-3; 2022: E-3; 2023: E-3,E-3,1.00,6/7,R-DEC-ERA-SAME,same_program,,,,
E00400|3010F|,E00400,3010F,,2017,2023,A1,7,32ae85d704051312d160af5bfb7f15dcd1b4439a3669185783c4c0319eb0dc9b,283399,2017: E-4; 2018: E-4; 2019: E-4; 2020: E-4; 2021: E-4; 2022: E-4; 2023: E-4,E-4,1.00,7/7,R-DEC-ERA-SAME,same_program,,,,
E00800|3010F|,E00800,3010F,,2017,2023,A1,7,90ed9dcfe8f20dd364607133c6ed341c445fbcc73251ee736446232cbcc2d9a2,171799,2017: E-8; 2018: E-8; 2019: E-8; 2020: E-8; 2021: E-8; 2022: E-8; 2023: E-8,E-8,1.00,5/7,R-DEC-ERA-SAME,same_program,,,,
E011A0|3010F|,E011A0,3010F,,2020,2023,A1,5,1485d402a54dcf73c4a77de643f1df490577107a34d0da3fa7d0a20e4ca19d9c,96428,2020: E-11 BACN/HAG; 2021: E-11 BACN/HAG; 2022: E-11 BACN/HAG; 2023: E-11 BACN/HAG,E-11 BACN/HAG,1.00,4/4,R-DEC-ERA-SAME,same_program,,,,
E011A1|3010F|,E011A1,3010F,,2022,2023,A1,2,2349cb2f3008b0ae3826af1c310d5904d7f25dc1a2d930ea65ce1335428e99af,63419,2022: E-11 BACN/HAG; 2023: E-11 BACN/HAG,E-11 BACN/HAG,1.00,2/2,R-DEC-ERA-SAME,same_program,,,,
E34045|3010F|,E34045,3010F,,2017,2023,A1+A2+R1,7,7af67b64309e10921fbad2f50fe97a0e906431f54d5c364e5122022a70bd973f,907082,2017: Airborne Warning and Control System; 2018: Airborne Warning and Control System; 2019: Airborne Warning and Cntr Sys (AWACS) 40/45; 2020: Airborne Warning and Cntrl Sys (AWACS) 40/45; 2021: Airborne Warning and Cntrl Sys (AWACS) 40/45; 2022: Airborne Warning and Cntrl Sys (AWACS) 40/45; 2023: Airborne Warning and Cntrl Sys (AWACS) 40/45,Airborne Warning and Cntrl Sys (AWACS) 40/45,0.30,7/7,owner-batch,,,,,
F01500|3010F|,F01500,3010F,,2017,2023,A1,13,e1103f2a052a2a61833a80e3c1f20a966aa83316aa07bb7edc36b450cb07cd08,2747159,2017: F-15; 2018: F-15; 2019: F-15; 2020: F-15; 2021: F-15; 2022: F-15; 2023: F-15,F-15,1.00,7/7,R-DEC-ERA-SAME,same_program,,,,
F0150P|3010F|,F0150P,3010F,,2017,2020,H,4,a3973b968d31541ba0f3b4048ac1a20c2facc9eda28208be641ae27ea463302a,9834,2017: F-15; 2018: F-15; 2019: F-15; 2020: F-15,,,3/3,R-DEC-ERA-HISTORY,history_only,,,,
F015E0|3010F|,F015E0,3010F,,2020,2022,H,3,3534b19978134f6408e33d2a1865bc3ae60662a1ca49f176fd3232b621ffa946,621100,2020: F-15e; 2021: F-15e; 2022: F-15e,,,2/2,R-DEC-ERA-HISTORY,history_only,,,,
F015EX|3010F|,F015EX,3010F,,2021,2023,A1,6,3bfbe5838e44cfc606444ccdb4007db522472f7172ec8446f93f87a7ba7cc4b3,1367147,2021: F-15EX; 2022: F-15EX; 2023: F-15EX,F-15EX,1.00,3/3,R-DEC-ERA-SAME,same_program,,,,
F01600|3010F|,F01600,3010F,,2017,2023,A1,7,3ca3a6f103cad3d07861edb1ffab27ede8f25f73ca8939d4c34761b414a38adf,1708275,2017: F-16; 2018: F-16; 2019: F-16; 2020: F-16; 2021: F-16; 2022: F-16; 2023: F-16,F-16 Modifications,1.00,7/7,R-DEC-ERA-SAME,same_program,,,,
F0160P|3010F|,F0160P,3010F,,2017,2023,A1,9,f53a7516c6060c5e537ea7f8bf68ba2310c72324cd03c9ca00940e2be4a3cdc9,60319,2017: F-16; 2018: F-16; 2019: F-16; 2020: F-16; 2021: F-16; 2022: F-16; 2023: F-16,F-16 Post Production Support,1.00,5/7,R-DEC-ERA-SAME,same_program,,,,
F02200|3010F|,F02200,3010F,,2017,2023,A1,15,adfcba054eff17708c10c539cf2c0a54491a99deebc374fe45caa650c797b801,1632350,2017: F-22A; 2018: F-22A; 2019: F-22A; 2020: F-22A; 2021: F-22A; 2022: F-22A; 2023: F-22A,F-22A,1.00,7/7,R-DEC-ERA-SAME,same_program,,,,
F03500|3010F|,F03500,3010F,,2017,2023,A1,7,2113cd579b1cd64eb89b84df0a86800fe68af8afc9eb3e32bc2d4d6491a50ef8,1184587,2017: F-35 Modifications; 2018: F-35 Modifications; 2019: F-35 Modifications; 2020: F-35 Modifications; 2021: F-35 Modifications; 2022: F-35 Modifications; 2023: F-35 Modifications,F-35 Modifications,1.00,6/7,R-DEC-ERA-SAME,same_program,,,,
F15EWS|3010F|,F15EWS,3010F,,2019,2023,A1,5,0e4dfde93d568cdae99b8386e6944f944096c929cb1eb8cbdfbdca4385f458b9,340302,2019: F-15 EPAW; 2020: F-15 EPAW; 2021: F-15 EPAW; 2022: F-15 EPAW; 2023: F-15 EPAW,F-15 EPAW,1.00,5/5,R-DEC-ERA-SAME,same_program,,,,
F2232B|3010F|,F2232B,3010F,,2017,2023,H,10,6969f93fcf5f74283509fca06b1d3835c26ead5d84a25ea817aa04ceaf09e8bf,297651,2017: Increment 3.2b; 2018: Increment 3.2b; 2019: Increment 3.2b; 2020: Increment 3.2b; 2021: Increment 3.2b; 2022: Increment 3.2b; 2023: Increment 3.2b,,,5/6,R-DEC-ERA-HISTORY,history_only,,,,
FBLOST|3010F|,FBLOST,3010F,,2017,2023,R2,7,0b134b34278cfe89a30338316c24eb1e7a1ffd3487b813d5ffb6c2e465aff130,114335,2017: Family of Beyond Line-of-Sight Terminals; 2018: Family of Beyond Line-of-Sight Terminals; 2019: Family of Beyond Line-of-Sight Terminals; 2020: Family of Beyond Line-of-Sight Terminals; 2021: Family of Beyond Line-of-Sight Terminals; 2022: Family of Beyond Line-of-Sight Terminals; 2023: Family of Beyond Line-of-Sight Terminals,3022F: Family of Beyond Line-of-Sight Terminals,,6/6,owner-batch,,,,,
FBLOST|3021F|,FBLOST,3021F,,2017,2022,R2,6,942b973842a70717bb7c1448aa53070513dbac858223c4a36d8670ef0b1c762d,288420,2017: Family of Beyond Line-of-Sight Terminals; 2018: Family of Beyond Line-of-Sight Terminals; 2019: Family of Beyond Line-of-Sight Terminals; 2020: Family of Beyond Line-of-Sight Terminals; 2021: Family of Beyond Line-of-Sight Terminals; 2022: Family of Beyond Line-of-Sight Terminals,3022F: Family of Beyond Line-of-Sight Terminals,,5/5,owner-batch,,,,,
FBLOST|3022F|,FBLOST,3022F,,2021,2023,R3,3,9794a593b9783df4e5dab3cebdf8093d541d686ff779c6413451aed763472b9a,61190,2021: Family of Beyond Line-of-Sight Terminals; 2022: Family of Beyond Line-of-Sight Terminals; 2023: Family of Beyond Line-of-Sight Terminals,3022F: Family of Beyond Line-of-Sight Terminals,1.00,3/3,,,,,,
FY2017CR|0300D|,FY2017CR,0300D,,2018,2018,CR,1,19e9a2ed42b0272975c7e64a8d9c73a63a98b4afdd430bfd4541b94c793d60da,0,2018: Adj to Match Continuing Resolution,,,0/0,R-DEC-ERA-EXCLUDE,exclude_placeholder,,,,
FY2017CR|0303D|,FY2017CR,0303D,,2018,2018,CR,1,11e6cdaa3fe2749af02688da9fe7d7639e659344609b03c4d3742d1d3fdfcb0e,0,2018: Adj to Match Continuing Resolution,,,0/0,R-DEC-ERA-EXCLUDE,exclude_placeholder,,,,
FY2017CR|0350D|,FY2017CR,0350D,,2018,2018,CR,1,14a65cd9bd30dd8a431bebe3476cfd11e44090ed195099d5ab9b9327d1a3bfc4,0,2018: Adj to Match Continuing Resolution,,,0/0,R-DEC-ERA-EXCLUDE,exclude_placeholder,,,,
FY2017CR|0360D|,FY2017CR,0360D,,2018,2018,CR,1,222b61a08c818474f2705e141434846ff1a85e2350516591d75e635ca3c73300,0,2018: Adj to Match Continuing Resolution,,,0/0,R-DEC-ERA-EXCLUDE,exclude_placeholder,,,,
FY2017CR|0390D|,FY2017CR,0390D,,2018,2018,CR,1,f4b840a6bf411607aad5e3b13df9787455846d24b7375207af64e957c7d32f61,0,2018: Adj to Match Continuing Resolution,,,0/0,R-DEC-ERA-EXCLUDE,exclude_placeholder,,,,
FY2017CR|1109N|,FY2017CR,1109N,,2018,2018,CR,1,dcff5455128ee0a08a61459dff585b59809e922ccb30981673068fb6c42de065,0,2018: Adj to Match Continuing Resolution,,,0/0,R-DEC-ERA-EXCLUDE,exclude_placeholder,,,,
FY2017CR|1506N|,FY2017CR,1506N,,2018,2018,CR,1,744410ab5cd4f792ea4eefd71a047987060119e666bba528501ce5e889db3064,0,2018: Adj to Match Continuing Resolution,,,0/0,R-DEC-ERA-EXCLUDE,exclude_placeholder,,,,
FY2017CR|1507N|,FY2017CR,1507N,,2018,2018,CR,1,b1f2a33fb5a966f4940bf2c57d8c96f55147d7bc4050b6e2fb1d3918cd9efba3,0,2018: Adj to Match Continuing Resolution,,,0/0,R-DEC-ERA-EXCLUDE,exclude_placeholder,,,,
FY2017CR|1508N|,FY2017CR,1508N,,2018,2018,CR,1,b9dcb9306fdbf29375bcf18db8f4fc6b954aa8791ce8d9b1a8abb8cc978bd436,0,2018: Adj to Match Continuing Resolution,,,0/0,R-DEC-ERA-EXCLUDE,exclude_placeholder,,,,
FY2017CR|1611N|,FY2017CR,1611N,,2018,2018,CR,1,062716cc7d11d076e780f5a3d94babca7ffed512fcc7bbd605d690615c0b2685,0,2018: Adj to Match Continuing Resolution,,,0/0,R-DEC-ERA-EXCLUDE,exclude_placeholder,,,,
FY2017CR|1810N|,FY2017CR,1810N,,2018,2018,CR,1,63a1e0f9fa56e9180279a4f804541c968c518f600fce36a950f83d4c1f8b0b22,0,2018: Adj to Match Continuing Resolution,,,0/0,R-DEC-ERA-EXCLUDE,exclude_placeholder,,,,
FY2017CR|2031A|,FY2017CR,2031A,,2018,2018,CR,1,c4aefdfde60d04e89fa63f0ffeaea13f12b0ae11a899fabca028470475683cf6,0,2018: Adj to Match Continuing Resolution,,,0/0,R-DEC-ERA-EXCLUDE,exclude_placeholder,,,,
FY2017CR|2032A|,FY2017CR,2032A,,2018,2018,CR,1,2df30ab24084b68532b0ef579cd2e65d13a3970d8c0eadb04a8b3511d82e75ed,0,2018: Adj to Match Continuing Resolution,,,0/0,R-DEC-ERA-EXCLUDE,exclude_placeholder,,,,
FY2017CR|2033A|,FY2017CR,2033A,,2018,2018,CR,1,1ebf6e842ce66f9eb3936504fac56c7866f9c72b431eea56d4ccd16710316c5c,0,2018: Adj to Match Continuing Resolution,,,0/0,R-DEC-ERA-EXCLUDE,exclude_placeholder,,,,
FY2017CR|2034A|,FY2017CR,2034A,,2018,2018,CR,1,740d39075056ad3ab6ff1aecb9fe90a80f91f69e962ce8cd0fbf6f8da6d25d79,0,2018: Adj to Match Continuing Resolution,,,0/0,R-DEC-ERA-EXCLUDE,exclude_placeholder,,,,
FY2017CR|2035A|,FY2017CR,2035A,,2018,2018,CR,1,f3d59e98e95a92d84c95d778fbb549e88e1d87a1131432a82316937f893a52a8,0,2018: Adj to Match Continuing Resolution,,,0/0,R-DEC-ERA-EXCLUDE,exclude_placeholder,,,,
FY2017CR|2093A|,FY2017CR,2093A,,2018,2018,CR,1,fc4ff9b31458a1b07920eced3432f5ec9b04d3a46ccb52fb70e29844e4c6d2e7,0,2018: Adj to Match Continuing Resolution,,,0/0,R-DEC-ERA-EXCLUDE,exclude_placeholder,,,,
FY2017CR|2093D|,FY2017CR,2093D,,2018,2018,CR,1,453cf30aaec124a84cf66e3025528a233baf3564a565cd701b77d4a691609e11,0,2018: Adj to Match Continuing Resolution,,,0/0,R-DEC-ERA-EXCLUDE,exclude_placeholder,,,,
FY2017CR|3010F|,FY2017CR,3010F,,2018,2018,CR,1,4c54b54718f1dc68a20a205080e2c8efc3065db2a9c7bc5a1ea9438fc309dbc1,0,2018: Adj to Match Continuing Resolution,,,0/0,R-DEC-ERA-EXCLUDE,exclude_placeholder,,,,
FY2017CR|3011F|,FY2017CR,3011F,,2018,2018,CR,1,ddb4b3157b030ec700dae74df54e7c5e0daad21f65d2c2ada61b9c3fe2dce846,0,2018: Adj to Match Continuing Resolution,,,0/0,R-DEC-ERA-EXCLUDE,exclude_placeholder,,,,
FY2017CR|3020F|,FY2017CR,3020F,,2018,2018,CR,1,4f4c409575a4e38002586b12eb2a4fa488cf62f8bab95f15a256de6a2673ed75,0,2018: Adj to Match Continuing Resolution,,,0/0,R-DEC-ERA-EXCLUDE,exclude_placeholder,,,,
FY2017CR|3021F|,FY2017CR,3021F,,2018,2018,CR,1,c5d886cca7566eb128615b86e029f1c701f4cdb7f1e368687d6274273dfd885a,0,2018: Adj to Match Continuing Resolution,,,0/0,R-DEC-ERA-EXCLUDE,exclude_placeholder,,,,
FY2017CR|3080F|,FY2017CR,3080F,,2018,2018,CR,1,5feb4eaff535e66e5581ce2fdc4db892bb52a2d25de807d86bef6fe1f9ea8468,0,2018: Adj to Match Continuing Resolution,,,0/0,R-DEC-ERA-EXCLUDE,exclude_placeholder,,,,
FY2018CR|0300D|,FY2018CR,0300D,,2019,2019,CR,1,93a551b9244e3ed5b3b78e013db34a98bd2cdf208b79dfc919721f6c4bebef8f,0,2019: Adj to Match Continuing Resolution,,,0/0,R-DEC-ERA-EXCLUDE,exclude_placeholder,,,,
FY2018CR|0303D|,FY2018CR,0303D,,2019,2019,CR,1,04a3288d8b9852a1285cd1ae027745791be2fa1362f7bd8f415a26630ba1abb4,0,2019: Adj to Match Continuing Resolution,,,0/0,R-DEC-ERA-EXCLUDE,exclude_placeholder,,,,
FY2018CR|0350D|,FY2018CR,0350D,,2019,2019,CR,1,bf5227c4ce674e8ae2f713c3f658cd6c5cb7ab5253fcf0640260787067d78276,0,2019: Adj to Match Continuing Resolution,,,0/0,R-DEC-ERA-EXCLUDE,exclude_placeholder,,,,
FY2018CR|0360D|,FY2018CR,0360D,,2019,2019,CR,1,5a1341123bce5443a3cc9198ee9550750530bd1c44b19002edcb14f39069828f,0,2019: Adj to Match Continuing Resolution,,,0/0,R-DEC-ERA-EXCLUDE,exclude_placeholder,,,,
FY2018CR|0390D|,FY2018CR,0390D,,2019,2019,CR,1,5d9da6af3b6897a0f63947eefc69ec5adf998d0ac5f2b4e6e96a23c624ee0c77,0,2019: Adj to Match Continuing Resolution,,,0/0,R-DEC-ERA-EXCLUDE,exclude_placeholder,,,,
FY2018CR|1109N|,FY2018CR,1109N,,2019,2019,CR,1,8c0d6c53bdaea2171a8c966e1debd5dc8f37f88cfb1b3f0aed7fc2953397b977,0,2019: Adj to Match Continuing Resolution,,,0/0,R-DEC-ERA-EXCLUDE,exclude_placeholder,,,,
FY2018CR|1506N|,FY2018CR,1506N,,2019,2019,CR,1,6533699dd30eba985cbb18de34611476984c21e218d97f96d823a4952dc9aa65,0,2019: Adj to Match Continuing Resolution,,,0/0,R-DEC-ERA-EXCLUDE,exclude_placeholder,,,,
FY2018CR|1507N|,FY2018CR,1507N,,2019,2019,CR,1,3bdf65da690375ff50a2ff529c266e8de39e42ca40d941b57caf2db321f781d7,0,2019: Adj to Match Continuing Resolution,,,0/0,R-DEC-ERA-EXCLUDE,exclude_placeholder,,,,
FY2018CR|1508N|,FY2018CR,1508N,,2019,2019,CR,1,f5495dc8a6b866781ab3868f74d8541bd3d89e3c453471da48d047d7d8d34ee7,0,2019: Adj to Match Continuing Resolution,,,0/0,R-DEC-ERA-EXCLUDE,exclude_placeholder,,,,
FY2018CR|1611N|,FY2018CR,1611N,,2019,2019,CR,1,f81b930d3d4b14d4792c76653b397f2c1556fb5f956c2f7011bb1ccd05804dab,0,2019: Adj to Match Continuing Resolution,,,0/0,R-DEC-ERA-EXCLUDE,exclude_placeholder,,,,
FY2018CR|1810N|,FY2018CR,1810N,,2019,2019,CR,1,2c889629181f463198c841c2e7f406494afdd7fb6d5354cb7011f6e4417d9298,0,2019: Adj to Match Continuing Resolution,,,0/0,R-DEC-ERA-EXCLUDE,exclude_placeholder,,,,
FY2018CR|2031A|,FY2018CR,2031A,,2019,2019,CR,1,c076def6561092c58bb0f3db17f2788bda64d2ee5b5fbd6233af1e67cb857ff7,0,2019: Adj to Match Continuing Resolution,,,0/0,R-DEC-ERA-EXCLUDE,exclude_placeholder,,,,
FY2018CR|2032A|,FY2018CR,2032A,,2019,2019,CR,1,6973bf485a623d39e57651c0e0e3d8c0ab04357cf79b0cb827b2d9fe79ba180f,0,2019: Adj to Match Continuing Resolution,,,0/0,R-DEC-ERA-EXCLUDE,exclude_placeholder,,,,
FY2018CR|2033A|,FY2018CR,2033A,,2019,2019,CR,1,df6aedfa26f99294daadbd93d3101388a0d53e418dcc3f0adca0e646bf4138ac,0,2019: Adj to Match Continuing Resolution,,,0/0,R-DEC-ERA-EXCLUDE,exclude_placeholder,,,,
FY2018CR|2034A|,FY2018CR,2034A,,2019,2019,CR,1,229a4dc4456a9897805234637e468aa9c78da8813df500a0fee3856e8cf00882,0,2019: Adj to Match Continuing Resolution,,,0/0,R-DEC-ERA-EXCLUDE,exclude_placeholder,,,,
FY2018CR|2035A|,FY2018CR,2035A,,2019,2019,CR,1,2f5c46d65e6f76228b8197a0220b274c5421db9c96906fd576b83914c3437f80,0,2019: Adj to Match Continuing Resolution,,,0/0,R-DEC-ERA-EXCLUDE,exclude_placeholder,,,,
FY2018CR|2093D|,FY2018CR,2093D,,2019,2019,CR,1,46e73cfb4eb5d3233cdb34be8f874cda3bf38deb7214fc22278c1d6a07b5e11b,0,2019: Adj to Match Continuing Resolution,,,0/0,R-DEC-ERA-EXCLUDE,exclude_placeholder,,,,
FY2018CR|3010F|,FY2018CR,3010F,,2019,2019,CR,1,014991617e6168b88a8cb4336cdb7b3f82688c9f08f5a0b5709828476d7afc29,0,2019: Adj to Match Continuing Resolution,,,0/0,R-DEC-ERA-EXCLUDE,exclude_placeholder,,,,
FY2018CR|3011F|,FY2018CR,3011F,,2019,2019,CR,1,05c4ac9dc05e95a15433e0f3494e1c11eae3a2e471d93285bb724f209c68d156,0,2019: Adj to Match Continuing Resolution,,,0/0,R-DEC-ERA-EXCLUDE,exclude_placeholder,,,,
FY2018CR|3020F|,FY2018CR,3020F,,2019,2019,CR,1,441a69ad8923872fc55f1f0b049de944fc99d029772ef05601c666c7af3c23a6,0,2019: Adj to Match Continuing Resolution,,,0/0,R-DEC-ERA-EXCLUDE,exclude_placeholder,,,,
FY2018CR|3021F|,FY2018CR,3021F,,2019,2019,CR,1,12d47faeffdbcd4e02d73e5f57bbe330b5022d9c2e6e7fd5d62dab4785297931,0,2019: Adj to Match Continuing Resolution,,,0/0,R-DEC-ERA-EXCLUDE,exclude_placeholder,,,,
FY2018CR|3080F|,FY2018CR,3080F,,2019,2019,CR,1,167e679ee78cdff367caf64cb77e1cc69bfc1da98aa0c7b45fab813118526039,0,2019: Adj to Match Continuing Resolution,,,0/0,R-DEC-ERA-EXCLUDE,exclude_placeholder,,,,
GAP000|3020F|,GAP000,3020F,,2017,2017,R2,1,7032f9fc8ac0a47e26cfbdd162f22d840c8e14c836e24d1512a0ae64d5dd8a20,36071,2017: Wideband Gapfiller Satellites(Space),3022F: Wideband Gapfiller Satellites(Space),,0/0,,,,,,
GAP000|3021F|,GAP000,3021F,,2017,2021,R2,5,e2d247fd6819d47ba5cc84436b23dd0dfb2a04961e2b748744a156d4fda046e9,810613,2017: Wideband Gapfiller Satellites(Space); 2018: Wideband Gapfiller Satellites(Space); 2019: Wideband Gapfiller Satellites(Space); 2020: Wideband Gapfiller Satellites(Space); 2021: Wideband Gapfiller Satellites(Space),3022F: Wideband Gapfiller Satellites(Space),,3/4,owner-batch,,,,,
GAP000|3022F|,GAP000,3022F,,2023,2023,A1,1,d118d24e99fbd1e467d9071f4f88646a27999f148f00fb38abc81ac0ae23d8cd,5000,2023: Wideband Gapfiller Satellites (Space),Wideband Gapfiller Satellites(Space),1.00,1/1,R-DEC-ERA-SAME,same_program,,,,
GLID00|3010F|,GLID00,3010F,,2017,2023,A1,7,9c42db7f061216bd82cd6a9691bd1b820c618e4a7567e8c68bbf69e94d0c5d1e,3322,2017: Glider Mods; 2018: Glider Mods; 2019: Glider Mods; 2020: Glider Mods; 2021: Glider Mods; 2022: Glider Mods; 2023: Glider Mods,Glider Mods,1.00,7/7,R-DEC-ERA-SAME,same_program,,,,
GNRLIT|3021F|,GNRLIT,3021F,,2019,2022,R2,4,2233b4239a55035956cf330a66c623099b4765349d9197112fe1203793960146,5669,2019: General Information Tech - Space; 2020: General Information Tech - Space; 2021: General Information Tech - Space; 2022: General Information Tech - Space,3022F: General Information Tech - Space,,3/3,,,,,,
GNRLIT|3022F|,GNRLIT,3022F,,2021,2023,R3+A1,3,5fed65c4fef95326647c69e682dd41761e72caf3ce914ea5c5803a73d2b76100,3299,2021: General Information Tech - Space; 2022: General Information Tech - Space; 2023: General Information Tech - Space,3022F: General Information Tech - Space,1.00,3/3,,,,,,
GPS03C|3021F|,GPS03C,3021F,,2020,2022,R2,3,9eedb44f97130b76a71c128d07395fc146024e477721a8f13bb7ef46f1b54899,389975,2020: GPSIII Follow On; 2021: GPSIII Follow On; 2022: GPSIII Follow On,3022F: GPSIII Follow On,,2/2,owner-batch,,,,,
GPS03C|3022F|,GPS03C,3022F,,2021,2023,R3+A1,3,6669537584de784f6dfdae59331ce341da500ec00e9b2d6c07d2c3e269cda697,597796,2021: GPSIII Follow On; 2022: GPSIII Follow On; 2023: GPSIII Follow On,3022F: GPSIII Follow On,1.00,3/3,owner-batch,,,,,
GPSIII|3020F|,GPSIII,3020F,,2017,2017,R2,2,bc56d7af992a363698b52e59db1fee6e47b802b60bd3911e1bf725d6a220dcb8,312326,2017: GPS III Space Segment,3022F: GPS III Space Segment,,0/0,owner-batch,,,,,
GPSIII|3021F|,GPSIII,3021F,,2017,2022,R2,6,c9b6cf5308e8392740de3b12600ea5a4c2b7cbfbcaeeb8b91edfdbdb24cada40,420639,2017: GPS III Space Segment; 2018: GPS III Space Segment; 2019: GPS III Space Segment; 2020: GPS III Space Segment; 2021: GPS III Space Segment; 2022: GPS III Space Segment,3022F: GPS III Space Segment,,5/5,owner-batch,,,,,
GPSIII|3022F|,GPSIII,3022F,,2021,2023,R3+A1,3,b002a112eabee0fd9e8a0ce5ae9077660e13b41df34bb696e69b9bdb4cb64ac6,20122,2021: GPS III Space Segment; 2022: GPS III Space Segment; 2023: GPS III Space Segment,3022F: GPS III Space Segment,1.00,3/3,,,,,,
GPSSPC|3021F|,GPSSPC,3021F,,2017,2021,R2,5,a021439555d64bee9e7e4b39d493ebe52d043e0159e2326d6cdc7c7ee439dd95,8045,2017: Global Postioning (Space); 2018: Global Postioning (Space); 2019: Global Postioning (Space); 2020: Global Postioning (Space); 2021: Global Postioning (Space),3022F: Global Postioning (Space),,4/4,,,,,,
GPSSPC|3022F|,GPSSPC,3022F,,2021,2023,R3+A1,3,d642da703d9f03d2c8e0b8d4d89803c7caa643cfd6bf8a5a029eff6940e7da09,2256,2021: Global Postioning (Space); 2022: Global Postioning (Space); 2023: Global Postioning (Space),3022F: Global Postioning (Space),1.00,3/3,,,,,,
H00100|3010F|,H00100,3010F,,2017,2023,A1,7,3d8b87c47507662ad34b5af5ce1c275c07413cf44448c864b1b462d7c1d65940,47316,2017: H-1; 2018: H-1; 2019: H-1; 2020: H-1; 2021: H-1; 2022: H-1; 2023: H-1,H-1,1.00,7/7,R-DEC-ERA-SAME,same_program,,,,
H0106O|3010F|,H0106O,3010F,,2017,2023,A1+R1,7,fcc4609eb17be372da5098230b927f2e8dce11b5a43052a619f4c3a4418af34b,214809,2017: UH-1N Replacement | UUH-1N Replacement; 2018: UUH-1N Replacement; 2019: UH-1N Replacement; 2021: UH-1N Replacement; 2022: MH-139A; 2023: MH-139A,MH-139A,0.00,5/5,owner-batch,,,,,
H06000|3010F|,H06000,3010F,,2017,2023,A1,7,ed30deda57439d97b2aa69875df3bf8afa40f1ec7259b116eff0e616cce1e68a,442543,2017: H-60; 2018: H-60; 2019: H-60; 2020: H-60; 2021: H-60; 2022: H-60; 2023: H-60,H-60,1.00,7/7,R-DEC-ERA-SAME,same_program,,,,
H060WH|3010F|,H060WH,3010F,,2019,2023,A1,6,1921ef94e7b904abdae51084f7b344eac0a59aead3989d16371c64d6ccd71dac,2449202,2019: Combat Rescue Helicopter; 2020: Combat Rescue Helicopter; 2021: Combat Rescue Helicopter; 2022: Combat Rescue Helicopter; 2023: Combat Rescue Helicopter,Combat Rescue Helicopter,1.00,5/5,R-DEC-ERA-SAME,same_program,,,,
H060WM|3010F|,H060WM,3010F,,2023,2023,R1,1,e098eadf304949f57caa85fe5d5c9ff1378e35185d62f4804f27bed867ccb6c9,0,2023: Combat Rescue Helicopter Modification,HH60W Modifications,0.00,1/1,,,,,,
HAEUAV|3010F|,HAEUAV,3010F,,2017,2019,H,3,a2645b7e87254218b396bcfd250f88c7fc606a8ad788d845911ac3cb576eb133,65213,2017: RQ-4; 2018: RQ-4; 2019: RQ-4,,,1/2,R-DEC-ERA-HISTORY,history_only,,,,
HAWK00|3010F|,HAWK00,3010F,,2017,2023,A1,7,fffaecda379476d6f382304e6fb7228464d23e22dcf275d380a681d7760ceddf,310625,2017: RQ-4 Mods; 2018: RQ-4 Mods; 2019: RQ-4 Mods; 2020: RQ-4 Mods; 2021: RQ-4 Mods; 2022: RQ-4 Mods; 2023: RQ-4 Mods,RQ-4 Mods,1.00,7/7,R-DEC-ERA-SAME,same_program,,,,
HCMC00|3010F|,HCMC00,3010F,,2017,2023,A1,7,369f56ffa15ecf7cf090bc2f132ec1213321067a189fb91e47096c7e9a4cf57f,566370,2017: HC/MC-130 Modifications; 2018: HC/MC-130 Modifications; 2019: HC/MC-130 Modifications; 2020: HC/MC-130 Modifications; 2021: HC/MC-130 Modifications; 2022: HC/MC-130 Modifications; 2023: HC/MC-130 Modifications,HC/MC-130 Post Prod,1.00,7/7,R-DEC-ERA-SAME,same_program,,,,
HRTG00|3022F|,HRTG00,3022F,,2022,2023,A1,2,495f43e9c2ce631983ed14a053c82f093f8f4ec2dbbffb31f8473376b69d4558,0,2022: HERITAGE TRANSITION; 2023: HERITAGE TRANSITION,HERITAGE TRANSITION,1.00,2/2,R-DEC-ERA-SAME,same_program,,,,
IBS000|3021F|,IBS000,3021F,,2019,2021,H,3,4f1c6bffc8b873955eb0274e994ca9f2fa4faa297747a9be670dc1ed98d96813,16445,2019: INTEG BROADCAST SERV; 2020: Integ Broadcast Service; 2021: Integ Broadcast Service,,,2/2,,,,,,
INDSUR|3020F|,INDSUR,3020F,,2023,2023,H,1,6d4ee3e76f668e96d6c2aa5aff159b59aba6c8032d4e499b5acf01e507f76c0f,814,2023: Industrial Facillities,,,0/0,R-DEC-ERA-HISTORY,history_only,,,,
JAGM00|3020F|,JAGM00,3020F,,2020,2022,H,3,c719609d543d4697d9cb4ae642349d8e913be72f1e531ae39df95a6a3fcd0c96,10000,2020: Joint Air-To-Ground Munition; 2021: Joint Air-To-Ground Munition; 2022: Joint Air-To-Ground Munition,,,2/2,R-DEC-ERA-HISTORY,history_only,,,,
JASSM0|3020F|,JASSM0,3020F,,2017,2023,A1,7,5577abf58fd2b2ef011614397c90c5a0a00762fea182e2f0e715c8ff74064eab,3198272,2017: Joint Air-Surface Standoff Missile; 2018: Joint Air-Surface Standoff Missile; 2019: Joint Air-Surface Standoff Missile; 2020: Joint Air-Surface Standoff Missile; 2021: Joint Air-Surface Standoff Missile; 2022: Joint Air-Surface Standoff Missile; 2023: Joint Air-Surface Standoff Missile,Joint Air-Surface Standoff Missile,1.00,7/7,R-DEC-ERA-SAME,same_program,,,,
JIED01|2093A|,JIED01,2093A,,2017,2019,H,3,8585f8be0bd811cc53fbc1cd266407190f22affde77aabce807d4b91854f8a7f,512550,2017: Attack the Network; 2018: Attack the Network; 2019: Attack the Network,,,1/2,R-DEC-ERA-HISTORY,history_only,,,,
JIED01|2093D|,JIED01,2093D,,2017,2019,H,3,086b3dfb60946b1830e28f64b934dcc6a24e00450f2779e78c34ca7b07e1ea24,339472,2017: Rapid Acquisition and Threat Response; 2018: Rapid Acquisition and Threat Response; 2019: Rapid Acquisition and Threat Response,,,2/2,R-DEC-ERA-HISTORY,history_only,,,,
JIED02|2093A|,JIED02,2093A,,2017,2018,H,2,ec771a5cccb8e105f8dc9dd89347e106d46df7047c630381deb645f6413ffe7d,156700,2017: Defeat the Device; 2018: Defeat the Device,,,1/1,R-DEC-ERA-HISTORY,history_only,,,,
JIED03|2093A|,JIED03,2093A,,2017,2018,H,2,b147e891716595579041a96e051922e6d6060025774f919932817fc8e361a9f3,23550,2017: Train the Force; 2018: Train the Force,,,1/1,R-DEC-ERA-HISTORY,history_only,,,,
JIED04|2093A|,JIED04,2093A,,2017,2018,H,2,00bbe2abae04ff3f10b228c3e9aeaf7c73b88fd0fb6cf2c94066ef69c7a4d717,188928,2017: Operations; 2018: Operations,,,1/1,R-DEC-ERA-HISTORY,history_only,,,,
JIED04|2093D|,JIED04,2093D,,2017,2018,H,2,3d4f736a24ec1cd9af7f00fd2ffedf870f2350ecce126abf84ede58a13b46ddd,0,2017: Mission Enablers; 2018: Mission Enablers,,,1/1,R-DEC-ERA-HISTORY,history_only,,,,
JPAT00|3010F|,JPAT00,3010F,,2017,2023,A1,7,0d1189718baf0952f6dcbabdc07c822eb153797f73a1abd1686b069a1d22d6d6,131133,2017: T-6; 2018: T-6; 2019: T-6; 2020: T-6; 2021: T-6; 2022: T-6; 2023: T-6,T-6,1.00,4/7,R-DEC-ERA-SAME,same_program,,,,
KC046A|3010F|,KC046A,3010F,,2017,2023,A1+A2,13,3c26e330d5f620463b689b2c538e6693132649f196a3da2d3a601256cd2e326a,16577829,2017: KC-46A Tanker; 2018: KC-46A Tanker; 2019: KC-46A Tanker; 2020: KC-46A MDAP; 2021: KC-46A MDAP; 2022: KC-46A MDAP; 2023: KC-46A MDAP,KC-46A MDAP,0.50,7/7,owner-batch,,,,,
LAIRCM|3010F|,LAIRCM,3010F,,2017,2023,A1,7,76a0309ee7b1ffcded189c97b31ee6e787e7115eb02a1f1d076e662c42501cb3,533699,2017: Large Aircraft Infrared Countermeasures; 2018: Large Aircraft Infrared Countermeasures; 2019: Large Aircraft Infrared Countermeasures; 2020: Large Aircraft Infrared Countermeasures; 2021: Large Aircraft Infrared Countermeasures; 2022: Large Aircraft Infrared Countermeasures; 2023: Large Aircraft Infrared Countermeasures,Large Aircraft Infrared Countermeasures,1.00,7/7,R-DEC-ERA-SAME,same_program,,,,
LRASM0|3020F|,LRASM0,3020F,,2017,2023,A1,7,016f630fffb88485037e6a96c1ac6dc28b590dea9790c6a8ace992b0615dfe65,207324,2017: LRASM0; 2018: LRASM0; 2019: LRASM0; 2020: LRASM0; 2021: LRASM0; 2022: LRASM0; 2023: LRASM0,LRASM0,1.00,7/7,R-DEC-ERA-SAME,same_program,,,,
M09HAI|3020F|,M09HAI,3020F,,2017,2023,A1,7,0311d152c6ff38316cc5a187fd0dcc22ea4a61fd296d7d11d348ca1dd2c5828d,972767,2017: Sidewinder (AIM-9X); 2018: Sidewinder (AIM-9X); 2019: Sidewinder (AIM-9X); 2020: Sidewinder (AIM-9X); 2021: Sidewinder (AIM-9X); 2022: Sidewinder (AIM-9X); 2023: Sidewinder (AIM-9X),Sidewinder (AIM-9X),1.00,7/7,R-DEC-ERA-SAME,same_program,,,,
M30FLH|3020F|,M30FLH,3020F,,2017,2023,A1,12,d41905b464a24e5e11fbb1bf5ebb437124de34b1de7221a8cfdd24f2cf60c712,100317,2017: ICBM FUZE MOD; 2018: ICBM FUZE MOD; 2019: ICBM FUZE MOD; 2020: ICBM FUZE MOD; 2021: ICBM FUZE MOD; 2022: ICBM FUZE MOD; 2023: ICBM FUZE MOD,ICBM FUZE MOD,1.00,7/7,R-DEC-ERA-SAME,same_program,,,,
M30GLG|3020F|,M30GLG,3020F,,2023,2023,A1,1,d6f166152b45620aec59b7e5d9f3a01cbb9345eaf3df377cceed66ba99bdcbfb,73474,2023: Missile Replacement Eq-Ballistic,Missile Replacement EQ-Ballistic,1.00,0/1,R-DEC-ERA-SAME,same_program,,,,
M30MLG|3020F|,M30MLG,3020F,,2017,2023,A1,7,f35c98023fb277ad5d1b905a72be3a6e12212863057031d635bb5d1794d3b9b9,435348,2017: MM III Modifications; 2018: MM III Modifications; 2019: MM III Modifications; 2020: MM III Modifications; 2021: MM III Modifications; 2022: MM III Modifications; 2023: MM III Modifications,MM III Modifications,1.00,7/7,R-DEC-ERA-SAME,same_program,,,,
M65DAG|3020F|,M65DAG,3020F,,2017,2023,H,7,5c0edfe6a506da224501db889c13df099a161cfcdac634633491c4ad5844ad53,87248,2017: AGM-65D Maverick; 2018: AGM-65D Maverick; 2019: AGM-65D Maverick; 2020: AGM-65D Maverick; 2021: AGM-65D Maverick; 2022: AGM-65D Maverick; 2023: AGM-65D Maverick,,,6/6,R-DEC-ERA-HISTORY,history_only,,,,
M88AAG|3020F|,M88AAG,3020F,,2017,2018,A1,2,04433893c129d37a442ffd0b465a023c743e0204c758bfdae2ddac885f1300d2,494,2017: AGM-88A Harm; 2018: AGM-88A Harm,AGM-88A Harm,1.00,1/1,R-DEC-ERA-SAME,same_program,,,,
MALCBG|3020F|,MALCBG,3020F,,2017,2023,A1,7,bd5ebda84638dd1953a64f4b47d2eda66898340649ec17188db7b62795605ef7,234000,2017: Air Launch Cruise Missile (ALCM); 2018: Air Launch Cruise Missile (ALCM); 2019: Air Launch Cruise Missile (ALCM); 2020: Air Launch Cruise Missile (ALCM); 2021: Air Launch Cruise Missile (ALCM); 2022: Air Launch Cruise Missile (ALCM); 2023: Air Launch Cruise Missile (ALCM),Air Launch Cruise Missile (ALCM),1.00,6/7,R-DEC-ERA-SAME,same_program,,,,
MAMRA0|3020F|,MAMRA0,3020F,,2017,2023,A1,7,55f7630bd7f9f1b95b2bfa8337aa63591a0e712f313b0aadf89f8008a974afb0,2207138,2017: AMRAAM; 2018: AMRAAM; 2019: AMRAAM; 2020: AMRAAM; 2021: AMRAAM; 2022: AMRAAM; 2023: AMRAAM,AMRAAM,1.00,7/7,R-DEC-ERA-SAME,same_program,,,,
MC0MSE|3020F|,MC0MSE,3020F,,2017,2017,R2,1,edb455e78ed87da39e9e24d458ad5f3a50f95536ba94e00816de23b4f8a082ee,13401,2017: Spaceborne Equip (COMSEC),3022F: Spaceborne Equip (Comsec),,0/0,,,,,,
MC0MSE|3021F|,MC0MSE,3021F,,2017,2022,R2,6,be9460dd4c1cbef306dcaa6a599c619a2e72fba437f2d8106291331bb3aeafe1,130613,2017: Spaceborne Equip (Comsec); 2018: Spaceborne Equip (Comsec); 2019: Spaceborne Equip (Comsec); 2020: Spaceborne Equip (Comsec); 2021: Spaceborne Equip (Comsec); 2022: Spaceborne Equip (Comsec),3022F: Spaceborne Equip (Comsec),,5/5,owner-batch,,,,,
MC0MSE|3022F|,MC0MSE,3022F,,2021,2023,R3+A1,3,075dfd99ecceab473a7663e83ccead9f2f4d92665a4c3fcc1073b5f7727a3f9c,35495,2021: Spaceborne Equip (Comsec); 2022: Spaceborne Equip (Comsec); 2023: Spaceborne Equip (Comsec),3022F: Spaceborne Equip (Comsec),1.00,3/3,,,,,,
MD07|0300D|,MD07,0300D,,2017,2023,A1,7,423bf9ef73b4a5ac1e4b58dd25df9c0c984fbbf156b3d43220a5c1d6f750e4c8,4601027,2017: THAAD; 2018: THAAD; 2019: THAAD; 2020: THAAD; 2021: THAAD; 2022: THAAD; 2023: THAAD,THAAD,1.00,7/7,R-DEC-ERA-SAME,same_program,,,,
MD08|0300D|,MD08,0300D,,2019,2023,A1,8,e0fa3e0ecc03d09bbae22727efd73e6e545b7342b72d4dcab66e6184f13cee3c,1270935,2019: Ground Based Midcourse; 2020: Ground Based Midcourse; 2021: Ground Based Midcourse; 2022: Ground Based Midcourse; 2023: Ground Based Midcourse,Ground Based Midcourse,1.00,5/5,R-DEC-ERA-SAME,same_program,,,,
MD09|0300D|,MD09,0300D,,2017,2023,A1,13,c6f84aaf713f3a71416f0485af27abbae333699a1d60eedf0fd7318534102e13,4385713,2017: Aegis BMD; 2018: Aegis BMD; 2019: Aegis BMD; 2020: Aegis BMD; 2021: Aegis BMD; 2022: Aegis BMD; 2023: Aegis BMD,Aegis BMD,1.00,7/7,R-DEC-ERA-SAME,same_program,,,,
MD11|0300D|,MD11,0300D,,2017,2023,A1,7,6b82dbef69c630eccd25e7591a8ac3890ed58e8e9689beda1e37c1d1e2806b4c,450788,2017: BMDS AN/TPY-2 Radars; 2018: BMDS AN/TPY-2 Radars; 2019: BMDS AN/TPY-2 Radars; 2020: BMDS AN/TPY-2 Radars; 2021: BMDS AN/TPY-2 Radars; 2022: BMDS AN/TPY-2 Radars; 2023: BMDS AN/TPY-2 Radars,BMDS AN/TPY-2 Radars,1.00,7/7,R-DEC-ERA-SAME,same_program,,,,
MD14|0300D|,MD14,0300D,,2021,2023,A1,3,4d6b33de87579895620061169a87c0bfd91c2f72e2ede6188e81818c45ba1c0c,556322,2021: SM-3 IIAs; 2022: SM-3 IIAs; 2023: SM-3 IIAs,SM-3 IIAs,1.00,3/3,R-DEC-ERA-SAME,same_program,,,,
MD20|0300D|,MD20,0300D,,2017,2018,H,2,33c94acd4c365cb51cf9eb66c0e99fb082ca3889d9556695345b62828b22d165,15000,2017: Arrow Upper Tier; 2018: Arrow Upper Tier,,,1/1,R-DEC-ERA-HISTORY,history_only,,,,
MD26|0300D|,MD26,0300D,,2019,2023,A1+R1,5,39c6c0f4e3689065b35ab0070ca442cc53cbd6672e93b3eb71e47662c063ad61,452000,2019: Israeli Programs; 2020: Arrow 3 Upper Tier Systems; 2021: Arrow 3 Upper Tier Systems; 2022: Arrow 3 Upper Tier Systems; 2023: Arrow 3 Upper Tier Systems,Arrow 3 Upper Tier Systems,0.00,4/5,owner-batch,,,,,
MD34|0300D|,MD34,0300D,,2017,2023,A1+R1,7,eb95855bcf319ed07332ccf45688dc5df509e029330f01b8a838b55d2dc640d8,570000,2017: David's Sling; 2018: David's Sling; 2019: Short Range Ballistic Missile Defense (SRBMD); 2020: Short Range Ballistic Missile Defense (SRBMD); 2021: Short Range Ballistic Missile Defense (SRBMD); 2022: Short Range Ballistic Missile Defense (SRBMD); 2023: Short Range Ballistic Missile Defense (SRBMD),Short Range Ballistic Missile Defense (SRBMD),0.00,5/7,owner-batch,,,,,
MD65|0300D|,MD65,0300D,,2022,2023,A1,2,e300fde16bc354e7192926221ca05b8dc693b5994c6ed46b50a5063c7fe88cf4,0,2022: Defense of Guam Procurement; 2023: Defense of Guam Procurement,Defense of Guam Procurement,1.00,2/2,R-DEC-ERA-SAME,same_program,,,,
MD73|0300D|,MD73,0300D,,2017,2023,A1,7,1f5d267bb352681c0a8d9e8810c831874593166a956dcd4e54c5aac04b53ddc5,444544,2017: Aegis Ashore Phase III; 2018: Aegis Ashore Phase III; 2019: Aegis Ashore Phase III; 2020: Aegis Ashore Phase III; 2021: Aegis Ashore Phase III; 2022: Aegis Ashore Phase III; 2023: Aegis Ashore Phase III,Aegis Ashore Phase III,1.00,7/7,R-DEC-ERA-SAME,same_program,,,,
MD83|0300D|,MD83,0300D,,2017,2023,A1,7,93279b4c7dc594f927cccfb91c6d0722c9b84f44c447c9a35b6594410b437052,797972,2017: Iron Dome; 2018: Iron Dome; 2019: Iron Dome; 2020: Iron Dome; 2021: Iron Dome; 2022: Iron Dome; 2023: Iron Dome,Iron Dome,1.00,6/7,R-DEC-ERA-SAME,same_program,,,,
MD90|0300D|,MD90,0300D,,2017,2023,A1,7,1597c4047a4e79d8ef5546ca3def7fb77bed31f41cbc042783273f354ced9b34,665040,2017: Aegis BMD Hardware and Software; 2018: Aegis BMD Hardware and Software; 2019: Aegis BMD Hardware and Software; 2020: Aegis BMD Hardware and Software; 2021: Aegis BMD Hardware and Software; 2022: Aegis BMD Hardware and Software; 2023: Aegis BMD Hardware and Software,Aegis BMD Hardware and Software,1.00,7/7,R-DEC-ERA-SAME,same_program,,,,
MD97|0300D|,MD97,0300D,,2019,2019,H,1,ac88fb63392bbfaf1656bfe7390ee3f73dc70cbfd09d553a1c5308f9eda07109,50000,2019: Improved Homeland Defense (HLD) Interceptors,,,0/0,R-DEC-ERA-HISTORY,history_only,,,,
MGBSD0|3020F|,MGBSD0,3020F,,2022,2023,A1,2,5a3ce2e5e9348511eeffb272db07d30bd578accc956341ad277f6bf6390dcfb3,0,2022: Ground Based Strategic Deterrent; 2023: Ground Based Strategic Deterrent,Ground Based Strategic Deterrent,1.00,2/2,R-DEC-ERA-SAME,same_program,,,,
MGPS00|3020F|,MGPS00,3020F,,2017,2017,H,1,db4d0e9c8df734ebfa420cfd76a35bd87e9306163b740ca14aa8943bbc60501f,52959,2017: Global Positioning (Space),,,0/0,R-DEC-ERA-HISTORY,history_only,,,,
MGPS00|3021F|,MGPS00,3021F,,2017,2019,H,3,9515d6d181e9e8b34afdf2d0dd8b04c451089ba03270bfb8813d2d8628072131,73973,2017: Global Positioning (Space); 2018: Global Positioning (Space); 2019: Global Positioning (Space),,,2/2,R-DEC-ERA-HISTORY,history_only,,,,
MILSAT|3021F|,MILSAT,3021F,,2017,2022,R2,6,2a940e2389cc6b0ab0373f5ec8be3b49a81e7618aad2cd90826f9cf3a81a4c80,134854,2017: MILSATCOM; 2018: MILSATCOM; 2019: MILSATCOM; 2020: MILSATCOM; 2021: MILSATCOM; 2022: MILSATCOM,3022F: MILSATCOM,,5/5,owner-batch,,,,,
MILSAT|3022F|,MILSAT,3022F,,2021,2023,R3+A1,3,b8ade802573f90ef11176d520b9b50623b94ffc1a43f014df419a1874f4b3b5f,15795,2021: MILSATCOM; 2022: MILSATCOM; 2023: MILSATCOM,3022F: MILSATCOM,1.00,3/3,,,,,,
MLRSO1|3020F|,MLRSO1,3020F,,2023,2023,A1,1,3da40e9dca144da27659d591836564e982c68056f1a0608eae4005b89021445e,0,2023: Long Range Stand-Off Weapon,Long Range Stand-Off Weapon,1.00,1/1,R-DEC-ERA-SAME,same_program,,,,
MS0554|3020F|,MS0554,3020F,,2017,2017,H,1,ddf43c52cfac3eaab92b1fcd9fc04ec078667fed01f7a2355081e3a29f60e177,77815,2017: Def Meteorological Sat Prog(Space),,,0/0,R-DEC-ERA-HISTORY,history_only,,,,
MSEELC|3020F|,MSEELC,3020F,,2017,2017,H,1,2972cec9351c1ce090b0474009d4bf0f57fc10499a66a63f82effc8cda1d032f,687735,2017: Evolved Expendable Launch Capability,,,0/0,R-DEC-ERA-HISTORY,history_only,,,,
MSEELC|3021F|,MSEELC,3021F,,2017,2021,H,5,c22a6a6aea65506c1ae5bfdabac58179740a7ba77dc464388aec3d9357fff134,2807691,2017: Evolved Expendable Launch Capability; 2018: Evolved Expendable Launch Capability; 2019: Evolved Expendable Launch Capability; 2020: Evolved Expendable Launch Capability; 2021: Evolved Expendable Launch Capability,,,4/4,R-DEC-ERA-HISTORY,history_only,,,,
MSEELV|3020F|,MSEELV,3020F,,2017,2017,H,1,34c71742a636f6ed15c8ce9a2c7f7bfc66af1a71996049fe590928b943b2c182,732003,2017: Evolved Expendable Launch Veh(Space),,,0/0,R-DEC-ERA-HISTORY,history_only,,,,
MSEELV|3021F|,MSEELV,3021F,,2017,2022,H,6,2f6014c695b5cc215ba1383009c7c77de2092e0a1aeee2a7ed3c8b5833693303,3729903,2017: Evolved Expendable Launch Veh(Space); 2018: Evolved Expendable Launch Veh(Space); 2019: Evolved Expendable Launch Veh(Space); 2020: Evolved Expendable Launch Veh(Space); 2021: Evolved Expendable Launch Veh(Space); 2022: Evolved Expendable Launch Veh(Space),,,5/5,R-DEC-ERA-HISTORY,history_only,,,,
MSPPRG|3020F|,MSPPRG,3020F,,2017,2023,A1,7,d8b831a6ef15c68be30dd7d3e0401485a1fd7b3d1acd9c4616129166d568ce32,791635,2017: Special Update Programs; 2018: Special Update Programs; 2019: Special Update Programs; 2020: Special Update Programs; 2021: Special Update Programs; 2022: Special Update Programs; 2023: Special Update Programs,Special Update Programs,1.00,7/7,R-DEC-ERA-SAME,same_program,,,,
MSSBIR|3020F|,MSSBIR,3020F,,2017,2017,R2,1,66300df8b4ce0182730dbc513f8c7977aef3c39f3c21491e835437a32ab7390e,444567,2017: SBIR High (Space),3022F: SBIR High (Space),,0/0,owner-batch,,,,,
MSSBIR|3021F|,MSSBIR,3021F,,2017,2022,R2,8,aa8e1eaec9644acd7bb98cf603ea51f6194739de06c28c6185cade18dc48a2ba,2162234,2017: SBIR High (Space); 2018: SBIR High (Space); 2019: SBIR High (Space); 2020: SBIR High (Space); 2021: SBIR High (Space); 2022: SBIR High (Space),3022F: SBIR High (Space),,5/5,owner-batch,,,,,
MSSBIR|3022F|,MSSBIR,3022F,,2021,2023,R3+A1,3,6382205d4d1c925fd7640b5c5d8b747b5b1980bef5648ee198c6099577270368,145891,2021: SBIR High (Space); 2022: SBIR High (Space); 2023: SBIR High (Space),3022F: SBIR High (Space),1.00,3/3,owner-batch,,,,,
MSSPAC|3022F|,MSSPAC,3022F,,2021,2023,A1,3,4d3ab39cace5ce7297be6c7b92aba3e8132ee47fd44bc8d2933ce13bd69ab6a4,78387,2021: Special Space Activities; 2022: Special Space Activities; 2023: Special Space Activities,Special Space Activities,1.00,3/3,R-DEC-ERA-SAME,same_program,,,,
MUOS00|3022F|,MUOS00,3022F,,2022,2023,A1,2,c81fc5417d663be58a246f00f0e57c2bd8dc2928c049902c0363d048e37bf07e,0,2022: Mobile User Objective System; 2023: Mobile User Objective System,Mobile User Objective System,1.00,2/2,R-DEC-ERA-SAME,same_program,,,,
NSSL00|3022F|,NSSL00,3022F,,2021,2023,A1,3,fe700eb2afcbb6d0963ab81c2df33fe32ab5db7f8663b72b58ebbbcef948e8a9,996371,2021: National Security Space Launch; 2022: National Security Space Launch; 2023: National Security Space Launch,National Security Space Launch,1.00,3/3,R-DEC-ERA-SAME,same_program,,,,
NSSL01|0300D|,NSSL01,0300D,,2022,2023,A1,2,667d62041b22bba4440d50bac24b611d7fed6980761261b3858ee827f01c2fa5,0,2022: Joint Capability Tech Demonstration (JCTD); 2023: Joint Capability Tech Demonstration (JCTD),Joint Capability Tech Demonstration (JCTD),1.00,2/2,R-DEC-ERA-SAME,same_program,,,,
NUDETS|3021F|,NUDETS,3021F,,2017,2022,R2,6,6f73256d661b9eb879166cadf3767442b333187bafe2085a0e2ff34b453e5775,33983,2017: NUDET Detection System; 2018: NUDET Detection System; 2019: NUDET Detection System; 2020: NUDET Detection System; 2021: NUDET Detection System; 2022: NUDET Detection System,3022F: NUDET Detection System,,5/5,,,,,,
NUDETS|3022F|,NUDETS,3022F,,2021,2023,R3+A1,3,eb32869319873d529e3a74db69576faf52b6566a76aba05c15d246fee32fb028,6638,2021: NUDET Detection System; 2022: NUDET Detection System; 2023: NUDET Detection System,3022F: NUDET Detection System,1.00,3/3,,,,,,
O&M|0390D|,O&M,0390D,,2017,2023,UNSAFE,7,523cd96c7d9031b4c4a43c45f4b72731a6fa140873c51c52b9a3700d47d595a2,801553,2017: Chem Demilitarization - O&M; 2018: Chem Demilitarization - O&M; 2019: Chem Demilitarization - O&M; 2020: Chem Demilitarization - O&M; 2021: Chem Demilitarization - O&M; 2022: Chem Demilitarization - O&M; 2023: Chem Demilitarization - O&M,,,6/6,R-DEC-ERA-EXCLUDE,exclude_route_unsafe,,,,
OAX000|3010F|,OAX000,3010F,,2020,2022,H,3,54b700597b10c9cbb89fb3ec25787975d99b7d949fcbed76f96dd92f6dfaebc4,130000,2020: Observation Attack Replacement (OA-X); 2021: Observation Attack Replacement (OA-X); 2022: Observation Attack Replacement (OA-X),,,1/2,R-DEC-ERA-HISTORY,history_only,,,,
OTHACF|3010F|,OTHACF,3010F,,2017,2023,A1,16,56688ac097e7d968a97915a7db4e8f5913cfcf37cd2e28d18919dc29b82de0ae,564893,2017: Other Aircraft; 2018: Other Aircraft; 2019: Other Aircraft; 2020: Other Aircraft; 2021: Other Aircraft; 2022: Other Aircraft; 2023: Other Aircraft,Other Aircraft,1.00,7/7,R-DEC-ERA-SAME,same_program,,,,
PRDT01|3010F|,PRDT01,3010F,,2017,2018,H,2,e894eba82146526c6d35de7686b86ac106faf8590508495a6dc679711d84be22,7928,2017: MQ-1 Mods; 2018: MQ-1 Mods,,,1/1,R-DEC-ERA-HISTORY,history_only,,,,
PRDTA2|3020F|,PRDTA2,3020F,,2017,2023,A1,7,620e4d4e76f9d683544828cb8c7a44feb8d4df940222eb1f7eb10715f5070710,2360687,2017: Predator Hellfire Missile; 2018: Predator Hellfire Missile; 2019: Predator Hellfire Missile; 2020: Predator Hellfire Missile; 2021: Predator Hellfire Missile; 2022: Predator Hellfire Missile; 2023: Predator Hellfire Missile,Predator Hellfire Missile,1.00,7/7,R-DEC-ERA-SAME,same_program,,,,
PRDTB1|3010F|,PRDTB1,3010F,,2017,2023,A1,11,16a3d8a2aa8123fdd516060f6d2ee8766a66baee937cb4702c0b5e401f7b7f4e,3031392,2017: MQ-9; 2018: MQ-9; 2019: MQ-9; 2020: MQ-9; 2021: MQ-9; 2022: MQ-9; 2023: MQ-9,MQ-9,1.00,7/7,R-DEC-ERA-SAME,same_program,,,,
PRDTB2|3010F|,PRDTB2,3010F,,2017,2023,A1,7,8f448346fe6211b0dfdd7f6f41ed89d17c00d944ec6f62a1ae47e46a84c1b62d,1396506,2017: MQ-9 Mods; 2018: MQ-9 Mods; 2019: MQ-9 Mods; 2020: MQ-9 Mods; 2021: MQ-9 Mods; 2022: MQ-9 Mods; 2023: MQ-9 Mods,MQ-9 Mods,1.00,7/7,R-DEC-ERA-SAME,same_program,,,,
PRDTB3|3010F|,PRDTB3,3010F,,2019,2023,A1,6,4f8928498a09b0268072262b4bb9d85d948fc8ffc6608396da6f7c579af64d94,134205,2019: MQ-9 UAS Payloads; 2020: MQ-9 UAS PAYLOADS | MQ-9 UAS Payloads; 2021: MQ-9 UAS Payloads; 2022: MQ-9 UAS Payloads; 2023: MQ-9 UAS Payloads,MQ-9 UAS Payloads,1.00,4/5,R-DEC-ERA-SAME,same_program,,,,
PRDTB5|3010F|,PRDTB5,3010F,,2023,2023,R1,1,e76cd433e1c7d0095da24db8612eb4f2de3e73eb383886a1a5b83c021c842eff,0,2023: MQ9 Post Prod,MQ-9 Post Prod,0.40,1/1,,,,,,
PROC|0390D|,PROC,0390D,,2017,2023,H,7,7e49428fe906a2ba221c836a53d34969bb822d0154f91a88f02f5d4d795a5f55,49646,2017: Chem Demilitarization - Proc; 2018: Chem Demilitarization - Proc; 2019: Chem Demilitarization - Proc; 2020: Chem Demilitarization - Proc; 2021: Chem Demilitarization - Proc; 2022: Chem Demilitarization - Proc; 2023: Chem Demilitarization - Proc,,,6/6,R-DEC-ERA-HISTORY,history_only,,,,
PTES00|3022F|,PTES00,3022F,,2022,2023,A1,2,bd22991d36c635e203d1342dda57945b57f0e928bd5c76a4443d78706069c4e1,0,2022: PTES HUB; 2023: PTES HUB,PTES HUB,1.00,2/2,R-DEC-ERA-SAME,same_program,,,,
Q020BR|3010F|,Q020BR,3010F,,2019,2023,A1,5,fd9115d4a34d17f865749c3ba92466b88fe33c682ff07cfa74c020707b0a2e38,39420,2019: RQ-20B Puma; 2020: RQ-20B Puma; 2021: RQ-20B Puma; 2022: RQ-20B Puma; 2023: RQ-20B Puma,RQ-20B Puma,1.00,4/4,R-DEC-ERA-SAME,same_program,,,,
RDT&E|0390D|,RDT&E,0390D,,2017,2023,UNSAFE,7,5533db56c60705e5a807a875e6077575b4b7f7c94a729787c2181c200f7201c8,5030464,2017: Chem Demilitarization - RDT&E; 2018: Chem Demilitarization - RDT&E; 2019: Chem Demilitarization - RDT&E; 2020: Chem Demilitarization - RDT&E; 2021: Chem Demilitarization - RDT&E; 2022: Chem Demilitarization - RDT&E; 2023: Chem Demilitarization - RDT&E,,,6/6,R-DEC-ERA-EXCLUDE,exclude_route_unsafe,,,,
RQ4DIS|3010F|,RQ4DIS,3010F,,2017,2023,A1,7,1c33c0431620e4f016b19297cdcd5bdab70b6d5df8fc8388977c6a7bf3d32acb,174061,2017: RQ-4 Post Production Charges; 2018: RQ-4 Post Production Charges; 2019: RQ-4 Post Production Charges; 2020: RQ-4 Post Production Charges; 2021: RQ-4 Post Production Charges; 2022: RQ-4 Post Production Charges; 2023: RQ-4 Post Production Charges,RQ-4 Post Production Charges,1.00,7/7,R-DEC-ERA-SAME,same_program,,,,
RSLP00|3021F|,RSLP00,3021F,,2019,2022,R2,4,d4506242db34422400980405dcc12ec1fdded672cf106b6d0d6d0d02123fe9f9,59082,2019: Rocket Systems Launch Program; 2020: Rocket Systems Launch Program; 2021: Rocket Systems Launch Program; 2022: Rocket Systems Launch Program,3022F: Rocket Systems Launch Program,,3/3,,,,,,
RSLP00|3022F|,RSLP00,3022F,,2021,2023,R3+A1,3,aeeff28599c9611557d436aa2cda3f42239f991fcfaf0e4bb01356356315db1f,47741,2021: Rocket Systems Launch Program; 2022: Rocket Systems Launch Program; 2023: Rocket Systems Launch Program,3022F: Rocket Systems Launch Program,1.00,3/3,,,,,,
SDALCH|3022F|,SDALCH,3022F,,2023,2023,A1,1,2b0b1acd9176ce1d7b85f1bf81baddf3c2366ef12f8e8183e9d2d443faa42278,0,2023: Space Development Agency Launch,Space Development Agency Launch,1.00,1/1,R-DEC-ERA-SAME,same_program,,,,
SDB000|3020F|,SDB000,3020F,,2017,2023,A1,11,51770cf1f0d1a1d3dd2557d6f96ee649e28a0e0d2a19cb0dcd44c2ae0f34df5f,1394618,2017: Small Diameter Bomb; 2018: Small Diameter Bomb; 2019: Small Diameter Bomb; 2020: Small Diameter Bomb; 2021: Small Diameter Bomb; 2022: Small Diameter Bomb; 2023: Small Diameter Bomb,Small Diameter Bomb,1.00,7/7,R-DEC-ERA-SAME,same_program,,,,
SDB002|3020F|,SDB002,3020F,,2019,2023,A1,5,d6e10b542705a7e5bef1156b6b8b70338e2a4c802a886d49d95c292567e162d9,469236,2019: SMALL DIAMETER BOMB II; 2020: SMALL DIAMETER BOMB II; 2021: SMALL DIAMETER BOMB II; 2022: SMALL DIAMETER BOMB II; 2023: SMALL DIAMETER BOMB II,SMALL DIAMETER BOMB II,1.00,5/5,R-DEC-ERA-SAME,same_program,,,,
SIAW24|3020F|,SIAW24,3020F,,2023,2023,A1,1,a318b0c2359a6b169acc50070b5b93fda049562bf59cc768cffeb72505479869,0,2023: Stand-In Attack Weapon (SIAW),Stand-In Attack Weapon (SIAW),1.00,1/1,R-DEC-ERA-SAME,same_program,,,,
SLC3SA|3010F|,SLC3SA,3010F,,2022,2023,A1,2,76415b02b6465d45121a6369c88d5108182b7fba4b373f391883b009f7557706,0,"2022: Senior Leader C3, System - Aircraft; 2023: Senior Leader C3, System - Aircraft",Senior Leader C3 System - Aircraft,1.00,2/2,R-DEC-ERA-SAME,same_program,,,,
SPCFNC|3021F|,SPCFNC,3021F,,2019,2022,H,4,889934e440fb11ac557fabee9e5abbcc24925bfbd9c2856cf1a8a619d8a887dd,104145,2019: space fence; 2020: space fence; 2021: space fence; 2022: space fence,,,3/3,R-DEC-ERA-HISTORY,history_only,,,,
SPCFNC|3022F|,SPCFNC,3022F,,2021,2023,H,3,4e54b46a0f6b8afd328c5ca4e24d040b099e5a5f86e315c6527e7a3b9f140a48,11279,2021: Space Fence; 2022: Space Fence; 2023: Space Fence,,,2/2,R-DEC-ERA-HISTORY,history_only,,,,
SPCMOD|3021F|,SPCMOD,3021F,,2017,2022,R2,6,35955d219e38be8ec5cf66e2b45d23aedfe2d86a390e3733c534c2204ccfc584,316625,2017: Space Mods; 2018: Space Mods; 2019: Space Mods; 2020: Space Mods; 2021: Space Mods; 2022: Space Mods,3022F: Space Mods,,5/5,owner-batch,,,,,
SPCMOD|3022F|,SPCMOD,3022F,,2021,2023,R3+A1,3,ff4d34c3a55535c2963ccf21b0e148055a0c67b1ec4a4a3c6f8d8c06b5ff5e48,76046,2021: Space Mods; 2022: Space Mods; 2023: Space Mods,3022F: Space Mods,1.00,3/3,,,,,,
SPRNGE|3021F|,SPRNGE,3021F,,2017,2022,R2,6,c8db14ffa3e3c468df858bca6f5b70f05eed0aac45eec3ed0ac4c44e200d63c2,571573,2017: Spacelift Range System Space; 2018: Spacelift Range System Space; 2019: Spacelift Range System Space; 2020: Spacelift Range System Space; 2021: Spacelift Range System Space; 2022: Spacelift Range System Space,3022F: Spacelift Range System Space,,5/5,owner-batch,,,,,
SPRNGE|3022F|,SPRNGE,3022F,,2021,2023,R3+A1,3,9c15776a5fb8f51d87830cb7d42cf35c7ca3e0c1fb0e7825f63836f9137cce1c,90492,2021: Spacelift Range System Space; 2022: Spacelift Range System Space; 2023: Spacelift Range System Space,3022F: Spacelift Range System Space,1.00,3/3,,,,,,
SSPARE|3021F|,SSPARE,3021F,,2017,2022,R2,6,7582cfb75ade1d9b21ed56eb2a6e822885b5f029fba33e280689cd4fb0170b28,53260,2017: Initial Spares/Repair Parts; 2018: Initial Spares/Repair Parts; 2019: Spares and Repair Parts; 2020: Spares and Repair Parts; 2021: Spares and Repair Parts; 2022: Spares and Repair Parts,3022F: Spares and Repair Parts,,4/5,,,,,,
SSPARE|3022F|,SSPARE,3022F,,2021,2023,R3+A1,3,95ee765ddf71cb5a8c23a9246f8a5f42b331b1899a6b391197f8035ca78a2559,1272,2021: Spares and Repair Parts; 2022: Spares and Repair Parts; 2023: Spares and Repair Parts,3022F: Spares and Repair Parts,1.00,3/3,,,,,,
T00100|3010F|,T00100,3010F,,2017,2023,A1,7,928696209dff9952bca6bedbeb1d28a8a614c9a535b1a3b468196ba0fc133b66,100991,2017: T-1; 2018: T-1; 2019: T-1; 2020: T-1; 2021: T-1; 2022: T-1; 2023: T-1,T-1,1.00,7/7,R-DEC-ERA-SAME,same_program,,,,
T03800|3010F|,T03800,3010F,,2017,2023,A1,7,b59784e5a0a6f9641c0497f09612a9ec3a31dc93c576c01379a38630abfa9d07,293450,2017: T-38; 2018: T-38; 2019: T-38; 2020: T-38; 2021: T-38; 2022: T-38; 2023: T-38,T-38,1.00,7/7,R-DEC-ERA-SAME,same_program,,,,
T053A0|3010F|,T053A0,3010F,,2018,2020,H,3,96be55b60fe92282f659873dc961795acb0c9bfc62d7a5593dc27e4dae4a7232,501,2018: T-53A Trainer; 2019: T-53A Trainer; 2020: T-53A Trainer,,,2/2,R-DEC-ERA-HISTORY,history_only,,,,
TITLE3|0360D|,TITLE3,0360D,,2017,2023,A1,7,6935afa3ff715fa95d60ab78fe3b314792d2b975e0633cbbaee1e4e96d32befe,675199,2017: Defense Production Act Purchases; 2018: Defense Production Act Purchases; 2019: Defense Production Act Purchases; 2020: Defense Production Act Purchases; 2021: Defense Production Act Purchases; 2022: Defense Production Act Purchases; 2023: Defense Production Act Purchases,Defense Production Act Purchases,1.00,5/7,R-DEC-ERA-SAME,same_program,,,,
V02200|3010F|,V02200,3010F,,2017,2023,A1,9,6f91dd1cb94b076a8e957ba81f1727a91a6ac8cad7d6915840b0038f486b56b5,502678,2017: CV-22 Mods; 2018: CV-22 Mods; 2019: CV-22 Mods; 2020: CV-22 Mods; 2021: CV-22 Mods; 2022: CV-22 Mods; 2023: CV-22 Mods,CV-22 Mods,1.00,7/7,R-DEC-ERA-SAME,same_program,,,,
V022A0|3010F|,V022A0,3010F,,2017,2023,H,5,8741e2e0c373095484efe84d74bbcc9073919982fa0c23bf07ff6c706dc80875,382720,2017: CV-22 (MYP); 2018: CV-22 (MYP); 2019: CV-22 (MYP); 2022: CV-22 Osprey; 2023: CV-22 Osprey,,,2/3,owner-batch,,,,,
V0AP00|3010F|,V0AP00,3010F,,2023,2023,H,1,6d151c021820e672f47a8b3c719ac8f7ed91db7ba0fa1f9dab09b019d8278479,0,2023: Agility Prime Procurement,,,0/0,R-DEC-ERA-HISTORY,history_only,,,,
